Stem,Status,Description,LineData
Leaf_Algal_Leaf_Algal_1,VALID,,
Leaf_Algal_Leaf_Algal_10,MISSING_LABEL,,No label file
Leaf_Algal_Leaf_Algal_100,MISSING_LABEL,,No label file
Leaf_Algal_Leaf_Algal_101,MISSING_LABEL,,No label file
Leaf_Algal_Leaf_Algal_102,VALID,,
Leaf_Algal_Leaf_Algal_103,MISSING_LABEL,,No label file
Leaf_Algal_Leaf_Algal_104,VALID,,
Leaf_Algal_Leaf_Algal_105,MISSING_LABEL,,No label file
Leaf_Algal_Leaf_Algal_106,VALID,,
Leaf_Algal_Leaf_Algal_107,VALID,,
Leaf_Algal_Leaf_Algal_108,VALID,,
Leaf_Algal_Leaf_Algal_109,MISSING_LABEL,,No label file
Leaf_Algal_Leaf_Algal_11,MISSING_LABEL,,No label file
Leaf_Algal_Leaf_Algal_110,VALID,,
Leaf_Algal_Leaf_Algal_111,MISSING_LABEL,,No label file
Leaf_Algal_Leaf_Algal_112,VALID,,
Leaf_Algal_Leaf_Algal_113,VALID,,
Leaf_Algal_Leaf_Algal_114,MISSING_LABEL,,No label file
Leaf_Algal_Leaf_Algal_115,MISSING_LABEL,,No label file
Leaf_Algal_Leaf_Algal_116,MISSING_LABEL,,No label file
Leaf_Algal_Leaf_Algal_117,VALID,,
Leaf_Algal_Leaf_Algal_118,MISSING_LABEL,,No label file
Leaf_Algal_Leaf_Algal_119,VALID,,
Leaf_Algal_Leaf_Algal_12,VALID,,
Leaf_Algal_Leaf_Algal_120,VALID,,
Leaf_Algal_Leaf_Algal_121,MISSING_LABEL,,No label file
Leaf_Algal_Leaf_Algal_122,MISSING_LABEL,,No label file
Leaf_Algal_Leaf_Algal_123,MISSING_LABEL,,No label file
Leaf_Algal_Leaf_Algal_124,VALID,,
Leaf_Algal_Leaf_Algal_125,VALID,,
Leaf_Algal_Leaf_Algal_126,VALID,,
Leaf_Algal_Leaf_Algal_127,VALID,,
Leaf_Algal_Leaf_Algal_128,VALID,,
Leaf_Algal_Leaf_Algal_129,VALID,,
Leaf_Algal_Leaf_Algal_13,MISSING_LABEL,,No label file
Leaf_Algal_Leaf_Algal_130,MISSING_LABEL,,No label file
Leaf_Algal_Leaf_Algal_131,VALID,,
Leaf_Algal_Leaf_Algal_132,VALID,,
Leaf_Algal_Leaf_Algal_133,MISSING_LABEL,,No label file
Leaf_Algal_Leaf_Algal_134,MISSING_LABEL,,No label file
Leaf_Algal_Leaf_Algal_135,MISSING_LABEL,,No label file
Leaf_Algal_Leaf_Algal_136,VALID,,
Leaf_Algal_Leaf_Algal_137,MISSING_LABEL,,No label file
Leaf_Algal_Leaf_Algal_138,MISSING_LABEL,,No label file
Leaf_Algal_Leaf_Algal_139,MISSING_LABEL,,No label file
Leaf_Algal_Leaf_Algal_14,MISSING_LABEL,,No label file
Leaf_Algal_Leaf_Algal_140,MISSING_LABEL,,No label file
Leaf_Algal_Leaf_Algal_141,MISSING_LABEL,,No label file
Leaf_Algal_Leaf_Algal_142,VALID,,
Leaf_Algal_Leaf_Algal_143,MISSING_LABEL,,No label file
Leaf_Algal_Leaf_Algal_144,MISSING_LABEL,,No label file
Leaf_Algal_Leaf_Algal_145,VALID,,
Leaf_Algal_Leaf_Algal_146,MISSING_LABEL,,No label file
Leaf_Algal_Leaf_Algal_147,MISSING_LABEL,,No label file
Leaf_Algal_Leaf_Algal_148,VALID,,
Leaf_Algal_Leaf_Algal_149,VALID,,
Leaf_Algal_Leaf_Algal_15,MISSING_LABEL,,No label file
Leaf_Algal_Leaf_Algal_150,MISSING_LABEL,,No label file
Leaf_Algal_Leaf_Algal_151,MISSING_LABEL,,No label file
Leaf_Algal_Leaf_Algal_152,MISSING_LABEL,,No label file
Leaf_Algal_Leaf_Algal_153,VALID,,
Leaf_Algal_Leaf_Algal_154,VALID,,
Leaf_Algal_Leaf_Algal_155,VALID,,
Leaf_Algal_Leaf_Algal_156,MISSING_LABEL,,No label file
Leaf_Algal_Leaf_Algal_157,MISSING_LABEL,,No label file
Leaf_Algal_Leaf_Algal_158,MISSING_LABEL,,No label file
Leaf_Algal_Leaf_Algal_159,MISSING_LABEL,,No label file
Leaf_Algal_Leaf_Algal_16,MISSING_LABEL,,No label file
Leaf_Algal_Leaf_Algal_160,MISSING_LABEL,,No label file
Leaf_Algal_Leaf_Algal_161,MISSING_LABEL,,No label file
Leaf_Algal_Leaf_Algal_162,MISSING_LABEL,,No label file
Leaf_Algal_Leaf_Algal_163,VALID,,
Leaf_Algal_Leaf_Algal_164,MISSING_LABEL,,No label file
Leaf_Algal_Leaf_Algal_165,VALID,,
Leaf_Algal_Leaf_Algal_166,VALID,,
Leaf_Algal_Leaf_Algal_167,VALID,,
Leaf_Algal_Leaf_Algal_168,MISSING_LABEL,,No label file
Leaf_Algal_Leaf_Algal_169,MISSING_LABEL,,No label file
Leaf_Algal_Leaf_Algal_17,VALID,,
Leaf_Algal_Leaf_Algal_170,MISSING_LABEL,,No label file
Leaf_Algal_Leaf_Algal_171,MISSING_LABEL,,No label file
Leaf_Algal_Leaf_Algal_172,VALID,,
Leaf_Algal_Leaf_Algal_173,VALID,,
Leaf_Algal_Leaf_Algal_174,MISSING_LABEL,,No label file
Leaf_Algal_Leaf_Algal_175,MISSING_LABEL,,No label file
Leaf_Algal_Leaf_Algal_176,MISSING_LABEL,,No label file
Leaf_Algal_Leaf_Algal_177,VALID,,
Leaf_Algal_Leaf_Algal_178,MISSING_LABEL,,No label file
Leaf_Algal_Leaf_Algal_179,MISSING_LABEL,,No label file
Leaf_Algal_Leaf_Algal_18,MISSING_LABEL,,No label file
Leaf_Algal_Leaf_Algal_180,MISSING_LABEL,,No label file
Leaf_Algal_Leaf_Algal_181,MISSING_LABEL,,No label file
Leaf_Algal_Leaf_Algal_182,MISSING_LABEL,,No label file
Leaf_Algal_Leaf_Algal_183,MISSING_LABEL,,No label file
Leaf_Algal_Leaf_Algal_184,MISSING_LABEL,,No label file
Leaf_Algal_Leaf_Algal_185,MISSING_LABEL,,No label file
Leaf_Algal_Leaf_Algal_186,VALID,,
Leaf_Algal_Leaf_Algal_187,VALID,,
Leaf_Algal_Leaf_Algal_188,VALID,,
Leaf_Algal_Leaf_Algal_189,MISSING_LABEL,,No label file
Leaf_Algal_Leaf_Algal_19,MISSING_LABEL,,No label file
Leaf_Algal_Leaf_Algal_190,MISSING_LABEL,,No label file
Leaf_Algal_Leaf_Algal_191,MISSING_LABEL,,No label file
Leaf_Algal_Leaf_Algal_192,VALID,,
Leaf_Algal_Leaf_Algal_193,VALID,,
Leaf_Algal_Leaf_Algal_194,MISSING_LABEL,,No label file
Leaf_Algal_Leaf_Algal_195,VALID,,
Leaf_Algal_Leaf_Algal_196,VALID,,
Leaf_Algal_Leaf_Algal_197,MISSING_LABEL,,No label file
Leaf_Algal_Leaf_Algal_198,VALID,,
Leaf_Algal_Leaf_Algal_199,MISSING_LABEL,,No label file
Leaf_Algal_Leaf_Algal_2,MISSING_LABEL,,No label file
Leaf_Algal_Leaf_Algal_20,VALID,,
Leaf_Algal_Leaf_Algal_200,MISSING_LABEL,,No label file
Leaf_Algal_Leaf_Algal_201,MISSING_LABEL,,No label file
Leaf_Algal_Leaf_Algal_202,MISSING_LABEL,,No label file
Leaf_Algal_Leaf_Algal_203,MISSING_LABEL,,No label file
Leaf_Algal_Leaf_Algal_204,MISSING_LABEL,,No label file
Leaf_Algal_Leaf_Algal_205,MISSING_LABEL,,No label file
Leaf_Algal_Leaf_Algal_206,MISSING_LABEL,,No label file
Leaf_Algal_Leaf_Algal_207,VALID,,
Leaf_Algal_Leaf_Algal_208,MISSING_LABEL,,No label file
Leaf_Algal_Leaf_Algal_209,MISSING_LABEL,,No label file
Leaf_Algal_Leaf_Algal_21,VALID,,
Leaf_Algal_Leaf_Algal_210,VALID,,
Leaf_Algal_Leaf_Algal_211,MISSING_LABEL,,No label file
Leaf_Algal_Leaf_Algal_212,MISSING_LABEL,,No label file
Leaf_Algal_Leaf_Algal_213,VALID,,
Leaf_Algal_Leaf_Algal_214,MISSING_LABEL,,No label file
Leaf_Algal_Leaf_Algal_215,MISSING_LABEL,,No label file
Leaf_Algal_Leaf_Algal_216,MISSING_LABEL,,No label file
Leaf_Algal_Leaf_Algal_217,MISSING_LABEL,,No label file
Leaf_Algal_Leaf_Algal_218,MISSING_LABEL,,No label file
Leaf_Algal_Leaf_Algal_219,MISSING_LABEL,,No label file
Leaf_Algal_Leaf_Algal_22,MISSING_LABEL,,No label file
Leaf_Algal_Leaf_Algal_220,VALID,,
Leaf_Algal_Leaf_Algal_221,MISSING_LABEL,,No label file
Leaf_Algal_Leaf_Algal_222,MISSING_LABEL,,No label file
Leaf_Algal_Leaf_Algal_223,VALID,,
Leaf_Algal_Leaf_Algal_224,VALID,,
Leaf_Algal_Leaf_Algal_225,MISSING_LABEL,,No label file
Leaf_Algal_Leaf_Algal_226,MISSING_LABEL,,No label file
Leaf_Algal_Leaf_Algal_227,VALID,,
Leaf_Algal_Leaf_Algal_228,MISSING_LABEL,,No label file
Leaf_Algal_Leaf_Algal_229,MISSING_LABEL,,No label file
Leaf_Algal_Leaf_Algal_23,MISSING_LABEL,,No label file
Leaf_Algal_Leaf_Algal_230,VALID,,
Leaf_Algal_Leaf_Algal_231,MISSING_LABEL,,No label file
Leaf_Algal_Leaf_Algal_232,MISSING_LABEL,,No label file
Leaf_Algal_Leaf_Algal_233,MISSING_LABEL,,No label file
Leaf_Algal_Leaf_Algal_234,MISSING_LABEL,,No label file
Leaf_Algal_Leaf_Algal_235,VALID,,
Leaf_Algal_Leaf_Algal_236,MISSING_LABEL,,No label file
Leaf_Algal_Leaf_Algal_237,MISSING_LABEL,,No label file
Leaf_Algal_Leaf_Algal_238,MISSING_LABEL,,No label file
Leaf_Algal_Leaf_Algal_239,MISSING_LABEL,,No label file
Leaf_Algal_Leaf_Algal_24,MISSING_LABEL,,No label file
Leaf_Algal_Leaf_Algal_240,MISSING_LABEL,,No label file
Leaf_Algal_Leaf_Algal_241,MISSING_LABEL,,No label file
Leaf_Algal_Leaf_Algal_242,MISSING_LABEL,,No label file
Leaf_Algal_Leaf_Algal_243,MISSING_LABEL,,No label file
Leaf_Algal_Leaf_Algal_244,MISSING_LABEL,,No label file
Leaf_Algal_Leaf_Algal_245,MISSING_LABEL,,No label file
Leaf_Algal_Leaf_Algal_246,MISSING_LABEL,,No label file
Leaf_Algal_Leaf_Algal_247,MISSING_LABEL,,No label file
Leaf_Algal_Leaf_Algal_248,VALID,,
Leaf_Algal_Leaf_Algal_249,MISSING_LABEL,,No label file
Leaf_Algal_Leaf_Algal_25,MISSING_LABEL,,No label file
Leaf_Algal_Leaf_Algal_250,VALID,,
Leaf_Algal_Leaf_Algal_251,MISSING_LABEL,,No label file
Leaf_Algal_Leaf_Algal_252,MISSING_LABEL,,No label file
Leaf_Algal_Leaf_Algal_253,MISSING_LABEL,,No label file
Leaf_Algal_Leaf_Algal_254,MISSING_LABEL,,No label file
Leaf_Algal_Leaf_Algal_255,MISSING_LABEL,,No label file
Leaf_Algal_Leaf_Algal_256,MISSING_LABEL,,No label file
Leaf_Algal_Leaf_Algal_257,MISSING_LABEL,,No label file
Leaf_Algal_Leaf_Algal_258,VALID,,
Leaf_Algal_Leaf_Algal_259,MISSING_LABEL,,No label file
Leaf_Algal_Leaf_Algal_26,MISSING_LABEL,,No label file
Leaf_Algal_Leaf_Algal_260,MISSING_LABEL,,No label file
Leaf_Algal_Leaf_Algal_261,MISSING_LABEL,,No label file
Leaf_Algal_Leaf_Algal_262,MISSING_LABEL,,No label file
Leaf_Algal_Leaf_Algal_263,MISSING_LABEL,,No label file
Leaf_Algal_Leaf_Algal_263_jpg.rf.3f7e7be7ffb5d0e25b99b4c7d6384c95,MALFORMED,Invalid part count,3 0.1328125 0 0.1890625 0 0.1921875 0.003125 0.19375 0.0234375 0.196875 0.025 0.1984375 0.05625 0.2015625 0.0578125 0.2015625 0.0671875 0.2046875 0.06875 0.2015625 0.071875 0.2046875 0.0734375 0.20625 0.096875 0.209375 0.0984375 0.2109375 0.1078125 0.2109375 0.1234375 0.2140625 0.125 0.2140625 0.1421875 0.2171875 0.14375 0.2140625 0.146875 0.2171875 0.1484375 0.2171875 0.1765625 0.2203125 0.1984375 0.2234375 0.1984375 0.225 0.19375 0.228125 0.1921875 0.228125 0.1875 0.2359375 0.1796875 0.2375 0.1703125 0.24375 0.1671875 0.2453125 0.1578125 0.253125 0.1515625 0.253125 0.1484375 0.2609375 0.1421875 0.2625 0.1375 0.26875 0.134375 0.26875 0.13125 0.2734375 0.1296875 0.2734375 0.125 0.290625 0.109375 0.2953125 0.1 0.3015625 0.0984375 0.3078125 0.090625 0.3109375 0.090625 0.3125 0.0859375 0.321875 0.08125 0.325 0.075 0.3296875 0.075 0.3328125 0.0703125 0.3390625 0.06875 0.34375 0.0625 0.3546875 0.0609375 0.3625 0.053125 0.36875 0.053125 0.3703125 0.05 0.3796875 0.0484375 0.38125 0.0453125 0.3984375 0.04375 0.4 0.040625 0.40625 0.040625 0.4078125 0.0375 0.434375 0.0359375 0.4375 0.03125 0.4375 0.0234375 0.440625 0.021875 0.440625 0.0109375 0.44375 0.009375 0.4453125 0 0.459375 0 0.4609375 0.0046875 0.4640625 0.00625 0.4609375 0.0078125 0.4609375 0.0234375 0.45625 0.0359375 0.459375 0.0375 0.4625 0.04375 0.471875 0.0484375 0.4765625 0.059375 0.48125 0.0625 0.48125 0.0671875 0.484375 0.06875 0.4859375 0.0765625 0.4921875 0.0828125 0.4984375 0.10625 0.5015625 0.1078125 0.5015625 0.1140625 0.5046875 0.115625 0.50625 0.1296875 0.509375 0.13125 0.5109375 0.1484375 0.5140625 0.15 0.5140625 0.159375 0.5171875 0.1609375 0.51875 0.19375 0.521875 0.1953125 0.521875 0.28125 0.51875 0.2828125 0.5171875 0.321875 0.5140625 0.3234375 0.5140625 0.334375 0.5109375 0.3359375 0.509375 0.3796875 0.50625 0.38125 0.5046875 0.4171875 0.5015625 0.41875 0.5015625 0.43125 0.4984375 0.4328125 0.496875 0.4640625 0.49375 0.465625 0.4921875 0.4890625 0.4890625 0.490625 0.4890625 0.4984375 0.4859375 0.5 0.484375 0.5265625 0.48125 0.528125 0.4796875 0.546875 0.4765625 0.5484375 0.4765625 0.5609375 0.4734375 0.5625 0.471875 0.58125 0.46875 0.5828125 0.4671875 0.5984375 0.4640625 0.6 0.4640625 0.6109375 0.4609375 0.6125 0.4609375 0.621875 0.459375 0.6296875 0.45625 0.63125 0.4546875 0.6484375 0.4515625 0.65 0.4515625 0.659375 0.4484375 0.6609375 0.446875 0.6765625 0.44375 0.678125 0.4421875 0.6984375 0.4390625 0.7 0.4390625 0.70625 0.4359375 0.7078125 0.434375 0.7265625 0.43125 0.728125 0.4296875 0.74375 0.4265625 0.7453125 0.4265625 0.7515625 0.4234375 0.753125 0.421875 0.7640625 0.41875 0.765625 0.4171875 0.7734375 0.4140625 0.775 0.4140625 0.7796875 0.4109375 0.78125 0.4109375 0.7859375 0.40625 0.790625 0.4046875 0.7984375 0.4015625 0.8 0.4015625 0.80625 0.3984375 0.8078125 0.396875 0.8140625 0.39375 0.815625 0.3921875 0.8234375 0.3890625 0.825 0.3890625 0.8296875 0.384375 0.8328125 0.3796875 0.84375 0.36875 0.853125 0.3671875 0.859375 0.3609375 0.8625 0.35625 0.871875 0.3359375 0.890625 0.334375 0.896875 0.33125 0.8984375 0.33125 0.9015625 0.340625 0.9109375 0.346875 0.9125 0.353125 0.91875 0.3609375 0.91875 0.3671875 0.9203125 0.36875 0.9234375 0.3796875 0.925 0.3921875 0.9359375 0.38125 0.946875 0.3703125 0.9484375 0.3671875 0.9546875 0.353125 0.9609375 0.3484375 0.965625 0.346875 0.971875 0.3375 0.9734375 0.334375 0.978125 0.334375 0.984375 0.3234375 0.9890625 0.321875 0.99375 0.3140625 0.9921875 0.2953125 0.99375 0.2921875 0.9890625 0.28125 0.9890625 0.2796875 0.99375 0.26875 0.99375 0.2671875 0.996875 0.2609375 0.99375 0.259375 0.996875 0.240625 0.9984375 0.2359375 0.996875 0.2296875 0.9890625 0.225 0.9890625 0.2234375 0.9921875 0.2203125 0.9890625 0.2171875 0.996875 0.20625 0.996875 0.2046875 0.99375 0.19375 0.996875 0.1921875 0.99375 0.18125 0.9921875 0.1796875 0.9890625 0.1765625 0.990625 0.1765625 0.99375 0.1734375 0.99375 0.175 0.9921875 0.1734375 0.9890625 0.15625 0.9890625 0.153125 0.99375 0.153125 0.990625 0.15 0.9890625 0.1484375 0.99375 0.1328125 0.99375 0.13125 0.996875 0.103125 0.9984375 0.0984375 0.996875 0.096875 0.99375 0.090625 0.99375 0.0890625 0.9890625 0.0734375 0.9890625 0.071875 0.990625 0.0734375 0.99375 0.06875 0.99375 0.0671875 0.9890625 0.0578125 0.9890625 0.0578125 0.98125 0.0609375 0.9796875 0.0625 0.975 0.05625 0.971875 0.0484375 0.971875 0.04375 0.9765625 0.0421875 0.9734375 0.0359375 0.975 0.034375 0.98125 0.0390625 0.9890625 0.0359375 0.990625 0.0359375 0.99375 0.025 0.996875 0.0234375 0.990625 0.01875 0.9890625 0.0171875 0.98125 0.00625 0.98125 0.0046875 0.984375 0 0.98125 0 0.95 0.0046875 0.95 0.0078125 0.946875 0.00625 0.940625 0 0.9390625 0 0.9359375 0.003125 0.934375 0.003125 0.93125 0.0140625 0.93125 0.015625 0.928125 0.028125 0.9265625 0.0265625 0.9234375 0.0203125 0.921875 0.01875 0.9109375 0.021875 0.9109375 0.01875 0.9140625 0.0234375 0.91875 0.0296875 0.9203125 0.0296875 0.9265625 0.0359375 0.928125 0.034375 0.93125 0.0375 0.9359375 0.0484375 0.9359375 0.05 0.9328125 0.05625 0.9296875 0.053125 0.925 0.0609375 0.9234375 0.065625 0.91875 0.065625 0.915625 0.0625 0.9140625 0.0609375 0.90625 0.03125 0.9046875 0.03125 0.9 0.025 0.8984375 0.025 0.8953125 0.028125 0.89375 0.0265625 0.8921875 0.0171875 0.89375 0 0.8921875 0 0.8375 0.0171875 0.8359375 0.01875 0.8328125 0.0203125 0.8359375 0.0234375 0.8359375 0.025 0.8328125 0.040625 0.83125 0.053125 0.8328125 0.06875 0.8328125 0.0703125 0.83125 0.1046875 0.8328125 0.10625 0.83125 0.1078125 0.8328125 0.1234375 0.8328125 0.125 0.8359375 0.1390625 0.8359375 0.140625 0.8328125 0.1515625 0.8328125 0.153125 0.8359375 0.1640625 0.8375 0.1671875 0.84375 0.16875 0.8453125 0.1703125 0.84375 0.16875 0.828125 0.165625 0.8265625 0.165625 0.8203125 0.1625 0.81875 0.1609375 0.8109375 0.1578125 0.809375 0.15625 0.8 0.153125 0.7984375 0.153125 0.79375 0.15 0.7921875 0.1484375 0.78125 0.1453125 0.7796875 0.14375 0.7609375 0.140625 0.759375 0.140625 0.7484375 0.1375 0.746875 0.1359375 0.728125 0.1328125 0.7265625 0.13125 0.71875 0.13125 0.7078125 0.128125 0.70625 0.128125 0.6328125 0.13125 0.63125 0.1328125 0.5359375 0.1359375 0.534375 0.1375 0.515625 0.140625 0.5140625 0.140625 0.4953125 0.14375 0.49375 0.14375 0.478125 0.1421875 0.4765625 0.1390625 0.478125 0.1390625 0.48125 0.1359375 0.4828125 0.134375 0.4921875 0.128125 0.4890625 0.1265625 0.4859375 0.1203125 0.484375 0.1078125 0.471875 0.10625 0.465625 0.0953125 0.45625 0.0953125 0.453125 0.103125 0.4453125 0.090625 0.4421875 0.0828125 0.434375 0.08125 0.428125 0.0765625 0.4234375 0.065625 0.421875 0.0625 0.41875 0.0609375 0.4109375 0.0578125 0.409375 0.05625 0.4046875 0.05625 0.3984375 0.053125 0.396875 0.053125 0.3875 0.05 0.3859375 0.0484375 0.378125 0.0453125 0.3765625 0.04375 0.365625 0.040625 0.3640625 0.040625 0.3578125 0.0375 0.35625 0.03125 0.3328125 0.028125 0.33125 0.028125 0.325 0.025 0.3234375 0.0234375 0.3125 0.0203125 0.3109375 0.01875 0.2984375 0.015625 0.296875 0.015625 0.290625 0.0125 0.2890625 0.0109375 0.2734375 0.0078125 0.271875 0.00625 0.253125 0.003125 0.2515625 0.003125 0.2453125 0 0.24375 0 0.1609375 0.0109375 0.1546875 0.0109375 0.15 0.00625 0.1484375 0.00625 0.14375 0 0.1390625 0 0.0953125 0.003125 0.09375 0.003125 0.090625 0 0.0890625 0.003125 0.0859375 0 0.084375 0 0.0578125 0.003125 0.05625 0.00625 0.05 0.0421875 0.0484375 0.04375 0.0453125 0.05 0.04375 0.09375 0.04375 0.0953125 0.040625 0.10625 0.040625 0.1109375 0.0359375 0.1171875 0.0359375 0.1234375 0.0296875 0.125 0.0203125 0.128125 0.01875 0.128125 0.0078125 0.13125 0.00625 0.1328125 0.0015625
Leaf_Algal_Leaf_Algal_263_jpg.rf.b05adc1fcb240bb916dada346070968a,MALFORMED,Invalid part count,3 0.5390625 0 0.553125 0 0.5546875 0.009375 0.5578125 0.0109375 0.5578125 0.021875 0.5609375 0.0234375 0.5609375 0.03125 0.5640625 0.0359375 0.590625 0.0375 0.5921875 0.040625 0.5984375 0.040625 0.6 0.04375 0.6171875 0.0453125 0.61875 0.0484375 0.628125 0.05 0.6296875 0.053125 0.6359375 0.053125 0.64375 0.0609375 0.6546875 0.0625 0.659375 0.06875 0.665625 0.0703125 0.66875 0.075 0.6734375 0.075 0.6765625 0.08125 0.6828125 0.0828125 0.6875 0.090625 0.690625 0.090625 0.696875 0.0984375 0.703125 0.1 0.7078125 0.109375 0.725 0.125 0.725 0.1296875 0.7296875 0.13125 0.7296875 0.134375 0.7359375 0.1375 0.7375 0.1421875 0.7453125 0.1484375 0.7453125 0.1515625 0.753125 0.1578125 0.7546875 0.1671875 0.7609375 0.1703125 0.7625 0.1796875 0.7703125 0.1875 0.7703125 0.1921875 0.7734375 0.19375 0.775 0.1984375 0.7796875 0.196875 0.78125 0.1484375 0.784375 0.146875 0.78125 0.14375 0.784375 0.1421875 0.784375 0.125 0.7875 0.1234375 0.7890625 0.0984375 0.7921875 0.096875 0.7921875 0.08125 0.79375 0.0734375 0.796875 0.071875 0.79375 0.06875 0.796875 0.0671875 0.796875 0.0578125 0.8 0.05625 0.8015625 0.025 0.8046875 0.0234375 0.80625 0.003125 0.809375 0 0.865625 0 0.8671875 0.00625 0.8703125 0.0078125 0.8703125 0.01875 0.8734375 0.0203125 0.875 0.0296875 0.88125 0.0359375 0.8875 0.0359375 0.8921875 0.040625 0.903125 0.040625 0.9046875 0.04375 0.9484375 0.04375 0.9546875 0.0453125 0.95625 0.0484375 0.9921875 0.05 0.9953125 0.05625 0.9984375 0.0578125 0.9984375 0.084375 0.9953125 0.0859375 0.9984375 0.0875 0.9953125 0.090625 0.9953125 0.09375 0.9984375 0.0953125 0.9984375 0.1390625 0.9921875 0.14375 0.9921875 0.1484375 0.9875 0.15 0.9875 0.1546875 0.9984375 0.1609375 0.9984375 0.24375 0.9953125 0.2453125 0.9953125 0.2515625 0.9921875 0.253125 0.990625 0.271875 0.9875 0.2734375 0.9859375 0.2890625 0.9828125 0.290625 0.9828125 0.296875 0.9796875 0.2984375 0.978125 0.3109375 0.975 0.3125 0.9734375 0.3234375 0.9703125 0.325 0.9703125 0.33125 0.9671875 0.3328125 0.965625 0.34375 0.9625 0.3453125 0.9609375 0.35625 0.9578125 0.3578125 0.9578125 0.3640625 0.9546875 0.365625 0.953125 0.3703125 0.953125 0.3765625 0.95 0.378125 0.9484375 0.3859375 0.9453125 0.3875 0.9453125 0.396875 0.9421875 0.3984375 0.9421875 0.4046875 0.940625 0.409375 0.9375 0.4109375 0.9359375 0.41875 0.9328125 0.421875 0.921875 0.4234375 0.9171875 0.428125 0.915625 0.434375 0.9078125 0.4421875 0.8953125 0.4453125 0.903125 0.453125 0.903125 0.45625 0.8921875 0.465625 0.890625 0.471875 0.878125 0.484375 0.871875 0.4859375 0.8703125 0.4890625 0.8640625 0.4921875 0.8625 0.4828125 0.859375 0.48125 0.8578125 0.4765625 0.8546875 0.478125 0.8546875 0.49375 0.8578125 0.4953125 0.8578125 0.5140625 0.8609375 0.515625 0.8625 0.534375 0.865625 0.5359375 0.8671875 0.63125 0.8703125 0.6328125 0.8703125 0.70625 0.8671875 0.7078125 0.8671875 0.71875 0.865625 0.7265625 0.8625 0.728125 0.8609375 0.746875 0.8578125 0.7484375 0.8578125 0.759375 0.8546875 0.7609375 0.853125 0.7796875 0.85 0.78125 0.8484375 0.7921875 0.8453125 0.79375 0.8453125 0.7984375 0.8421875 0.8 0.8421875 0.8046875 0.840625 0.809375 0.8375 0.8109375 0.8359375 0.81875 0.8328125 0.8203125 0.8328125 0.8265625 0.8296875 0.828125 0.828125 0.8375 0.8296875 0.8453125 0.834375 0.8375 0.8453125 0.8359375 0.846875 0.8328125 0.8578125 0.8328125 0.859375 0.8359375 0.8734375 0.8359375 0.875 0.8328125 0.890625 0.8328125 0.8921875 0.83125 0.89375 0.8328125 0.9578125 0.83125 0.9734375 0.8328125 0.975 0.8359375 0.978125 0.8359375 0.9796875 0.8328125 0.98125 0.8359375 0.9984375 0.8375 0.9984375 0.8921875 0.9921875 0.89375 0.971875 0.8921875 0.9703125 0.89375 0.9734375 0.8953125 0.9734375 0.8984375 0.96875 0.8984375 0.9671875 0.9046875 0.9375 0.90625 0.9359375 0.9078125 0.9375 0.9109375 0.9328125 0.915625 0.9328125 0.91875 0.9375 0.9234375 0.9453125 0.925 0.9421875 0.9296875 0.9484375 0.9328125 0.95 0.9359375 0.9609375 0.9359375 0.9640625 0.93125 0.9625 0.928125 0.9671875 0.928125 0.96875 0.9203125 0.975 0.91875 0.9796875 0.9140625 0.9765625 0.9109375 0.9796875 0.9109375 0.978125 0.921875 0.971875 0.9234375 0.9703125 0.9265625 0.9828125 0.928125 0.984375 0.93125 0.9953125 0.93125 0.9953125 0.934375 0.9984375 0.9359375 0.9984375 0.9390625 0.99375 0.9390625 0.990625 0.94375 0.99375 0.95 0.9984375 0.95 0.9984375 0.98125 0.9953125 0.984375 0.9921875 0.98125 0.98125 0.98125 0.9796875 0.9890625 0.975 0.990625 0.9734375 0.996875 0.9625 0.99375 0.9625 0.990625 0.959375 0.9890625 0.9640625 0.98125 0.9625 0.975 0.95625 0.9734375 0.9546875 0.9765625 0.95 0.971875 0.9421875 0.971875 0.9359375 0.975 0.9375 0.9796875 0.940625 0.98125 0.940625 0.9890625 0.93125 0.9890625 0.9296875 0.99375 0.925 0.99375 0.9265625 0.9921875 0.925 0.9890625 0.909375 0.9890625 0.9078125 0.99375 0.9015625 0.99375 0.9 0.996875 0.8953125 0.9984375 0.8921875 0.996875 0.8796875 0.9984375 0.8671875 0.996875 0.865625 0.99375 0.85 0.99375 0.8484375 0.9890625 0.8453125 0.990625 0.8453125 0.99375 0.8421875 0.9890625 0.825 0.9890625 0.8234375 0.990625 0.825 0.99375 0.821875 0.99375 0.821875 0.990625 0.81875 0.9890625 0.8171875 0.9921875 0.80625 0.99375 0.8046875 0.996875 0.8 0.996875 0.7984375 0.99375 0.79375 0.99375 0.7921875 0.996875 0.78125 0.996875 0.778125 0.9890625 0.775 0.9921875 0.7734375 0.9890625 0.76875 0.9890625 0.7625 0.996875 0.7578125 0.9984375 0.7390625 0.996875 0.7375 0.99375 0.73125 0.996875 0.7296875 0.99375 0.71875 0.99375 0.7171875 0.9890625 0.70625 0.9890625 0.703125 0.99375 0.6875 0.99375 0.6859375 0.9921875 0.6765625 0.99375 0.675 0.9890625 0.6640625 0.984375 0.6640625 0.978125 0.6609375 0.9734375 0.6515625 0.971875 0.65 0.965625 0.6453125 0.9609375 0.63125 0.9546875 0.628125 0.9484375 0.6171875 0.946875 0.60625 0.9359375 0.61875 0.925 0.625 0.925 0.6375 0.91875 0.6453125 0.91875 0.6515625 0.9125 0.6578125 0.9109375 0.6671875 0.9015625 0.6671875 0.8984375 0.6640625 0.896875 0.6625 0.890625 0.6421875 0.871875 0.6375 0.8625 0.63125 0.859375 0.6296875 0.853125 0.61875 0.84375 0.6171875 0.8375 0.609375 0.8296875 0.609375 0.825 0.60625 0.8234375 0.6046875 0.815625 0.596875 0.80625 0.596875 0.8 0.59375 0.7984375 0.5921875 0.790625 0.5890625 0.7890625 0.5875 0.78125 0.584375 0.7796875 0.584375 0.775 0.58125 0.7734375 0.5796875 0.765625 0.5765625 0.7640625 0.5765625 0.7578125 0.575 0.753125 0.571875 0.7515625 0.571875 0.7453125 0.56875 0.74375 0.5671875 0.728125 0.5640625 0.7265625 0.5625 0.7078125 0.559375 0.70625 0.559375 0.7 0.55625 0.6984375 0.5546875 0.678125 0.5515625 0.6765625 0.55 0.6609375 0.546875 0.659375 0.546875 0.65 0.54375 0.6484375 0.5421875 0.63125 0.5390625 0.6296875 0.5375 0.6125 0.534375 0.6109375 0.534375 0.6 0.53125 0.5984375 0.5296875 0.5828125 0.5265625 0.58125 0.525 0.5625 0.521875 0.5609375 0.521875 0.5484375 0.51875 0.546875 0.5171875 0.528125 0.5140625 0.5265625 0.5125 0.5 0.509375 0.4984375 0.509375 0.490625 0.50625 0.4890625 0.5046875 0.465625 0.5015625 0.4640625 0.5 0.4328125 0.496875 0.43125 0.496875 0.41875 0.49375 0.4171875 0.4921875 0.38125 0.4890625 0.3796875 0.4875 0.3359375 0.484375 0.334375 0.484375 0.3234375 0.48125 0.321875 0.4796875 0.2828125 0.4765625 0.28125 0.4765625 0.1953125 0.4796875 0.19375 0.48125 0.1609375 0.484375 0.159375 0.484375 0.15 0.4875 0.1484375 0.4890625 0.13125 0.4921875 0.1296875 0.49375 0.115625 0.496875 0.1140625 0.496875 0.1078125 0.5 0.10625 0.50625 0.0828125 0.5125 0.0765625 0.5140625 0.06875 0.5171875 0.0671875 0.5171875 0.0625 0.525 0.0546875 0.5265625 0.0484375 0.5359375 0.04375 0.5390625 0.0375 0.5421875 0.0359375 0.5375 0.0234375 0.5375 0.0078125 0.534375 0.00625 0.5390625 0.0015625
Leaf_Algal_Leaf_Algal_263_jpg.rf.b41fb3b0b25d2f8f363d09b329972c73,MALFORMED,Invalid part count,3 0.1328125 0 0.1890625 0 0.1921875 0.003125 0.19375 0.0234375 0.196875 0.025 0.1984375 0.05625 0.2015625 0.0578125 0.2015625 0.0671875 0.2046875 0.06875 0.2015625 0.071875 0.2046875 0.0734375 0.20625 0.096875 0.209375 0.0984375 0.2109375 0.1078125 0.2109375 0.1234375 0.2140625 0.125 0.2140625 0.1421875 0.2171875 0.14375 0.2140625 0.146875 0.2171875 0.1484375 0.2171875 0.1765625 0.2203125 0.1984375 0.2234375 0.1984375 0.225 0.19375 0.228125 0.1921875 0.228125 0.1875 0.2359375 0.1796875 0.2375 0.1703125 0.24375 0.1671875 0.2453125 0.1578125 0.253125 0.1515625 0.253125 0.1484375 0.2609375 0.1421875 0.2625 0.1375 0.26875 0.134375 0.26875 0.13125 0.2734375 0.1296875 0.2734375 0.125 0.290625 0.109375 0.2953125 0.1 0.3015625 0.0984375 0.3078125 0.090625 0.3109375 0.090625 0.3125 0.0859375 0.321875 0.08125 0.325 0.075 0.3296875 0.075 0.3328125 0.0703125 0.3390625 0.06875 0.34375 0.0625 0.3546875 0.0609375 0.3625 0.053125 0.36875 0.053125 0.3703125 0.05 0.3796875 0.0484375 0.38125 0.0453125 0.3984375 0.04375 0.4 0.040625 0.40625 0.040625 0.4078125 0.0375 0.434375 0.0359375 0.4375 0.03125 0.4375 0.0234375 0.440625 0.021875 0.440625 0.0109375 0.44375 0.009375 0.4453125 0 0.459375 0 0.4609375 0.0046875 0.4640625 0.00625 0.4609375 0.0078125 0.4609375 0.0234375 0.45625 0.0359375 0.459375 0.0375 0.4625 0.04375 0.471875 0.0484375 0.4765625 0.059375 0.48125 0.0625 0.48125 0.0671875 0.484375 0.06875 0.4859375 0.0765625 0.4921875 0.0828125 0.4984375 0.10625 0.5015625 0.1078125 0.5015625 0.1140625 0.5046875 0.115625 0.50625 0.1296875 0.509375 0.13125 0.5109375 0.1484375 0.5140625 0.15 0.5140625 0.159375 0.5171875 0.1609375 0.51875 0.19375 0.521875 0.1953125 0.521875 0.28125 0.51875 0.2828125 0.5171875 0.321875 0.5140625 0.3234375 0.5140625 0.334375 0.5109375 0.3359375 0.509375 0.3796875 0.50625 0.38125 0.5046875 0.4171875 0.5015625 0.41875 0.5015625 0.43125 0.4984375 0.4328125 0.496875 0.4640625 0.49375 0.465625 0.4921875 0.4890625 0.4890625 0.490625 0.4890625 0.4984375 0.4859375 0.5 0.484375 0.5265625 0.48125 0.528125 0.4796875 0.546875 0.4765625 0.5484375 0.4765625 0.5609375 0.4734375 0.5625 0.471875 0.58125 0.46875 0.5828125 0.4671875 0.5984375 0.4640625 0.6 0.4640625 0.6109375 0.4609375 0.6125 0.4609375 0.621875 0.459375 0.6296875 0.45625 0.63125 0.4546875 0.6484375 0.4515625 0.65 0.4515625 0.659375 0.4484375 0.6609375 0.446875 0.6765625 0.44375 0.678125 0.4421875 0.6984375 0.4390625 0.7 0.4390625 0.70625 0.4359375 0.7078125 0.434375 0.7265625 0.43125 0.728125 0.4296875 0.74375 0.4265625 0.7453125 0.4265625 0.7515625 0.4234375 0.753125 0.421875 0.7640625 0.41875 0.765625 0.4171875 0.7734375 0.4140625 0.775 0.4140625 0.7796875 0.4109375 0.78125 0.4109375 0.7859375 0.40625 0.790625 0.4046875 0.7984375 0.4015625 0.8 0.4015625 0.80625 0.3984375 0.8078125 0.396875 0.8140625 0.39375 0.815625 0.3921875 0.8234375 0.3890625 0.825 0.3890625 0.8296875 0.384375 0.8328125 0.3796875 0.84375 0.36875 0.853125 0.3671875 0.859375 0.3609375 0.8625 0.35625 0.871875 0.3359375 0.890625 0.334375 0.896875 0.33125 0.8984375 0.33125 0.9015625 0.340625 0.9109375 0.346875 0.9125 0.353125 0.91875 0.3609375 0.91875 0.3671875 0.9203125 0.36875 0.9234375 0.3796875 0.925 0.3921875 0.9359375 0.38125 0.946875 0.3703125 0.9484375 0.3671875 0.9546875 0.353125 0.9609375 0.3484375 0.965625 0.346875 0.971875 0.3375 0.9734375 0.334375 0.978125 0.334375 0.984375 0.3234375 0.9890625 0.321875 0.99375 0.3140625 0.9921875 0.2953125 0.99375 0.2921875 0.9890625 0.28125 0.9890625 0.2796875 0.99375 0.26875 0.99375 0.2671875 0.996875 0.2609375 0.99375 0.259375 0.996875 0.240625 0.9984375 0.2359375 0.996875 0.2296875 0.9890625 0.225 0.9890625 0.2234375 0.9921875 0.2203125 0.9890625 0.2171875 0.996875 0.20625 0.996875 0.2046875 0.99375 0.19375 0.996875 0.1921875 0.99375 0.18125 0.9921875 0.1796875 0.9890625 0.1765625 0.990625 0.1765625 0.99375 0.1734375 0.99375 0.175 0.9921875 0.1734375 0.9890625 0.15625 0.9890625 0.153125 0.99375 0.153125 0.990625 0.15 0.9890625 0.1484375 0.99375 0.1328125 0.99375 0.13125 0.996875 0.103125 0.9984375 0.0984375 0.996875 0.096875 0.99375 0.090625 0.99375 0.0890625 0.9890625 0.0734375 0.9890625 0.071875 0.990625 0.0734375 0.99375 0.06875 0.99375 0.0671875 0.9890625 0.0578125 0.9890625 0.0578125 0.98125 0.0609375 0.9796875 0.0625 0.975 0.05625 0.971875 0.0484375 0.971875 0.04375 0.9765625 0.0421875 0.9734375 0.0359375 0.975 0.034375 0.98125 0.0390625 0.9890625 0.0359375 0.990625 0.0359375 0.99375 0.025 0.996875 0.0234375 0.990625 0.01875 0.9890625 0.0171875 0.98125 0.00625 0.98125 0.0046875 0.984375 0 0.98125 0 0.95 0.0046875 0.95 0.0078125 0.946875 0.00625 0.940625 0 0.9390625 0 0.9359375 0.003125 0.934375 0.003125 0.93125 0.0140625 0.93125 0.015625 0.928125 0.028125 0.9265625 0.0265625 0.9234375 0.0203125 0.921875 0.01875 0.9109375 0.021875 0.9109375 0.01875 0.9140625 0.0234375 0.91875 0.0296875 0.9203125 0.0296875 0.9265625 0.0359375 0.928125 0.034375 0.93125 0.0375 0.9359375 0.0484375 0.9359375 0.05 0.9328125 0.05625 0.9296875 0.053125 0.925 0.0609375 0.9234375 0.065625 0.91875 0.065625 0.915625 0.0625 0.9140625 0.0609375 0.90625 0.03125 0.9046875 0.03125 0.9 0.025 0.8984375 0.025 0.8953125 0.028125 0.89375 0.0265625 0.8921875 0.0171875 0.89375 0 0.8921875 0 0.8375 0.0171875 0.8359375 0.01875 0.8328125 0.0203125 0.8359375 0.0234375 0.8359375 0.025 0.8328125 0.040625 0.83125 0.053125 0.8328125 0.06875 0.8328125 0.0703125 0.83125 0.1046875 0.8328125 0.10625 0.83125 0.1078125 0.8328125 0.1234375 0.8328125 0.125 0.8359375 0.1390625 0.8359375 0.140625 0.8328125 0.1515625 0.8328125 0.153125 0.8359375 0.1640625 0.8375 0.1671875 0.84375 0.16875 0.8453125 0.1703125 0.84375 0.16875 0.828125 0.165625 0.8265625 0.165625 0.8203125 0.1625 0.81875 0.1609375 0.8109375 0.1578125 0.809375 0.15625 0.8 0.153125 0.7984375 0.153125 0.79375 0.15 0.7921875 0.1484375 0.78125 0.1453125 0.7796875 0.14375 0.7609375 0.140625 0.759375 0.140625 0.7484375 0.1375 0.746875 0.1359375 0.728125 0.1328125 0.7265625 0.13125 0.71875 0.13125 0.7078125 0.128125 0.70625 0.128125 0.6328125 0.13125 0.63125 0.1328125 0.5359375 0.1359375 0.534375 0.1375 0.515625 0.140625 0.5140625 0.140625 0.4953125 0.14375 0.49375 0.14375 0.478125 0.1421875 0.4765625 0.1390625 0.478125 0.1390625 0.48125 0.1359375 0.4828125 0.134375 0.4921875 0.128125 0.4890625 0.1265625 0.4859375 0.1203125 0.484375 0.1078125 0.471875 0.10625 0.465625 0.0953125 0.45625 0.0953125 0.453125 0.103125 0.4453125 0.090625 0.4421875 0.0828125 0.434375 0.08125 0.428125 0.0765625 0.4234375 0.065625 0.421875 0.0625 0.41875 0.0609375 0.4109375 0.0578125 0.409375 0.05625 0.4046875 0.05625 0.3984375 0.053125 0.396875 0.053125 0.3875 0.05 0.3859375 0.0484375 0.378125 0.0453125 0.3765625 0.04375 0.365625 0.040625 0.3640625 0.040625 0.3578125 0.0375 0.35625 0.03125 0.3328125 0.028125 0.33125 0.028125 0.325 0.025 0.3234375 0.0234375 0.3125 0.0203125 0.3109375 0.01875 0.2984375 0.015625 0.296875 0.015625 0.290625 0.0125 0.2890625 0.0109375 0.2734375 0.0078125 0.271875 0.00625 0.253125 0.003125 0.2515625 0.003125 0.2453125 0 0.24375 0 0.1609375 0.0109375 0.1546875 0.0109375 0.15 0.00625 0.1484375 0.00625 0.14375 0 0.1390625 0 0.0953125 0.003125 0.09375 0.003125 0.090625 0 0.0890625 0.003125 0.0859375 0 0.084375 0 0.0578125 0.003125 0.05625 0.00625 0.05 0.0421875 0.0484375 0.04375 0.0453125 0.05 0.04375 0.09375 0.04375 0.0953125 0.040625 0.10625 0.040625 0.1109375 0.0359375 0.1171875 0.0359375 0.1234375 0.0296875 0.125 0.0203125 0.128125 0.01875 0.128125 0.0078125 0.13125 0.00625 0.1328125 0.0015625
Leaf_Algal_Leaf_Algal_264,MISSING_LABEL,,No label file
Leaf_Algal_Leaf_Algal_265,VALID,,
Leaf_Algal_Leaf_Algal_266,VALID,,
Leaf_Algal_Leaf_Algal_267,VALID,,
Leaf_Algal_Leaf_Algal_268,VALID,,
Leaf_Algal_Leaf_Algal_269,VALID,,
Leaf_Algal_Leaf_Algal_27,VALID,,
Leaf_Algal_Leaf_Algal_270,MISSING_LABEL,,No label file
Leaf_Algal_Leaf_Algal_271,MISSING_LABEL,,No label file
Leaf_Algal_Leaf_Algal_272,VALID,,
Leaf_Algal_Leaf_Algal_273,MISSING_LABEL,,No label file
Leaf_Algal_Leaf_Algal_274,VALID,,
Leaf_Algal_Leaf_Algal_275,VALID,,
Leaf_Algal_Leaf_Algal_276,MISSING_LABEL,,No label file
Leaf_Algal_Leaf_Algal_277,MISSING_LABEL,,No label file
Leaf_Algal_Leaf_Algal_278,VALID,,
Leaf_Algal_Leaf_Algal_279,VALID,,
Leaf_Algal_Leaf_Algal_28,VALID,,
Leaf_Algal_Leaf_Algal_280,VALID,,
Leaf_Algal_Leaf_Algal_281,MISSING_LABEL,,No label file
Leaf_Algal_Leaf_Algal_282,MISSING_LABEL,,No label file
Leaf_Algal_Leaf_Algal_283,VALID,,
Leaf_Algal_Leaf_Algal_284,MISSING_LABEL,,No label file
Leaf_Algal_Leaf_Algal_285,MISSING_LABEL,,No label file
Leaf_Algal_Leaf_Algal_286,VALID,,
Leaf_Algal_Leaf_Algal_287,MISSING_LABEL,,No label file
Leaf_Algal_Leaf_Algal_288,VALID,,
Leaf_Algal_Leaf_Algal_289,VALID,,
Leaf_Algal_Leaf_Algal_29,VALID,,
Leaf_Algal_Leaf_Algal_290,VALID,,
Leaf_Algal_Leaf_Algal_291,VALID,,
Leaf_Algal_Leaf_Algal_292,MISSING_LABEL,,No label file
Leaf_Algal_Leaf_Algal_293,MISSING_LABEL,,No label file
Leaf_Algal_Leaf_Algal_294,MISSING_LABEL,,No label file
Leaf_Algal_Leaf_Algal_295,MISSING_LABEL,,No label file
Leaf_Algal_Leaf_Algal_296,MISSING_LABEL,,No label file
Leaf_Algal_Leaf_Algal_297,MISSING_LABEL,,No label file
Leaf_Algal_Leaf_Algal_298,VALID,,
Leaf_Algal_Leaf_Algal_299,VALID,,
Leaf_Algal_Leaf_Algal_3,VALID,,
Leaf_Algal_Leaf_Algal_30,VALID,,
Leaf_Algal_Leaf_Algal_300,MISSING_LABEL,,No label file
Leaf_Algal_Leaf_Algal_301,VALID,,
Leaf_Algal_Leaf_Algal_302,VALID,,
Leaf_Algal_Leaf_Algal_303,VALID,,
Leaf_Algal_Leaf_Algal_304,VALID,,
Leaf_Algal_Leaf_Algal_305,VALID,,
Leaf_Algal_Leaf_Algal_306,MISSING_LABEL,,No label file
Leaf_Algal_Leaf_Algal_307,MISSING_LABEL,,No label file
Leaf_Algal_Leaf_Algal_308,MISSING_LABEL,,No label file
Leaf_Algal_Leaf_Algal_309,MISSING_LABEL,,No label file
Leaf_Algal_Leaf_Algal_31,VALID,,
Leaf_Algal_Leaf_Algal_310,VALID,,
Leaf_Algal_Leaf_Algal_311,VALID,,
Leaf_Algal_Leaf_Algal_312,MISSING_LABEL,,No label file
Leaf_Algal_Leaf_Algal_313,MISSING_LABEL,,No label file
Leaf_Algal_Leaf_Algal_314,MISSING_LABEL,,No label file
Leaf_Algal_Leaf_Algal_315,MISSING_LABEL,,No label file
Leaf_Algal_Leaf_Algal_316,VALID,,
Leaf_Algal_Leaf_Algal_317,VALID,,
Leaf_Algal_Leaf_Algal_318,VALID,,
Leaf_Algal_Leaf_Algal_319,VALID,,
Leaf_Algal_Leaf_Algal_32,VALID,,
Leaf_Algal_Leaf_Algal_320,VALID,,
Leaf_Algal_Leaf_Algal_321,MISSING_LABEL,,No label file
Leaf_Algal_Leaf_Algal_322,VALID,,
Leaf_Algal_Leaf_Algal_323,VALID,,
Leaf_Algal_Leaf_Algal_324,VALID,,
Leaf_Algal_Leaf_Algal_325,VALID,,
Leaf_Algal_Leaf_Algal_326,VALID,,
Leaf_Algal_Leaf_Algal_327,VALID,,
Leaf_Algal_Leaf_Algal_328,VALID,,
Leaf_Algal_Leaf_Algal_329,VALID,,
Leaf_Algal_Leaf_Algal_33,MISSING_LABEL,,No label file
Leaf_Algal_Leaf_Algal_330,VALID,,
Leaf_Algal_Leaf_Algal_331,VALID,,
Leaf_Algal_Leaf_Algal_332,MISSING_LABEL,,No label file
Leaf_Algal_Leaf_Algal_333,VALID,,
Leaf_Algal_Leaf_Algal_334,MISSING_LABEL,,No label file
Leaf_Algal_Leaf_Algal_335,MISSING_LABEL,,No label file
Leaf_Algal_Leaf_Algal_336,MISSING_LABEL,,No label file
Leaf_Algal_Leaf_Algal_337,MISSING_LABEL,,No label file
Leaf_Algal_Leaf_Algal_338,VALID,,
Leaf_Algal_Leaf_Algal_339,VALID,,
Leaf_Algal_Leaf_Algal_34,MISSING_LABEL,,No label file
Leaf_Algal_Leaf_Algal_340,MISSING_LABEL,,No label file
Leaf_Algal_Leaf_Algal_341,VALID,,
Leaf_Algal_Leaf_Algal_342,VALID,,
Leaf_Algal_Leaf_Algal_343,MISSING_LABEL,,No label file
Leaf_Algal_Leaf_Algal_344,MISSING_LABEL,,No label file
Leaf_Algal_Leaf_Algal_345,MISSING_LABEL,,No label file
Leaf_Algal_Leaf_Algal_346,MISSING_LABEL,,No label file
Leaf_Algal_Leaf_Algal_347,VALID,,
Leaf_Algal_Leaf_Algal_348,VALID,,
Leaf_Algal_Leaf_Algal_349,MISSING_LABEL,,No label file
Leaf_Algal_Leaf_Algal_35,VALID,,
Leaf_Algal_Leaf_Algal_350,VALID,,
Leaf_Algal_Leaf_Algal_351,MISSING_LABEL,,No label file
Leaf_Algal_Leaf_Algal_352,VALID,,
Leaf_Algal_Leaf_Algal_353,MISSING_LABEL,,No label file
Leaf_Algal_Leaf_Algal_354,MISSING_LABEL,,No label file
Leaf_Algal_Leaf_Algal_355,MISSING_LABEL,,No label file
Leaf_Algal_Leaf_Algal_356,VALID,,
Leaf_Algal_Leaf_Algal_357,MISSING_LABEL,,No label file
Leaf_Algal_Leaf_Algal_358,MISSING_LABEL,,No label file
Leaf_Algal_Leaf_Algal_359,VALID,,
Leaf_Algal_Leaf_Algal_36,VALID,,
Leaf_Algal_Leaf_Algal_360,VALID,,
Leaf_Algal_Leaf_Algal_361,VALID,,
Leaf_Algal_Leaf_Algal_362,VALID,,
Leaf_Algal_Leaf_Algal_363,MISSING_LABEL,,No label file
Leaf_Algal_Leaf_Algal_364,MISSING_LABEL,,No label file
Leaf_Algal_Leaf_Algal_365,VALID,,
Leaf_Algal_Leaf_Algal_366,VALID,,
Leaf_Algal_Leaf_Algal_367,MISSING_LABEL,,No label file
Leaf_Algal_Leaf_Algal_368,MISSING_LABEL,,No label file
Leaf_Algal_Leaf_Algal_369,MISSING_LABEL,,No label file
Leaf_Algal_Leaf_Algal_37,MISSING_LABEL,,No label file
Leaf_Algal_Leaf_Algal_370,MISSING_LABEL,,No label file
Leaf_Algal_Leaf_Algal_371,MISSING_LABEL,,No label file
Leaf_Algal_Leaf_Algal_372,MISSING_LABEL,,No label file
Leaf_Algal_Leaf_Algal_373,MISSING_LABEL,,No label file
Leaf_Algal_Leaf_Algal_374,MISSING_LABEL,,No label file
Leaf_Algal_Leaf_Algal_375,VALID,,
Leaf_Algal_Leaf_Algal_376,VALID,,
Leaf_Algal_Leaf_Algal_377,MISSING_LABEL,,No label file
Leaf_Algal_Leaf_Algal_378,MISSING_LABEL,,No label file
Leaf_Algal_Leaf_Algal_379,VALID,,
Leaf_Algal_Leaf_Algal_38,MISSING_LABEL,,No label file
Leaf_Algal_Leaf_Algal_380,VALID,,
Leaf_Algal_Leaf_Algal_381,VALID,,
Leaf_Algal_Leaf_Algal_382,VALID,,
Leaf_Algal_Leaf_Algal_383,VALID,,
Leaf_Algal_Leaf_Algal_384,MISSING_LABEL,,No label file
Leaf_Algal_Leaf_Algal_385,MISSING_LABEL,,No label file
Leaf_Algal_Leaf_Algal_386,VALID,,
Leaf_Algal_Leaf_Algal_387,MISSING_LABEL,,No label file
Leaf_Algal_Leaf_Algal_388,MISSING_LABEL,,No label file
Leaf_Algal_Leaf_Algal_389,MISSING_LABEL,,No label file
Leaf_Algal_Leaf_Algal_389_jpg.rf.a7a4b5579bb0c5d16aadbb8c27daeb40,MALFORMED,Invalid part count,3 0.01875 0 0.025 0.00625 0.0359375 0.0078125 0.04375 0.01875 0.05 0.0171875 0.05 0.0078125 0.0671875 0.00625 0.06875 0.003125 0.071875 0.00625 0.078125 0 0.1109375 0 0.115625 0.00625 0.125 0.0078125 0.1359375 0.00625 0.146875 0.0078125 0.15 0.0046875 0.15 0 0.153125 0.003125 0.1671875 0.003125 0.16875 0.00625 0.171875 0.00625 0.1671875 0.0078125 0.1671875 0.0140625 0.1578125 0.01875 0.1515625 0.025 0.1515625 0.0296875 0.1421875 0.0375 0.1421875 0.0421875 0.1390625 0.04375 0.1390625 0.046875 0.13125 0.053125 0.1328125 0.0609375 0.1359375 0.059375 0.1375 0.053125 0.15 0.0421875 0.15 0.0375 0.1546875 0.0359375 0.15625 0.03125 0.1609375 0.0296875 0.1625 0.0234375 0.1859375 0 0.24375 0 0.2453125 0.003125 0.2515625 0.003125 0.253125 0 0.3484375 0 0.3546875 0.00625 0.35625 0.0140625 0.359375 0.015625 0.3609375 0.021875 0.3671875 0.028125 0.3671875 0.034375 0.36875 0.0390625 0.371875 0.040625 0.3734375 0.0515625 0.3765625 0.053125 0.3765625 0.059375 0.3796875 0.0609375 0.38125 0.0765625 0.384375 0.078125 0.3859375 0.0984375 0.3890625 0.1 0.3890625 0.1109375 0.3921875 0.1125 0.39375 0.1390625 0.396875 0.140625 0.3984375 0.2234375 0.396875 0.2390625 0.39375 0.240625 0.39375 0.271875 0.3921875 0.2734375 0.39375 0.278125 0.403125 0.2671875 0.403125 0.2625 0.40625 0.2609375 0.4078125 0.253125 0.4109375 0.2515625 0.4125 0.2453125 0.41875 0.2390625 0.4203125 0.23125 0.4234375 0.2296875 0.425 0.2203125 0.43125 0.2171875 0.43125 0.2125 0.4359375 0.209375 0.4375 0.2 0.44375 0.19375 0.4453125 0.1875 0.45625 0.1765625 0.4578125 0.1703125 0.4625 0.1671875 0.4625 0.1625 0.46875 0.159375 0.4703125 0.153125 0.490625 0.1328125 0.496875 0.13125 0.5 0.125 0.5046875 0.125 0.5078125 0.1203125 0.5171875 0.11875 0.51875 0.115625 0.5421875 0.115625 0.54375 0.11875 0.5515625 0.1203125 0.553125 0.1234375 0.559375 0.125 0.5609375 0.1296875 0.5671875 0.13125 0.596875 0.1625 0.5984375 0.16875 0.6046875 0.1734375 0.60625 0.1796875 0.6140625 0.1875 0.6140625 0.1921875 0.61875 0.1953125 0.6234375 0.20625 0.6296875 0.2125 0.63125 0.221875 0.634375 0.2234375 0.6359375 0.23125 0.6421875 0.2375 0.64375 0.2515625 0.646875 0.253125 0.6484375 0.26875 0.6515625 0.2703125 0.6515625 0.2765625 0.6546875 0.278125 0.65625 0.296875 0.659375 0.2984375 0.6609375 0.3234375 0.6640625 0.325 0.6640625 0.334375 0.6671875 0.3359375 0.66875 0.3640625 0.671875 0.365625 0.6734375 0.421875 0.6765625 0.4234375 0.6765625 0.4421875 0.6796875 0.44375 0.6796875 0.5890625 0.6765625 0.590625 0.6765625 0.6109375 0.6734375 0.6125 0.671875 0.6515625 0.66875 0.653125 0.6671875 0.69375 0.6640625 0.6953125 0.6640625 0.709375 0.6609375 0.7109375 0.659375 0.74375 0.65625 0.7453125 0.6546875 0.7609375 0.6515625 0.7625 0.6515625 0.7734375 0.6484375 0.775 0.6484375 0.7859375 0.646875 0.79375 0.64375 0.7953125 0.6421875 0.809375 0.6359375 0.815625 0.634375 0.834375 0.63125 0.8359375 0.6296875 0.846875 0.6265625 0.8484375 0.6265625 0.8546875 0.6234375 0.85625 0.621875 0.871875 0.61875 0.8734375 0.6171875 0.8859375 0.6140625 0.8875 0.6140625 0.8921875 0.6109375 0.89375 0.609375 0.90625 0.60625 0.9078125 0.6046875 0.91875 0.6015625 0.9203125 0.6015625 0.9296875 0.5984375 0.93125 0.596875 0.9421875 0.59375 0.94375 0.5921875 0.95625 0.5890625 0.9578125 0.5890625 0.9640625 0.5859375 0.965625 0.584375 0.9734375 0.58125 0.975 0.5796875 0.984375 0.5671875 0.9984375 0.5375 0.9984375 0.5359375 0.996875 0.4828125 0.996875 0.48125 0.9984375 0.45 0.9984375 0.4484375 0.996875 0.4078125 0.9984375 0.403125 0.996875 0.3984375 0.9984375 0.396875 0.996875 0.34375 0.996875 0.3421875 0.99375 0.328125 0.99375 0.3265625 0.996875 0.30625 0.996875 0.3046875 0.9984375 0.2609375 0.996875 0.2625 0.8875 0.265625 0.8859375 0.265625 0.8484375 0.26875 0.846875 0.2703125 0.8125 0.2734375 0.8109375 0.275 0.740625 0.278125 0.7390625 0.278125 0.725 0.28125 0.7234375 0.2828125 0.7171875 0.28125 0.6953125 0.2828125 0.6828125 0.2859375 0.68125 0.2875 0.671875 0.2875 0.65625 0.2859375 0.6546875 0.284375 0.659375 0.2796875 0.6625 0.2796875 0.6671875 0.2734375 0.6703125 0.271875 0.6765625 0.2609375 0.6875 0.259375 0.696875 0.2546875 0.7 0.2546875 0.7046875 0.2484375 0.7078125 0.2421875 0.721875 0.2359375 0.725 0.234375 0.7296875 0.2265625 0.7359375 0.2265625 0.7390625 0.21875 0.746875 0.2109375 0.75 0.20625 0.759375 0.1984375 0.765625 0.196875 0.771875 0.1765625 0.790625 0.1765625 0.79375 0.1734375 0.79375 0.1671875 0.8015625 0.1625 0.8015625 0.1359375 0.828125 0.134375 0.834375 0.11875 0.8484375 0.1171875 0.8546875 0.1109375 0.8578125 0.1046875 0.871875 0.0984375 0.878125 0.096875 0.8859375 0.09375 0.8875 0.0921875 0.89375 0.0859375 0.9 0.084375 0.9109375 0.08125 0.9125 0.08125 0.91875 0.0765625 0.9234375 0.0765625 0.9265625 0.06875 0.934375 0.0609375 0.93125 0.0609375 0.925 0.0578125 0.9234375 0.0578125 0.88125 0.05625 0.8796875 0.05625 0.85625 0.053125 0.8546875 0.053125 0.8359375 0.05 0.834375 0.05 0.825 0.0484375 0.81875 0.0453125 0.8171875 0.04375 0.803125 0.0375 0.796875 0.0359375 0.7859375 0.0328125 0.784375 0.03125 0.7703125 0.028125 0.76875 0.0234375 0.7484375 0.0203125 0.746875 0.01875 0.725 0.015625 0.7234375 0.015625 0.715625 0.0125 0.7140625 0.0109375 0.7 0.0078125 0.6984375 0.00625 0.68125 0.003125 0.6796875 0.003125 0.6625 0.00625 0.6609375 0.003125 0.659375 0.003125 0.5625 0.00625 0.5609375 0.003125 0.559375 0.003125 0.4859375 0.00625 0.484375 0.00625 0.465625 0.0078125 0.45625 0.0109375 0.4546875 0.0125 0.4234375 0.015625 0.421875 0.015625 0.4109375 0.01875 0.409375 0.0203125 0.375 0.0234375 0.3734375 0.025 0.3609375 0.028125 0.359375 0.028125 0.35 0.03125 0.3484375 0.0328125 0.3390625 0.0328125 0.3234375 0.0359375 0.321875 0.0359375 0.3109375 0.0328125 0.309375 0.0296875 0.3125 0.0296875 0.3171875 0.0265625 0.31875 0.0265625 0.3296875 0.021875 0.3328125 0.021875 0.3359375 0.01875 0.334375 0.0203125 0.33125 0.01875 0.3296875 0.0109375 0.3296875 0.0078125 0.3265625 0.00625 0.28125 0.003125 0.2796875 0.003125 0.275 0 0.2734375 0 0.23125 0.003125 0.2296875 0.003125 0.2234375 0 0.221875 0 0.1875 0.00625 0.1859375 0.00625 0.1828125 0.003125 0.18125 0.003125 0.16875 0 0.1671875 0 0.1625 0.00625 0.159375 0.00625 0.15 0 0.1484375 0 0.14375 0.00625 0.1421875 0.003125 0.1390625 0.003125 0.1203125 0.015625 0.1109375 0.0140625 0.10625 0.009375 0.1046875 0.003125 0.10625 0.003125 0.0953125 0 0.09375 0 0.075 0.0078125 0.0734375 0.00625 0.0625 0.0109375 0.059375 0.009375 0.05625 0 0.0515625 0 0.0328125 0.003125 0.03125 0.00625 0.0234375 0.0109375 0.021875 0.0125 0.0078125 0.0171875 0.00625 0.01875 0.0015625
Leaf_Algal_Leaf_Algal_389_jpg.rf.b7fb49149ba249087d605828da21ec46,MALFORMED,Invalid part count,3 0.65 0 0.7453125 0 0.746875 0.003125 0.753125 0.003125 0.7546875 0 0.8125 0 0.8359375 0.0234375 0.8375 0.0296875 0.8421875 0.03125 0.8421875 0.034375 0.8484375 0.0375 0.8484375 0.0421875 0.8609375 0.053125 0.8640625 0.0609375 0.8671875 0.059375 0.8671875 0.053125 0.859375 0.046875 0.859375 0.04375 0.85625 0.0421875 0.85625 0.0375 0.846875 0.0296875 0.846875 0.025 0.840625 0.01875 0.83125 0.0140625 0.83125 0.0078125 0.8265625 0.00625 0.8296875 0.00625 0.83125 0.003125 0.8453125 0.003125 0.8484375 0 0.8484375 0.0046875 0.8515625 0.0078125 0.859375 0.00625 0.8734375 0.0078125 0.8828125 0.00625 0.8875 0 0.9203125 0 0.9265625 0.00625 0.9296875 0.003125 0.93125 0.00625 0.9484375 0.0078125 0.9484375 0.0171875 0.9546875 0.01875 0.9625 0.0078125 0.9734375 0.00625 0.9796875 0 0.9796875 0.0046875 0.9859375 0.0078125 0.9875 0.021875 0.9921875 0.0234375 0.9921875 0.0265625 0.9984375 0.0328125 0.9984375 0.0515625 0.9875 0.0578125 0.9921875 0.0625 0.990625 0.0734375 0.9984375 0.075 0.9984375 0.09375 0.9953125 0.0953125 0.9953125 0.10625 0.9890625 0.1046875 0.9828125 0.1078125 0.9828125 0.1109375 0.9953125 0.1203125 0.9953125 0.1390625 0.9921875 0.1421875 0.9984375 0.14375 0.9984375 0.1484375 0.9921875 0.15 0.9921875 0.159375 0.9984375 0.1625 0.9984375 0.1671875 0.9953125 0.16875 0.9953125 0.18125 0.9921875 0.1828125 0.99375 0.1875 0.9984375 0.1875 0.9984375 0.221875 0.9953125 0.2234375 0.9953125 0.2296875 0.9984375 0.23125 0.9984375 0.2734375 0.9953125 0.275 0.9953125 0.2796875 0.9921875 0.28125 0.990625 0.2953125 0.9921875 0.321875 0.9875 0.3296875 0.9796875 0.3296875 0.978125 0.33125 0.9796875 0.334375 0.9765625 0.3359375 0.9765625 0.3328125 0.971875 0.3296875 0.971875 0.31875 0.96875 0.3171875 0.96875 0.3125 0.965625 0.309375 0.9625 0.3109375 0.9625 0.321875 0.965625 0.3234375 0.9671875 0.3484375 0.9703125 0.35 0.9703125 0.359375 0.9734375 0.3609375 0.9734375 0.36875 0.975 0.3734375 0.978125 0.375 0.9796875 0.409375 0.9828125 0.4109375 0.9828125 0.421875 0.9859375 0.4234375 0.9875 0.4546875 0.990625 0.45625 0.9921875 0.484375 0.9953125 0.4859375 0.9953125 0.559375 0.9921875 0.5609375 0.9953125 0.5625 0.9953125 0.659375 0.9921875 0.6609375 0.9953125 0.6625 0.9953125 0.6796875 0.9921875 0.68125 0.990625 0.6984375 0.9875 0.7 0.9859375 0.7140625 0.9828125 0.715625 0.9828125 0.7234375 0.9796875 0.725 0.978125 0.746875 0.975 0.7484375 0.9734375 0.7609375 0.9703125 0.7625 0.9703125 0.76875 0.9671875 0.7703125 0.965625 0.784375 0.9625 0.7859375 0.9609375 0.796875 0.9546875 0.803125 0.953125 0.8171875 0.95 0.81875 0.9484375 0.825 0.9484375 0.834375 0.9453125 0.8359375 0.9453125 0.8546875 0.9421875 0.85625 0.9421875 0.8796875 0.940625 0.88125 0.940625 0.9234375 0.9375 0.925 0.9375 0.93125 0.9296875 0.934375 0.921875 0.9265625 0.921875 0.9234375 0.9171875 0.91875 0.9171875 0.9125 0.9140625 0.9109375 0.9125 0.9 0.909375 0.8984375 0.9046875 0.8875 0.9015625 0.8859375 0.9 0.878125 0.89375 0.871875 0.8875 0.8578125 0.88125 0.8546875 0.8796875 0.8484375 0.8640625 0.834375 0.8625 0.828125 0.8359375 0.8015625 0.83125 0.8015625 0.825 0.79375 0.821875 0.79375 0.821875 0.790625 0.8015625 0.771875 0.8 0.765625 0.7921875 0.759375 0.7875 0.75 0.7796875 0.746875 0.771875 0.7390625 0.771875 0.7359375 0.7640625 0.7296875 0.7625 0.725 0.75625 0.721875 0.75 0.7078125 0.74375 0.7046875 0.74375 0.7 0.7390625 0.696875 0.7375 0.6875 0.7265625 0.6765625 0.725 0.6703125 0.71875 0.6671875 0.71875 0.6625 0.7140625 0.659375 0.7125 0.6546875 0.7109375 0.65625 0.7109375 0.671875 0.7125 0.68125 0.715625 0.6828125 0.7171875 0.6953125 0.715625 0.7171875 0.7171875 0.7234375 0.7203125 0.725 0.7203125 0.7390625 0.7234375 0.740625 0.725 0.8109375 0.728125 0.8125 0.7296875 0.846875 0.7328125 0.8484375 0.7328125 0.8859375 0.7359375 0.8875 0.7375 0.996875 0.69375 0.9984375 0.6921875 0.996875 0.671875 0.996875 0.6703125 0.99375 0.65625 0.99375 0.6546875 0.996875 0.6015625 0.996875 0.6 0.9984375 0.5953125 0.996875 0.590625 0.9984375 0.575 0.9984375 0.5734375 0.996875 0.5703125 0.9984375 0.5671875 0.996875 0.43125 0.9984375 0.41875 0.984375 0.4171875 0.975 0.4140625 0.9734375 0.4125 0.965625 0.409375 0.9640625 0.4046875 0.94375 0.4015625 0.9421875 0.4 0.93125 0.396875 0.9296875 0.396875 0.9203125 0.39375 0.91875 0.3921875 0.9078125 0.3890625 0.90625 0.3875 0.89375 0.384375 0.8921875 0.384375 0.8875 0.38125 0.8859375 0.3796875 0.8734375 0.3765625 0.871875 0.375 0.85625 0.371875 0.8546875 0.371875 0.8484375 0.36875 0.846875 0.3671875 0.8359375 0.3640625 0.834375 0.3625 0.815625 0.35625 0.809375 0.3546875 0.7953125 0.3515625 0.79375 0.35 0.7859375 0.35 0.775 0.346875 0.7734375 0.346875 0.7625 0.34375 0.7609375 0.3421875 0.7453125 0.3390625 0.74375 0.3375 0.7109375 0.334375 0.709375 0.334375 0.6953125 0.33125 0.69375 0.3296875 0.653125 0.3265625 0.6515625 0.3265625 0.625 0.325 0.6125 0.321875 0.6109375 0.321875 0.590625 0.31875 0.5890625 0.31875 0.44375 0.321875 0.4421875 0.321875 0.4234375 0.325 0.421875 0.3265625 0.365625 0.3296875 0.3640625 0.33125 0.3359375 0.334375 0.334375 0.334375 0.325 0.3375 0.3234375 0.3390625 0.2984375 0.3421875 0.296875 0.34375 0.278125 0.346875 0.2765625 0.346875 0.2703125 0.35 0.26875 0.3515625 0.253125 0.3546875 0.2515625 0.35625 0.2375 0.3625 0.23125 0.3640625 0.2234375 0.3671875 0.221875 0.36875 0.2125 0.375 0.20625 0.3796875 0.1953125 0.384375 0.1921875 0.384375 0.1875 0.3890625 0.184375 0.39375 0.1734375 0.4 0.16875 0.4015625 0.1625 0.409375 0.15625 0.409375 0.153125 0.43125 0.13125 0.4359375 0.13125 0.4390625 0.125 0.4453125 0.1234375 0.446875 0.1203125 0.4546875 0.11875 0.45625 0.115625 0.4796875 0.115625 0.48125 0.11875 0.490625 0.1203125 0.49375 0.125 0.4984375 0.125 0.5015625 0.13125 0.5078125 0.1328125 0.528125 0.153125 0.5296875 0.159375 0.5359375 0.1625 0.5359375 0.1671875 0.540625 0.1703125 0.5421875 0.1765625 0.5484375 0.18125 0.5484375 0.184375 0.553125 0.1875 0.5546875 0.19375 0.5609375 0.2 0.5625 0.209375 0.5671875 0.2125 0.5671875 0.2171875 0.5734375 0.2203125 0.575 0.2296875 0.578125 0.23125 0.5796875 0.2390625 0.5828125 0.240625 0.5875 0.2515625 0.590625 0.253125 0.5921875 0.2609375 0.5953125 0.2625 0.5953125 0.2671875 0.6046875 0.278125 0.60625 0.2765625 0.6046875 0.240625 0.6015625 0.2390625 0.6 0.2234375 0.6015625 0.140625 0.6046875 0.1390625 0.60625 0.1125 0.609375 0.1109375 0.609375 0.1 0.6125 0.0984375 0.6125 0.0875 0.6140625 0.078125 0.6171875 0.0765625 0.61875 0.0609375 0.621875 0.059375 0.621875 0.053125 0.625 0.0515625 0.625 0.0453125 0.6265625 0.040625 0.6296875 0.0390625 0.63125 0.028125 0.634375 0.0265625 0.6390625 0.015625 0.6421875 0.0140625 0.64375 0.00625 0.65 0.0015625
Leaf_Algal_Leaf_Algal_389_jpg.rf.d3c28c8d6de5533c1e8c6f30acd8b1f0,MALFORMED,Invalid part count,3 0.65 0 0.7453125 0 0.746875 0.003125 0.753125 0.003125 0.7546875 0 0.8125 0 0.8359375 0.0234375 0.8375 0.0296875 0.8421875 0.03125 0.8421875 0.034375 0.8484375 0.0375 0.8484375 0.0421875 0.8609375 0.053125 0.8640625 0.0609375 0.8671875 0.059375 0.8671875 0.053125 0.859375 0.046875 0.859375 0.04375 0.85625 0.0421875 0.85625 0.0375 0.846875 0.0296875 0.846875 0.025 0.840625 0.01875 0.83125 0.0140625 0.83125 0.0078125 0.8265625 0.00625 0.8296875 0.00625 0.83125 0.003125 0.8453125 0.003125 0.8484375 0 0.8484375 0.0046875 0.8515625 0.0078125 0.859375 0.00625 0.8734375 0.0078125 0.8828125 0.00625 0.8875 0 0.9203125 0 0.9265625 0.00625 0.9296875 0.003125 0.93125 0.00625 0.9484375 0.0078125 0.9484375 0.0171875 0.9546875 0.01875 0.9625 0.0078125 0.9734375 0.00625 0.9796875 0 0.9796875 0.0046875 0.9859375 0.0078125 0.9875 0.021875 0.9921875 0.0234375 0.9921875 0.0265625 0.9984375 0.0328125 0.9984375 0.0515625 0.9875 0.0578125 0.9921875 0.0625 0.990625 0.0734375 0.9984375 0.075 0.9984375 0.09375 0.9953125 0.0953125 0.9953125 0.10625 0.9890625 0.1046875 0.9828125 0.1078125 0.9828125 0.1109375 0.9953125 0.1203125 0.9953125 0.1390625 0.9921875 0.1421875 0.9984375 0.14375 0.9984375 0.1484375 0.9921875 0.15 0.9921875 0.159375 0.9984375 0.1625 0.9984375 0.1671875 0.9953125 0.16875 0.9953125 0.18125 0.9921875 0.1828125 0.99375 0.1875 0.9984375 0.1875 0.9984375 0.221875 0.9953125 0.2234375 0.9953125 0.2296875 0.9984375 0.23125 0.9984375 0.2734375 0.9953125 0.275 0.9953125 0.2796875 0.9921875 0.28125 0.990625 0.2953125 0.9921875 0.321875 0.9875 0.3296875 0.9796875 0.3296875 0.978125 0.33125 0.9796875 0.334375 0.9765625 0.3359375 0.9765625 0.3328125 0.971875 0.3296875 0.971875 0.31875 0.96875 0.3171875 0.96875 0.3125 0.965625 0.309375 0.9625 0.3109375 0.9625 0.321875 0.965625 0.3234375 0.9671875 0.3484375 0.9703125 0.35 0.9703125 0.359375 0.9734375 0.3609375 0.9734375 0.36875 0.975 0.3734375 0.978125 0.375 0.9796875 0.409375 0.9828125 0.4109375 0.9828125 0.421875 0.9859375 0.4234375 0.9875 0.4546875 0.990625 0.45625 0.9921875 0.484375 0.9953125 0.4859375 0.9953125 0.559375 0.9921875 0.5609375 0.9953125 0.5625 0.9953125 0.659375 0.9921875 0.6609375 0.9953125 0.6625 0.9953125 0.6796875 0.9921875 0.68125 0.990625 0.6984375 0.9875 0.7 0.9859375 0.7140625 0.9828125 0.715625 0.9828125 0.7234375 0.9796875 0.725 0.978125 0.746875 0.975 0.7484375 0.9734375 0.7609375 0.9703125 0.7625 0.9703125 0.76875 0.9671875 0.7703125 0.965625 0.784375 0.9625 0.7859375 0.9609375 0.796875 0.9546875 0.803125 0.953125 0.8171875 0.95 0.81875 0.9484375 0.825 0.9484375 0.834375 0.9453125 0.8359375 0.9453125 0.8546875 0.9421875 0.85625 0.9421875 0.8796875 0.940625 0.88125 0.940625 0.9234375 0.9375 0.925 0.9375 0.93125 0.9296875 0.934375 0.921875 0.9265625 0.921875 0.9234375 0.9171875 0.91875 0.9171875 0.9125 0.9140625 0.9109375 0.9125 0.9 0.909375 0.8984375 0.9046875 0.8875 0.9015625 0.8859375 0.9 0.878125 0.89375 0.871875 0.8875 0.8578125 0.88125 0.8546875 0.8796875 0.8484375 0.8640625 0.834375 0.8625 0.828125 0.8359375 0.8015625 0.83125 0.8015625 0.825 0.79375 0.821875 0.79375 0.821875 0.790625 0.8015625 0.771875 0.8 0.765625 0.7921875 0.759375 0.7875 0.75 0.7796875 0.746875 0.771875 0.7390625 0.771875 0.7359375 0.7640625 0.7296875 0.7625 0.725 0.75625 0.721875 0.75 0.7078125 0.74375 0.7046875 0.74375 0.7 0.7390625 0.696875 0.7375 0.6875 0.7265625 0.6765625 0.725 0.6703125 0.71875 0.6671875 0.71875 0.6625 0.7140625 0.659375 0.7125 0.6546875 0.7109375 0.65625 0.7109375 0.671875 0.7125 0.68125 0.715625 0.6828125 0.7171875 0.6953125 0.715625 0.7171875 0.7171875 0.7234375 0.7203125 0.725 0.7203125 0.7390625 0.7234375 0.740625 0.725 0.8109375 0.728125 0.8125 0.7296875 0.846875 0.7328125 0.8484375 0.7328125 0.8859375 0.7359375 0.8875 0.7375 0.996875 0.69375 0.9984375 0.6921875 0.996875 0.671875 0.996875 0.6703125 0.99375 0.65625 0.99375 0.6546875 0.996875 0.6015625 0.996875 0.6 0.9984375 0.5953125 0.996875 0.590625 0.9984375 0.575 0.9984375 0.5734375 0.996875 0.5703125 0.9984375 0.5671875 0.996875 0.43125 0.9984375 0.41875 0.984375 0.4171875 0.975 0.4140625 0.9734375 0.4125 0.965625 0.409375 0.9640625 0.4046875 0.94375 0.4015625 0.9421875 0.4 0.93125 0.396875 0.9296875 0.396875 0.9203125 0.39375 0.91875 0.3921875 0.9078125 0.3890625 0.90625 0.3875 0.89375 0.384375 0.8921875 0.384375 0.8875 0.38125 0.8859375 0.3796875 0.8734375 0.3765625 0.871875 0.375 0.85625 0.371875 0.8546875 0.371875 0.8484375 0.36875 0.846875 0.3671875 0.8359375 0.3640625 0.834375 0.3625 0.815625 0.35625 0.809375 0.3546875 0.7953125 0.3515625 0.79375 0.35 0.7859375 0.35 0.775 0.346875 0.7734375 0.346875 0.7625 0.34375 0.7609375 0.3421875 0.7453125 0.3390625 0.74375 0.3375 0.7109375 0.334375 0.709375 0.334375 0.6953125 0.33125 0.69375 0.3296875 0.653125 0.3265625 0.6515625 0.3265625 0.625 0.325 0.6125 0.321875 0.6109375 0.321875 0.590625 0.31875 0.5890625 0.31875 0.44375 0.321875 0.4421875 0.321875 0.4234375 0.325 0.421875 0.3265625 0.365625 0.3296875 0.3640625 0.33125 0.3359375 0.334375 0.334375 0.334375 0.325 0.3375 0.3234375 0.3390625 0.2984375 0.3421875 0.296875 0.34375 0.278125 0.346875 0.2765625 0.346875 0.2703125 0.35 0.26875 0.3515625 0.253125 0.3546875 0.2515625 0.35625 0.2375 0.3625 0.23125 0.3640625 0.2234375 0.3671875 0.221875 0.36875 0.2125 0.375 0.20625 0.3796875 0.1953125 0.384375 0.1921875 0.384375 0.1875 0.3890625 0.184375 0.39375 0.1734375 0.4 0.16875 0.4015625 0.1625 0.409375 0.15625 0.409375 0.153125 0.43125 0.13125 0.4359375 0.13125 0.4390625 0.125 0.4453125 0.1234375 0.446875 0.1203125 0.4546875 0.11875 0.45625 0.115625 0.4796875 0.115625 0.48125 0.11875 0.490625 0.1203125 0.49375 0.125 0.4984375 0.125 0.5015625 0.13125 0.5078125 0.1328125 0.528125 0.153125 0.5296875 0.159375 0.5359375 0.1625 0.5359375 0.1671875 0.540625 0.1703125 0.5421875 0.1765625 0.5484375 0.18125 0.5484375 0.184375 0.553125 0.1875 0.5546875 0.19375 0.5609375 0.2 0.5625 0.209375 0.5671875 0.2125 0.5671875 0.2171875 0.5734375 0.2203125 0.575 0.2296875 0.578125 0.23125 0.5796875 0.2390625 0.5828125 0.240625 0.5875 0.2515625 0.590625 0.253125 0.5921875 0.2609375 0.5953125 0.2625 0.5953125 0.2671875 0.6046875 0.278125 0.60625 0.2765625 0.6046875 0.240625 0.6015625 0.2390625 0.6 0.2234375 0.6015625 0.140625 0.6046875 0.1390625 0.60625 0.1125 0.609375 0.1109375 0.609375 0.1 0.6125 0.0984375 0.6125 0.0875 0.6140625 0.078125 0.6171875 0.0765625 0.61875 0.0609375 0.621875 0.059375 0.621875 0.053125 0.625 0.0515625 0.625 0.0453125 0.6265625 0.040625 0.6296875 0.0390625 0.63125 0.028125 0.634375 0.0265625 0.6390625 0.015625 0.6421875 0.0140625 0.64375 0.00625 0.65 0.0015625
Leaf_Algal_Leaf_Algal_39,VALID,,
Leaf_Algal_Leaf_Algal_390,MISSING_LABEL,,No label file
Leaf_Algal_Leaf_Algal_391,MISSING_LABEL,,No label file
Leaf_Algal_Leaf_Algal_392,MISSING_LABEL,,No label file
Leaf_Algal_Leaf_Algal_393,MISSING_LABEL,,No label file
Leaf_Algal_Leaf_Algal_394,MISSING_LABEL,,No label file
Leaf_Algal_Leaf_Algal_395,MISSING_LABEL,,No label file
Leaf_Algal_Leaf_Algal_396,MISSING_LABEL,,No label file
Leaf_Algal_Leaf_Algal_397,MISSING_LABEL,,No label file
Leaf_Algal_Leaf_Algal_398,MISSING_LABEL,,No label file
Leaf_Algal_Leaf_Algal_399,MISSING_LABEL,,No label file
Leaf_Algal_Leaf_Algal_4,MISSING_LABEL,,No label file
Leaf_Algal_Leaf_Algal_40,VALID,,
Leaf_Algal_Leaf_Algal_400,MISSING_LABEL,,No label file
Leaf_Algal_Leaf_Algal_401,VALID,,
Leaf_Algal_Leaf_Algal_402,MISSING_LABEL,,No label file
Leaf_Algal_Leaf_Algal_403,MISSING_LABEL,,No label file
Leaf_Algal_Leaf_Algal_404,MISSING_LABEL,,No label file
Leaf_Algal_Leaf_Algal_405,MISSING_LABEL,,No label file
Leaf_Algal_Leaf_Algal_406,MISSING_LABEL,,No label file
Leaf_Algal_Leaf_Algal_407,MISSING_LABEL,,No label file
Leaf_Algal_Leaf_Algal_408,MISSING_LABEL,,No label file
Leaf_Algal_Leaf_Algal_409,MISSING_LABEL,,No label file
Leaf_Algal_Leaf_Algal_41,MISSING_LABEL,,No label file
Leaf_Algal_Leaf_Algal_410,MISSING_LABEL,,No label file
Leaf_Algal_Leaf_Algal_411,MISSING_LABEL,,No label file
Leaf_Algal_Leaf_Algal_412,MISSING_LABEL,,No label file
Leaf_Algal_Leaf_Algal_413,MISSING_LABEL,,No label file
Leaf_Algal_Leaf_Algal_414,MISSING_LABEL,,No label file
Leaf_Algal_Leaf_Algal_415,VALID,,
Leaf_Algal_Leaf_Algal_416,VALID,,
Leaf_Algal_Leaf_Algal_417,VALID,,
Leaf_Algal_Leaf_Algal_418,MISSING_LABEL,,No label file
Leaf_Algal_Leaf_Algal_419,MISSING_LABEL,,No label file
Leaf_Algal_Leaf_Algal_42,MISSING_LABEL,,No label file
Leaf_Algal_Leaf_Algal_420,VALID,,
Leaf_Algal_Leaf_Algal_421,MISSING_LABEL,,No label file
Leaf_Algal_Leaf_Algal_422,MISSING_LABEL,,No label file
Leaf_Algal_Leaf_Algal_423,MISSING_LABEL,,No label file
Leaf_Algal_Leaf_Algal_424,MISSING_LABEL,,No label file
Leaf_Algal_Leaf_Algal_425,MISSING_LABEL,,No label file
Leaf_Algal_Leaf_Algal_426,MISSING_LABEL,,No label file
Leaf_Algal_Leaf_Algal_427,MISSING_LABEL,,No label file
Leaf_Algal_Leaf_Algal_428,MISSING_LABEL,,No label file
Leaf_Algal_Leaf_Algal_429,MISSING_LABEL,,No label file
Leaf_Algal_Leaf_Algal_43,MISSING_LABEL,,No label file
Leaf_Algal_Leaf_Algal_430,MISSING_LABEL,,No label file
Leaf_Algal_Leaf_Algal_431,MISSING_LABEL,,No label file
Leaf_Algal_Leaf_Algal_432,MISSING_LABEL,,No label file
Leaf_Algal_Leaf_Algal_433,MISSING_LABEL,,No label file
Leaf_Algal_Leaf_Algal_434,MISSING_LABEL,,No label file
Leaf_Algal_Leaf_Algal_435,MISSING_LABEL,,No label file
Leaf_Algal_Leaf_Algal_436,MISSING_LABEL,,No label file
Leaf_Algal_Leaf_Algal_437,MISSING_LABEL,,No label file
Leaf_Algal_Leaf_Algal_438,MISSING_LABEL,,No label file
Leaf_Algal_Leaf_Algal_439,MISSING_LABEL,,No label file
Leaf_Algal_Leaf_Algal_44,MISSING_LABEL,,No label file
Leaf_Algal_Leaf_Algal_440,VALID,,
Leaf_Algal_Leaf_Algal_441,MISSING_LABEL,,No label file
Leaf_Algal_Leaf_Algal_442,MISSING_LABEL,,No label file
Leaf_Algal_Leaf_Algal_443,VALID,,
Leaf_Algal_Leaf_Algal_444,MISSING_LABEL,,No label file
Leaf_Algal_Leaf_Algal_445,MISSING_LABEL,,No label file
Leaf_Algal_Leaf_Algal_446,MISSING_LABEL,,No label file
Leaf_Algal_Leaf_Algal_447,MISSING_LABEL,,No label file
Leaf_Algal_Leaf_Algal_448,MISSING_LABEL,,No label file
Leaf_Algal_Leaf_Algal_449,MISSING_LABEL,,No label file
Leaf_Algal_Leaf_Algal_45,MISSING_LABEL,,No label file
Leaf_Algal_Leaf_Algal_450,MISSING_LABEL,,No label file
Leaf_Algal_Leaf_Algal_451,MISSING_LABEL,,No label file
Leaf_Algal_Leaf_Algal_452,MISSING_LABEL,,No label file
Leaf_Algal_Leaf_Algal_453,MISSING_LABEL,,No label file
Leaf_Algal_Leaf_Algal_454,MISSING_LABEL,,No label file
Leaf_Algal_Leaf_Algal_455,MISSING_LABEL,,No label file
Leaf_Algal_Leaf_Algal_456,VALID,,
Leaf_Algal_Leaf_Algal_457,MISSING_LABEL,,No label file
Leaf_Algal_Leaf_Algal_458,MISSING_LABEL,,No label file
Leaf_Algal_Leaf_Algal_459,MISSING_LABEL,,No label file
Leaf_Algal_Leaf_Algal_46,MISSING_LABEL,,No label file
Leaf_Algal_Leaf_Algal_460,MISSING_LABEL,,No label file
Leaf_Algal_Leaf_Algal_461,VALID,,
Leaf_Algal_Leaf_Algal_462,VALID,,
Leaf_Algal_Leaf_Algal_47,MISSING_LABEL,,No label file
Leaf_Algal_Leaf_Algal_48,MISSING_LABEL,,No label file
Leaf_Algal_Leaf_Algal_49,MISSING_LABEL,,No label file
Leaf_Algal_Leaf_Algal_5,MISSING_LABEL,,No label file
Leaf_Algal_Leaf_Algal_50,VALID,,
Leaf_Algal_Leaf_Algal_51,VALID,,
Leaf_Algal_Leaf_Algal_52,VALID,,
Leaf_Algal_Leaf_Algal_53,VALID,,
Leaf_Algal_Leaf_Algal_54,VALID,,
Leaf_Algal_Leaf_Algal_55,VALID,,
Leaf_Algal_Leaf_Algal_56,VALID,,
Leaf_Algal_Leaf_Algal_57,VALID,,
Leaf_Algal_Leaf_Algal_58,VALID,,
Leaf_Algal_Leaf_Algal_59,VALID,,
Leaf_Algal_Leaf_Algal_6,VALID,,
Leaf_Algal_Leaf_Algal_60,VALID,,
Leaf_Algal_Leaf_Algal_61,MISSING_LABEL,,No label file
Leaf_Algal_Leaf_Algal_62,VALID,,
Leaf_Algal_Leaf_Algal_63,VALID,,
Leaf_Algal_Leaf_Algal_64,VALID,,
Leaf_Algal_Leaf_Algal_65,MISSING_LABEL,,No label file
Leaf_Algal_Leaf_Algal_66,MISSING_LABEL,,No label file
Leaf_Algal_Leaf_Algal_67,VALID,,
Leaf_Algal_Leaf_Algal_68,MISSING_LABEL,,No label file
Leaf_Algal_Leaf_Algal_69,MISSING_LABEL,,No label file
Leaf_Algal_Leaf_Algal_7,MISSING_LABEL,,No label file
Leaf_Algal_Leaf_Algal_70,MISSING_LABEL,,No label file
Leaf_Algal_Leaf_Algal_71,MISSING_LABEL,,No label file
Leaf_Algal_Leaf_Algal_72,VALID,,
Leaf_Algal_Leaf_Algal_73,MISSING_LABEL,,No label file
Leaf_Algal_Leaf_Algal_74,VALID,,
Leaf_Algal_Leaf_Algal_75,MISSING_LABEL,,No label file
Leaf_Algal_Leaf_Algal_76,MISSING_LABEL,,No label file
Leaf_Algal_Leaf_Algal_77,MISSING_LABEL,,No label file
Leaf_Algal_Leaf_Algal_78,MISSING_LABEL,,No label file
Leaf_Algal_Leaf_Algal_79,MISSING_LABEL,,No label file
Leaf_Algal_Leaf_Algal_8,MISSING_LABEL,,No label file
Leaf_Algal_Leaf_Algal_80,MISSING_LABEL,,No label file
Leaf_Algal_Leaf_Algal_81,MISSING_LABEL,,No label file
Leaf_Algal_Leaf_Algal_82,MISSING_LABEL,,No label file
Leaf_Algal_Leaf_Algal_83,MISSING_LABEL,,No label file
Leaf_Algal_Leaf_Algal_84,MISSING_LABEL,,No label file
Leaf_Algal_Leaf_Algal_85,MISSING_LABEL,,No label file
Leaf_Algal_Leaf_Algal_86,MISSING_LABEL,,No label file
Leaf_Algal_Leaf_Algal_87,VALID,,
Leaf_Algal_Leaf_Algal_88,MISSING_LABEL,,No label file
Leaf_Algal_Leaf_Algal_89,MISSING_LABEL,,No label file
Leaf_Algal_Leaf_Algal_9,VALID,,
Leaf_Algal_Leaf_Algal_90,MISSING_LABEL,,No label file
Leaf_Algal_Leaf_Algal_91,VALID,,
Leaf_Algal_Leaf_Algal_92,VALID,,
Leaf_Algal_Leaf_Algal_93,MISSING_LABEL,,No label file
Leaf_Algal_Leaf_Algal_94,MISSING_LABEL,,No label file
Leaf_Algal_Leaf_Algal_95,VALID,,
Leaf_Algal_Leaf_Algal_96,VALID,,
Leaf_Algal_Leaf_Algal_97,MISSING_LABEL,,No label file
Leaf_Algal_Leaf_Algal_98,VALID,,
Leaf_Algal_Leaf_Algal_99,VALID,,
Leaf_Blight_Leaf_Blight_1,MISSING_LABEL,,No label file
Leaf_Blight_Leaf_Blight_10,MISSING_LABEL,,No label file
Leaf_Blight_Leaf_Blight_100,VALID,,
Leaf_Blight_Leaf_Blight_101,VALID,,
Leaf_Blight_Leaf_Blight_102,VALID,,
Leaf_Blight_Leaf_Blight_103,MISSING_LABEL,,No label file
Leaf_Blight_Leaf_Blight_104,VALID,,
Leaf_Blight_Leaf_Blight_105,VALID,,
Leaf_Blight_Leaf_Blight_106,MISSING_LABEL,,No label file
Leaf_Blight_Leaf_Blight_107,MISSING_LABEL,,No label file
Leaf_Blight_Leaf_Blight_108,MISSING_LABEL,,No label file
Leaf_Blight_Leaf_Blight_109,MISSING_LABEL,,No label file
Leaf_Blight_Leaf_Blight_11,MISSING_LABEL,,No label file
Leaf_Blight_Leaf_Blight_110,MISSING_LABEL,,No label file
Leaf_Blight_Leaf_Blight_111,MISSING_LABEL,,No label file
Leaf_Blight_Leaf_Blight_112,MISSING_LABEL,,No label file
Leaf_Blight_Leaf_Blight_113,MISSING_LABEL,,No label file
Leaf_Blight_Leaf_Blight_114,VALID,,
Leaf_Blight_Leaf_Blight_115,MISSING_LABEL,,No label file
Leaf_Blight_Leaf_Blight_116,VALID,,
Leaf_Blight_Leaf_Blight_117,VALID,,
Leaf_Blight_Leaf_Blight_118,VALID,,
Leaf_Blight_Leaf_Blight_119,MISSING_LABEL,,No label file
Leaf_Blight_Leaf_Blight_12,MISSING_LABEL,,No label file
Leaf_Blight_Leaf_Blight_120,VALID,,
Leaf_Blight_Leaf_Blight_121,MISSING_LABEL,,No label file
Leaf_Blight_Leaf_Blight_122,VALID,,
Leaf_Blight_Leaf_Blight_123,MISSING_LABEL,,No label file
Leaf_Blight_Leaf_Blight_124,MISSING_LABEL,,No label file
Leaf_Blight_Leaf_Blight_125,MISSING_LABEL,,No label file
Leaf_Blight_Leaf_Blight_126,MISSING_LABEL,,No label file
Leaf_Blight_Leaf_Blight_127,MISSING_LABEL,,No label file
Leaf_Blight_Leaf_Blight_128,MISSING_LABEL,,No label file
Leaf_Blight_Leaf_Blight_129,MISSING_LABEL,,No label file
Leaf_Blight_Leaf_Blight_13,MISSING_LABEL,,No label file
Leaf_Blight_Leaf_Blight_130,MISSING_LABEL,,No label file
Leaf_Blight_Leaf_Blight_131,MISSING_LABEL,,No label file
Leaf_Blight_Leaf_Blight_132,MISSING_LABEL,,No label file
Leaf_Blight_Leaf_Blight_133,MISSING_LABEL,,No label file
Leaf_Blight_Leaf_Blight_134,MISSING_LABEL,,No label file
Leaf_Blight_Leaf_Blight_135,MISSING_LABEL,,No label file
Leaf_Blight_Leaf_Blight_136,MISSING_LABEL,,No label file
Leaf_Blight_Leaf_Blight_137,MISSING_LABEL,,No label file
Leaf_Blight_Leaf_Blight_138,VALID,,
Leaf_Blight_Leaf_Blight_139,MISSING_LABEL,,No label file
Leaf_Blight_Leaf_Blight_14,MISSING_LABEL,,No label file
Leaf_Blight_Leaf_Blight_140,MISSING_LABEL,,No label file
Leaf_Blight_Leaf_Blight_141,VALID,,
Leaf_Blight_Leaf_Blight_142,MISSING_LABEL,,No label file
Leaf_Blight_Leaf_Blight_143,MISSING_LABEL,,No label file
Leaf_Blight_Leaf_Blight_144,VALID,,
Leaf_Blight_Leaf_Blight_145,MISSING_LABEL,,No label file
Leaf_Blight_Leaf_Blight_146,MISSING_LABEL,,No label file
Leaf_Blight_Leaf_Blight_147,MISSING_LABEL,,No label file
Leaf_Blight_Leaf_Blight_148,MISSING_LABEL,,No label file
Leaf_Blight_Leaf_Blight_149,MISSING_LABEL,,No label file
Leaf_Blight_Leaf_Blight_15,MISSING_LABEL,,No label file
Leaf_Blight_Leaf_Blight_150,MISSING_LABEL,,No label file
Leaf_Blight_Leaf_Blight_151,MISSING_LABEL,,No label file
Leaf_Blight_Leaf_Blight_152,VALID,,
Leaf_Blight_Leaf_Blight_153,VALID,,
Leaf_Blight_Leaf_Blight_154,VALID,,
Leaf_Blight_Leaf_Blight_155,MISSING_LABEL,,No label file
Leaf_Blight_Leaf_Blight_156,MISSING_LABEL,,No label file
Leaf_Blight_Leaf_Blight_157,VALID,,
Leaf_Blight_Leaf_Blight_158,VALID,,
Leaf_Blight_Leaf_Blight_159,MISSING_LABEL,,No label file
Leaf_Blight_Leaf_Blight_16,MISSING_LABEL,,No label file
Leaf_Blight_Leaf_Blight_160,MISSING_LABEL,,No label file
Leaf_Blight_Leaf_Blight_161,MISSING_LABEL,,No label file
Leaf_Blight_Leaf_Blight_162,VALID,,
Leaf_Blight_Leaf_Blight_163,VALID,,
Leaf_Blight_Leaf_Blight_164,VALID,,
Leaf_Blight_Leaf_Blight_165,MISSING_LABEL,,No label file
Leaf_Blight_Leaf_Blight_166,VALID,,
Leaf_Blight_Leaf_Blight_167,MISSING_LABEL,,No label file
Leaf_Blight_Leaf_Blight_168,MISSING_LABEL,,No label file
Leaf_Blight_Leaf_Blight_169,MISSING_LABEL,,No label file
Leaf_Blight_Leaf_Blight_17,MISSING_LABEL,,No label file
Leaf_Blight_Leaf_Blight_170,VALID,,
Leaf_Blight_Leaf_Blight_171,VALID,,
Leaf_Blight_Leaf_Blight_172,VALID,,
Leaf_Blight_Leaf_Blight_173,MISSING_LABEL,,No label file
Leaf_Blight_Leaf_Blight_174,VALID,,
Leaf_Blight_Leaf_Blight_175,MISSING_LABEL,,No label file
Leaf_Blight_Leaf_Blight_176,VALID,,
Leaf_Blight_Leaf_Blight_177,MISSING_LABEL,,No label file
Leaf_Blight_Leaf_Blight_178,VALID,,
Leaf_Blight_Leaf_Blight_179,VALID,,
Leaf_Blight_Leaf_Blight_18,MISSING_LABEL,,No label file
Leaf_Blight_Leaf_Blight_180,VALID,,
Leaf_Blight_Leaf_Blight_181,MISSING_LABEL,,No label file
Leaf_Blight_Leaf_Blight_182,MISSING_LABEL,,No label file
Leaf_Blight_Leaf_Blight_183,MISSING_LABEL,,No label file
Leaf_Blight_Leaf_Blight_184,MISSING_LABEL,,No label file
Leaf_Blight_Leaf_Blight_185,MISSING_LABEL,,No label file
Leaf_Blight_Leaf_Blight_186,MISSING_LABEL,,No label file
Leaf_Blight_Leaf_Blight_187,MISSING_LABEL,,No label file
Leaf_Blight_Leaf_Blight_188,VALID,,
Leaf_Blight_Leaf_Blight_189,MISSING_LABEL,,No label file
Leaf_Blight_Leaf_Blight_19,MISSING_LABEL,,No label file
Leaf_Blight_Leaf_Blight_190,MISSING_LABEL,,No label file
Leaf_Blight_Leaf_Blight_191,MISSING_LABEL,,No label file
Leaf_Blight_Leaf_Blight_192,MISSING_LABEL,,No label file
Leaf_Blight_Leaf_Blight_193,VALID,,
Leaf_Blight_Leaf_Blight_194,MISSING_LABEL,,No label file
Leaf_Blight_Leaf_Blight_195,MISSING_LABEL,,No label file
Leaf_Blight_Leaf_Blight_196,MISSING_LABEL,,No label file
Leaf_Blight_Leaf_Blight_197,MISSING_LABEL,,No label file
Leaf_Blight_Leaf_Blight_198,MISSING_LABEL,,No label file
Leaf_Blight_Leaf_Blight_199,VALID,,
Leaf_Blight_Leaf_Blight_2,MISSING_LABEL,,No label file
Leaf_Blight_Leaf_Blight_20,MISSING_LABEL,,No label file
Leaf_Blight_Leaf_Blight_200,VALID,,
Leaf_Blight_Leaf_Blight_201,MISSING_LABEL,,No label file
Leaf_Blight_Leaf_Blight_202,MISSING_LABEL,,No label file
Leaf_Blight_Leaf_Blight_203,MISSING_LABEL,,No label file
Leaf_Blight_Leaf_Blight_204,MISSING_LABEL,,No label file
Leaf_Blight_Leaf_Blight_205,MISSING_LABEL,,No label file
Leaf_Blight_Leaf_Blight_206,MISSING_LABEL,,No label file
Leaf_Blight_Leaf_Blight_207,MISSING_LABEL,,No label file
Leaf_Blight_Leaf_Blight_208,MISSING_LABEL,,No label file
Leaf_Blight_Leaf_Blight_209,VALID,,
Leaf_Blight_Leaf_Blight_21,MISSING_LABEL,,No label file
Leaf_Blight_Leaf_Blight_210,MISSING_LABEL,,No label file
Leaf_Blight_Leaf_Blight_211,VALID,,
Leaf_Blight_Leaf_Blight_212,MISSING_LABEL,,No label file
Leaf_Blight_Leaf_Blight_213,MISSING_LABEL,,No label file
Leaf_Blight_Leaf_Blight_214,MISSING_LABEL,,No label file
Leaf_Blight_Leaf_Blight_215,MISSING_LABEL,,No label file
Leaf_Blight_Leaf_Blight_216,VALID,,
Leaf_Blight_Leaf_Blight_217,VALID,,
Leaf_Blight_Leaf_Blight_218,MISSING_LABEL,,No label file
Leaf_Blight_Leaf_Blight_219,MISSING_LABEL,,No label file
Leaf_Blight_Leaf_Blight_22,MISSING_LABEL,,No label file
Leaf_Blight_Leaf_Blight_220,MISSING_LABEL,,No label file
Leaf_Blight_Leaf_Blight_221,MISSING_LABEL,,No label file
Leaf_Blight_Leaf_Blight_222,MISSING_LABEL,,No label file
Leaf_Blight_Leaf_Blight_223,VALID,,
Leaf_Blight_Leaf_Blight_224,MISSING_LABEL,,No label file
Leaf_Blight_Leaf_Blight_225,MISSING_LABEL,,No label file
Leaf_Blight_Leaf_Blight_226,MISSING_LABEL,,No label file
Leaf_Blight_Leaf_Blight_227,MISSING_LABEL,,No label file
Leaf_Blight_Leaf_Blight_228,MISSING_LABEL,,No label file
Leaf_Blight_Leaf_Blight_229,MISSING_LABEL,,No label file
Leaf_Blight_Leaf_Blight_23,VALID,,
Leaf_Blight_Leaf_Blight_230,VALID,,
Leaf_Blight_Leaf_Blight_231,MISSING_LABEL,,No label file
Leaf_Blight_Leaf_Blight_232,MISSING_LABEL,,No label file
Leaf_Blight_Leaf_Blight_233,MISSING_LABEL,,No label file
Leaf_Blight_Leaf_Blight_234,MISSING_LABEL,,No label file
Leaf_Blight_Leaf_Blight_235,MISSING_LABEL,,No label file
Leaf_Blight_Leaf_Blight_236,MISSING_LABEL,,No label file
Leaf_Blight_Leaf_Blight_237,MISSING_LABEL,,No label file
Leaf_Blight_Leaf_Blight_238,MISSING_LABEL,,No label file
Leaf_Blight_Leaf_Blight_239,MISSING_LABEL,,No label file
Leaf_Blight_Leaf_Blight_24,MISSING_LABEL,,No label file
Leaf_Blight_Leaf_Blight_240,MISSING_LABEL,,No label file
Leaf_Blight_Leaf_Blight_241,MISSING_LABEL,,No label file
Leaf_Blight_Leaf_Blight_242,MISSING_LABEL,,No label file
Leaf_Blight_Leaf_Blight_243,VALID,,
Leaf_Blight_Leaf_Blight_244,MISSING_LABEL,,No label file
Leaf_Blight_Leaf_Blight_245,VALID,,
Leaf_Blight_Leaf_Blight_246,MISSING_LABEL,,No label file
Leaf_Blight_Leaf_Blight_247,MISSING_LABEL,,No label file
Leaf_Blight_Leaf_Blight_248,MISSING_LABEL,,No label file
Leaf_Blight_Leaf_Blight_249,MISSING_LABEL,,No label file
Leaf_Blight_Leaf_Blight_25,VALID,,
Leaf_Blight_Leaf_Blight_250,MISSING_LABEL,,No label file
Leaf_Blight_Leaf_Blight_251,MISSING_LABEL,,No label file
Leaf_Blight_Leaf_Blight_252,MISSING_LABEL,,No label file
Leaf_Blight_Leaf_Blight_253,MISSING_LABEL,,No label file
Leaf_Blight_Leaf_Blight_254,MISSING_LABEL,,No label file
Leaf_Blight_Leaf_Blight_255,MISSING_LABEL,,No label file
Leaf_Blight_Leaf_Blight_256,MISSING_LABEL,,No label file
Leaf_Blight_Leaf_Blight_257,MISSING_LABEL,,No label file
Leaf_Blight_Leaf_Blight_258,MISSING_LABEL,,No label file
Leaf_Blight_Leaf_Blight_259,VALID,,
Leaf_Blight_Leaf_Blight_26,MISSING_LABEL,,No label file
Leaf_Blight_Leaf_Blight_260,MISSING_LABEL,,No label file
Leaf_Blight_Leaf_Blight_261,MISSING_LABEL,,No label file
Leaf_Blight_Leaf_Blight_262,MISSING_LABEL,,No label file
Leaf_Blight_Leaf_Blight_263,MISSING_LABEL,,No label file
Leaf_Blight_Leaf_Blight_264,MISSING_LABEL,,No label file
Leaf_Blight_Leaf_Blight_265,MISSING_LABEL,,No label file
Leaf_Blight_Leaf_Blight_266,MISSING_LABEL,,No label file
Leaf_Blight_Leaf_Blight_267,MISSING_LABEL,,No label file
Leaf_Blight_Leaf_Blight_268,VALID,,
Leaf_Blight_Leaf_Blight_269,MISSING_LABEL,,No label file
Leaf_Blight_Leaf_Blight_27,MISSING_LABEL,,No label file
Leaf_Blight_Leaf_Blight_270,MISSING_LABEL,,No label file
Leaf_Blight_Leaf_Blight_270_jpg.rf.5d3bb08660f888804f95f7d10a527267,MALFORMED,Invalid part count,3 0.6328125 0 0.6609375 0 0.6671875 0.00625 0.6671875 0.0140625 0.6640625 0.015625 0.6640625 0.021875 0.6609375 0.0234375 0.659375 0.0421875 0.65625 0.04375 0.6546875 0.0515625 0.659375 0.05625 0.659375 0.059375 0.6625 0.0625 0.66875 0.0625 0.66875 0.06875 0.6734375 0.0703125 0.66875 0.0734375 0.66875 0.0765625 0.6671875 0.0734375 0.6609375 0.075 0.659375 0.0890625 0.6640625 0.0984375 0.6609375 0.1 0.6609375 0.10625 0.65625 0.1078125 0.65625 0.11875 0.6609375 0.1203125 0.6609375 0.1265625 0.6578125 0.1265625 0.65625 0.13125 0.6578125 0.1328125 0.6609375 0.13125 0.6609375 0.1390625 0.65625 0.14375 0.6546875 0.1578125 0.65625 0.1609375 0.659375 0.1609375 0.65625 0.1640625 0.653125 0.1640625 0.6515625 0.1609375 0.646875 0.1625 0.646875 0.16875 0.6546875 0.1703125 0.6546875 0.184375 0.6484375 0.1859375 0.65 0.1953125 0.6546875 0.1953125 0.6578125 0.1921875 0.6578125 0.1828125 0.6609375 0.18125 0.6609375 0.178125 0.6625 0.1828125 0.66875 0.1828125 0.6703125 0.175 0.6734375 0.1734375 0.6734375 0.1625 0.6703125 0.1609375 0.6734375 0.159375 0.6734375 0.15625 0.6703125 0.153125 0.6734375 0.1515625 0.678125 0.140625 0.6828125 0.1390625 0.6828125 0.13125 0.6859375 0.1296875 0.6859375 0.125 0.675 0.11875 0.678125 0.1171875 0.675 0.1125 0.6796875 0.1125 0.6828125 0.1078125 0.6890625 0.10625 0.69375 0.1 0.6984375 0.0984375 0.6984375 0.0953125 0.690625 0.090625 0.69375 0.0890625 0.69375 0.0828125 0.6984375 0.0796875 0.7 0.065625 0.7046875 0.065625 0.70625 0.06875 0.709375 0.06875 0.7125 0.0625 0.715625 0.0609375 0.715625 0.053125 0.70625 0.0515625 0.70625 0.040625 0.7015625 0.0359375 0.6984375 0.0359375 0.696875 0.0390625 0.6859375 0.0390625 0.6828125 0.0359375 0.68125 0.025 0.675 0.021875 0.6734375 0.0171875 0.675 0 0.6921875 0 0.69375 0.009375 0.6984375 0.0125 0.7046875 0.0125 0.70625 0.01875 0.7109375 0.0234375 0.7140625 0.0234375 0.715625 0.0203125 0.7265625 0.01875 0.728125 0.0109375 0.73125 0.0078125 0.7484375 0.00625 0.75 0.003125 0.759375 0.003125 0.7609375 0.00625 0.7734375 0.00625 0.775 0.003125 0.8234375 0.003125 0.825 0 0.8390625 0 0.840625 0.003125 0.84375 0.003125 0.8421875 0.0109375 0.8390625 0.0125 0.8390625 0.01875 0.8359375 0.0203125 0.834375 0.0296875 0.8265625 0.0375 0.821875 0.0546875 0.81875 0.05625 0.8171875 0.0640625 0.8109375 0.0703125 0.809375 0.0796875 0.80625 0.08125 0.8046875 0.0890625 0.7984375 0.0953125 0.796875 0.1046875 0.79375 0.10625 0.7921875 0.1140625 0.7890625 0.115625 0.7890625 0.121875 0.7859375 0.1234375 0.784375 0.134375 0.78125 0.1359375 0.7796875 0.14375 0.7734375 0.15 0.7734375 0.15625 0.771875 0.1609375 0.76875 0.1625 0.7671875 0.1734375 0.7609375 0.178125 0.759375 0.1859375 0.75625 0.1875 0.7546875 0.1984375 0.7515625 0.2 0.7515625 0.20625 0.7484375 0.2078125 0.746875 0.2171875 0.74375 0.21875 0.7421875 0.2265625 0.7359375 0.2328125 0.734375 0.2421875 0.73125 0.24375 0.7296875 0.2515625 0.7265625 0.253125 0.7265625 0.259375 0.7234375 0.2609375 0.721875 0.271875 0.71875 0.2734375 0.7171875 0.28125 0.7140625 0.2828125 0.709375 0.29375 0.70625 0.2953125 0.7046875 0.30625 0.6984375 0.3125 0.696875 0.321875 0.69375 0.3234375 0.6921875 0.334375 0.6859375 0.340625 0.68125 0.3515625 0.6796875 0.346875 0.6765625 0.3484375 0.6765625 0.3546875 0.6796875 0.35625 0.68125 0.3734375 0.684375 0.375 0.6859375 0.39375 0.6890625 0.3953125 0.6890625 0.40625 0.6921875 0.4078125 0.69375 0.4234375 0.696875 0.425 0.6984375 0.45625 0.7015625 0.4578125 0.7015625 0.471875 0.7046875 0.4734375 0.70625 0.4828125 0.70625 0.50625 0.7046875 0.5078125 0.70625 0.53125 0.709375 0.5328125 0.7109375 0.5546875 0.7140625 0.55625 0.7140625 0.56875 0.7171875 0.5703125 0.71875 0.6109375 0.721875 0.6125 0.721875 0.6390625 0.7234375 0.640625 0.721875 0.65 0.7234375 0.653125 0.721875 0.6609375 0.7234375 0.6703125 0.721875 0.7890625 0.71875 0.790625 0.7171875 0.859375 0.7140625 0.8609375 0.7140625 0.8734375 0.7109375 0.875 0.709375 0.96875 0.70625 0.9703125 0.7046875 0.996875 0.6984375 0.9984375 0.678125 0.9984375 0.6765625 0.996875 0.6640625 0.9984375 0.6125 0.9984375 0.6109375 0.996875 0.6046875 0.9984375 0.5828125 0.9984375 0.58125 0.996875 0.5734375 0.9984375 0.571875 0.996875 0.4828125 0.9984375 0.4703125 0.99375 0.46875 0.996875 0.459375 0.9984375 0.3953125 0.9984375 0.39375 0.996875 0.34375 0.996875 0.340625 0.99375 0.3390625 0.996875 0.3 0.9984375 0.290625 0.996875 0.2875 0.99375 0.2875 0.98125 0.290625 0.9796875 0.290625 0.965625 0.29375 0.9640625 0.29375 0.9359375 0.2953125 0.9234375 0.2984375 0.921875 0.3 0.86875 0.303125 0.8671875 0.303125 0.840625 0.30625 0.8390625 0.3078125 0.8078125 0.3109375 0.80625 0.3125 0.7734375 0.315625 0.771875 0.315625 0.753125 0.31875 0.7515625 0.31875 0.7359375 0.3203125 0.7234375 0.3234375 0.721875 0.325 0.6984375 0.328125 0.696875 0.328125 0.6859375 0.33125 0.684375 0.33125 0.675 0.3328125 0.6703125 0.3359375 0.66875 0.3375 0.6484375 0.340625 0.646875 0.340625 0.6375 0.34375 0.6359375 0.34375 0.625 0.3453125 0.615625 0.3484375 0.6140625 0.35 0.59375 0.353125 0.5921875 0.353125 0.5859375 0.35625 0.584375 0.3578125 0.575 0.3609375 0.5734375 0.3625 0.5625 0.365625 0.5609375 0.365625 0.55625 0.36875 0.5546875 0.36875 0.5484375 0.3703125 0.54375 0.3734375 0.5421875 0.375 0.5328125 0.378125 0.53125 0.3828125 0.51875 0.3859375 0.5171875 0.3859375 0.5109375 0.3875 0.50625 0.390625 0.5046875 0.390625 0.5 0.39375 0.4984375 0.3953125 0.4875 0.403125 0.4796875 0.403125 0.475 0.40625 0.4734375 0.40625 0.4703125 0.4109375 0.4671875 0.4125 0.4578125 0.41875 0.4515625 0.4203125 0.440625 0.4234375 0.4390625 0.425 0.43125 0.428125 0.4296875 0.428125 0.425 0.4359375 0.4171875 0.4375 0.4109375 0.440625 0.409375 0.4453125 0.3984375 0.4484375 0.396875 0.45 0.390625 0.45625 0.3859375 0.45625 0.3828125 0.4609375 0.3796875 0.465625 0.3703125 0.4734375 0.3640625 0.475 0.3578125 0.48125 0.3546875 0.4828125 0.3484375 0.503125 0.3296875 0.503125 0.325 0.515625 0.3125 0.521875 0.3109375 0.5234375 0.30625 0.528125 0.3046875 0.528125 0.3 0.534375 0.2984375 0.5609375 0.271875 0.5609375 0.2625 0.571875 0.2609375 0.5734375 0.25625 0.5765625 0.25625 0.590625 0.240625 0.59375 0.240625 0.603125 0.23125 0.603125 0.228125 0.6 0.2265625 0.6 0.2125 0.603125 0.2109375 0.603125 0.203125 0.60625 0.2015625 0.6078125 0.175 0.6109375 0.1734375 0.6109375 0.15625 0.6125 0.1546875 0.6109375 0.1453125 0.60625 0.14375 0.6125 0.1421875 0.6125 0.1375 0.615625 0.1359375 0.615625 0.1328125 0.603125 0.1265625 0.596875 0.1328125 0.5984375 0.1359375 0.5890625 0.140625 0.5890625 0.14375 0.5859375 0.1453125 0.58125 0.1546875 0.5796875 0.1515625 0.575 0.1515625 0.575 0.14375 0.578125 0.1421875 0.578125 0.125 0.575 0.1234375 0.575 0.1125 0.578125 0.1109375 0.578125 0.10625 0.58125 0.10625 0.5828125 0.1 0.5859375 0.0984375 0.5859375 0.0953125 0.58125 0.0921875 0.5703125 0.09375 0.55625 0.1078125 0.5546875 0.1140625 0.55 0.1140625 0.54375 0.1203125 0.5421875 0.1265625 0.534375 0.134375 0.53125 0.134375 0.5296875 0.1390625 0.5140625 0.153125 0.5140625 0.15625 0.50625 0.1625 0.5046875 0.16875 0.496875 0.175 0.496875 0.1796875 0.4875 0.1859375 0.484375 0.1921875 0.48125 0.19375 0.48125 0.196875 0.4734375 0.203125 0.4671875 0.2171875 0.45625 0.228125 0.4546875 0.234375 0.4484375 0.240625 0.4421875 0.2546875 0.4359375 0.2578125 0.434375 0.2671875 0.4265625 0.2734375 0.4171875 0.2921875 0.4109375 0.2953125 0.4046875 0.309375 0.4015625 0.3109375 0.396875 0.321875 0.39375 0.3234375 0.3921875 0.33125 0.384375 0.3375 0.384375 0.3421875 0.3765625 0.35 0.3765625 0.3546875 0.3734375 0.35625 0.371875 0.3640625 0.36875 0.365625 0.3671875 0.3734375 0.3640625 0.375 0.3640625 0.3796875 0.3609375 0.38125 0.359375 0.3890625 0.35625 0.390625 0.3546875 0.396875 0.3484375 0.4 0.3484375 0.4046875 0.346875 0.409375 0.34375 0.4109375 0.3421875 0.41875 0.3359375 0.4234375 0.334375 0.4296875 0.3265625 0.4375 0.3265625 0.4421875 0.31875 0.45 0.3171875 0.459375 0.3109375 0.4625 0.3109375 0.4671875 0.309375 0.471875 0.30625 0.4734375 0.3046875 0.48125 0.2984375 0.4859375 0.296875 0.49375 0.29375 0.4953125 0.2921875 0.5015625 0.2859375 0.5078125 0.284375 0.5171875 0.2765625 0.525 0.2765625 0.5296875 0.2734375 0.53125 0.2671875 0.5484375 0.2609375 0.553125 0.259375 0.5609375 0.25625 0.5625 0.2546875 0.56875 0.2484375 0.575 0.246875 0.584375 0.2421875 0.5875 0.2421875 0.5921875 0.234375 0.6 0.234375 0.6046875 0.23125 0.60625 0.2296875 0.6140625 0.2234375 0.61875 0.2234375 0.6234375 0.21875 0.628125 0.2171875 0.6359375 0.2109375 0.640625 0.209375 0.6484375 0.20625 0.65 0.2046875 0.65625 0.1984375 0.6625 0.1984375 0.6671875 0.19375 0.6703125 0.1890625 0.68125 0.1859375 0.6828125 0.184375 0.6921875 0.1734375 0.703125 0.171875 0.7109375 0.16875 0.7125 0.16875 0.7171875 0.1609375 0.725 0.1546875 0.7390625 0.14375 0.75 0.1421875 0.759375 0.1359375 0.765625 0.134375 0.7734375 0.13125 0.775 0.1296875 0.784375 0.1265625 0.7859375 0.1265625 0.7921875 0.1234375 0.79375 0.121875 0.8046875 0.11875 0.80625 0.1171875 0.821875 0.1140625 0.8234375 0.1140625 0.8296875 0.1109375 0.83125 0.1046875 0.8546875 0.0984375 0.8609375 0.096875 0.86875 0.09375 0.8703125 0.0890625 0.88125 0.08125 0.8875 0.0796875 0.8921875 0.065625 0.89375 0.0625 0.8921875 0.0625 0.875 0.0578125 0.8734375 0.046875 0.884375 0.040625 0.8859375 0.0265625 0.9 0.0265625 0.9046875 0.0203125 0.90625 0.01875 0.9109375 0.015625 0.9109375 0.00625 0.921875 0 0.921875 0 0.8859375 0.00625 0.8796875 0.00625 0.8734375 0.0109375 0.86875 0.0125 0.853125 0.015625 0.8515625 0.015625 0.8328125 0.01875 0.83125 0.01875 0.80625 0.0203125 0.8046875 0.0203125 0.7875 0.0234375 0.7859375 0.025 0.75 0.028125 0.7484375 0.028125 0.740625 0.03125 0.7390625 0.0328125 0.71875 0.0359375 0.7171875 0.0375 0.7 0.04375 0.69375 0.04375 0.6875 0.0453125 0.6828125 0.0484375 0.68125 0.05 0.66875 0.053125 0.6671875 0.053125 0.6625 0.05625 0.6609375 0.0578125 0.653125 0.0609375 0.6515625 0.0625 0.640625 0.06875 0.634375 0.0703125 0.625 0.0734375 0.6234375 0.0734375 0.6203125 0.08125 0.6140625 0.0828125 0.6078125 0.0875 0.603125 0.0921875 0.603125 0.0984375 0.596875 0.0984375 0.590625 0.10625 0.58125 0.1078125 0.575 0.1171875 0.56875 0.1203125 0.5625 0.1265625 0.5609375 0.13125 0.55625 0.1359375 0.5453125 0.1484375 0.534375 0.15 0.528125 0.15625 0.5234375 0.1578125 0.5109375 0.1609375 0.509375 0.1625 0.475 0.165625 0.4734375 0.165625 0.46875 0.16875 0.4671875 0.16875 0.4609375 0.1703125 0.45625 0.1734375 0.4546875 0.1734375 0.4484375 0.175 0.44375 0.178125 0.4421875 0.178125 0.4375 0.1859375 0.4296875 0.1875 0.415625 0.19375 0.409375 0.2 0.3859375 0.203125 0.384375 0.203125 0.378125 0.20625 0.3765625 0.2078125 0.365625 0.2109375 0.3640625 0.2125 0.35625 0.215625 0.3546875 0.215625 0.3484375 0.21875 0.346875 0.2203125 0.3375 0.2234375 0.3359375 0.225 0.325 0.228125 0.3234375 0.228125 0.31875 0.23125 0.3171875 0.23125 0.3109375 0.2328125 0.30625 0.2359375 0.3046875 0.2375 0.2953125 0.24375 0.2890625 0.2453125 0.28125 0.2484375 0.2796875 0.25 0.2703125 0.25625 0.2671875 0.2578125 0.2578125 0.2625 0.2546875 0.2625 0.25 0.26875 0.246875 0.2703125 0.2375 0.278125 0.2296875 0.278125 0.225 0.28125 0.2234375 0.28125 0.2203125 0.2859375 0.2171875 0.2875 0.2078125 0.29375 0.2015625 0.303125 0.1828125 0.3109375 0.1765625 0.3125 0.1703125 0.3171875 0.16875 0.3203125 0.1625 0.3265625 0.1609375 0.3359375 0.15 0.3421875 0.1484375 0.35 0.140625 0.3546875 0.140625 0.35625 0.1375 0.3640625 0.1359375 0.365625 0.1328125 0.371875 0.13125 0.378125 0.125 0.396875 0.115625 0.4 0.1109375 0.4046875 0.1109375 0.4125 0.103125 0.4171875 0.103125 0.41875 0.1 0.421875 0.1 0.425 0.0953125 0.4296875 0.0953125 0.4375 0.0875 0.44375 0.0875 0.4484375 0.0859375 0.45 0.0828125 0.459375 0.08125 0.465625 0.075 0.4765625 0.0734375 0.478125 0.0703125 0.4859375 0.06875 0.4984375 0.06875 0.5 0.065625 0.5359375 0.065625 0.5375 0.06875 0.55625 0.0703125 0.5609375 0.075 0.5671875 0.0734375 0.575 0.065625 0.58125 0.065625 0.5859375 0.0609375 0.5921875 0.0609375 0.6078125 0.046875 0.6125 0.0359375 0.6203125 0.0296875 0.6203125 0.025 0.6234375 0.0234375 0.625 0.01875 0.625 0.0125 0.628125 0.0109375 0.628125 0.00625 0.6328125 0.0015625
Leaf_Blight_Leaf_Blight_270_jpg.rf.c30ce70d3bc760b2f3275d6de4ab149d,MALFORMED,Invalid part count,3 0.6328125 0 0.6609375 0 0.6671875 0.00625 0.6671875 0.0140625 0.6640625 0.015625 0.6640625 0.021875 0.6609375 0.0234375 0.659375 0.0421875 0.65625 0.04375 0.6546875 0.0515625 0.659375 0.05625 0.659375 0.059375 0.6625 0.0625 0.66875 0.0625 0.66875 0.06875 0.6734375 0.0703125 0.66875 0.0734375 0.66875 0.0765625 0.6671875 0.0734375 0.6609375 0.075 0.659375 0.0890625 0.6640625 0.0984375 0.6609375 0.1 0.6609375 0.10625 0.65625 0.1078125 0.65625 0.11875 0.6609375 0.1203125 0.6609375 0.1265625 0.6578125 0.1265625 0.65625 0.13125 0.6578125 0.1328125 0.6609375 0.13125 0.6609375 0.1390625 0.65625 0.14375 0.6546875 0.1578125 0.65625 0.1609375 0.659375 0.1609375 0.65625 0.1640625 0.653125 0.1640625 0.6515625 0.1609375 0.646875 0.1625 0.646875 0.16875 0.6546875 0.1703125 0.6546875 0.184375 0.6484375 0.1859375 0.65 0.1953125 0.6546875 0.1953125 0.6578125 0.1921875 0.6578125 0.1828125 0.6609375 0.18125 0.6609375 0.178125 0.6625 0.1828125 0.66875 0.1828125 0.6703125 0.175 0.6734375 0.1734375 0.6734375 0.1625 0.6703125 0.1609375 0.6734375 0.159375 0.6734375 0.15625 0.6703125 0.153125 0.6734375 0.1515625 0.678125 0.140625 0.6828125 0.1390625 0.6828125 0.13125 0.6859375 0.1296875 0.6859375 0.125 0.675 0.11875 0.678125 0.1171875 0.675 0.1125 0.6796875 0.1125 0.6828125 0.1078125 0.6890625 0.10625 0.69375 0.1 0.6984375 0.0984375 0.6984375 0.0953125 0.690625 0.090625 0.69375 0.0890625 0.69375 0.0828125 0.6984375 0.0796875 0.7 0.065625 0.7046875 0.065625 0.70625 0.06875 0.709375 0.06875 0.7125 0.0625 0.715625 0.0609375 0.715625 0.053125 0.70625 0.0515625 0.70625 0.040625 0.7015625 0.0359375 0.6984375 0.0359375 0.696875 0.0390625 0.6859375 0.0390625 0.6828125 0.0359375 0.68125 0.025 0.675 0.021875 0.6734375 0.0171875 0.675 0 0.6921875 0 0.69375 0.009375 0.6984375 0.0125 0.7046875 0.0125 0.70625 0.01875 0.7109375 0.0234375 0.7140625 0.0234375 0.715625 0.0203125 0.7265625 0.01875 0.728125 0.0109375 0.73125 0.0078125 0.7484375 0.00625 0.75 0.003125 0.759375 0.003125 0.7609375 0.00625 0.7734375 0.00625 0.775 0.003125 0.8234375 0.003125 0.825 0 0.8390625 0 0.840625 0.003125 0.84375 0.003125 0.8421875 0.0109375 0.8390625 0.0125 0.8390625 0.01875 0.8359375 0.0203125 0.834375 0.0296875 0.8265625 0.0375 0.821875 0.0546875 0.81875 0.05625 0.8171875 0.0640625 0.8109375 0.0703125 0.809375 0.0796875 0.80625 0.08125 0.8046875 0.0890625 0.7984375 0.0953125 0.796875 0.1046875 0.79375 0.10625 0.7921875 0.1140625 0.7890625 0.115625 0.7890625 0.121875 0.7859375 0.1234375 0.784375 0.134375 0.78125 0.1359375 0.7796875 0.14375 0.7734375 0.15 0.7734375 0.15625 0.771875 0.1609375 0.76875 0.1625 0.7671875 0.1734375 0.7609375 0.178125 0.759375 0.1859375 0.75625 0.1875 0.7546875 0.1984375 0.7515625 0.2 0.7515625 0.20625 0.7484375 0.2078125 0.746875 0.2171875 0.74375 0.21875 0.7421875 0.2265625 0.7359375 0.2328125 0.734375 0.2421875 0.73125 0.24375 0.7296875 0.2515625 0.7265625 0.253125 0.7265625 0.259375 0.7234375 0.2609375 0.721875 0.271875 0.71875 0.2734375 0.7171875 0.28125 0.7140625 0.2828125 0.709375 0.29375 0.70625 0.2953125 0.7046875 0.30625 0.6984375 0.3125 0.696875 0.321875 0.69375 0.3234375 0.6921875 0.334375 0.6859375 0.340625 0.68125 0.3515625 0.6796875 0.346875 0.6765625 0.3484375 0.6765625 0.3546875 0.6796875 0.35625 0.68125 0.3734375 0.684375 0.375 0.6859375 0.39375 0.6890625 0.3953125 0.6890625 0.40625 0.6921875 0.4078125 0.69375 0.4234375 0.696875 0.425 0.6984375 0.45625 0.7015625 0.4578125 0.7015625 0.471875 0.7046875 0.4734375 0.70625 0.4828125 0.70625 0.50625 0.7046875 0.5078125 0.70625 0.53125 0.709375 0.5328125 0.7109375 0.5546875 0.7140625 0.55625 0.7140625 0.56875 0.7171875 0.5703125 0.71875 0.6109375 0.721875 0.6125 0.721875 0.6390625 0.7234375 0.640625 0.721875 0.65 0.7234375 0.653125 0.721875 0.6609375 0.7234375 0.6703125 0.721875 0.7890625 0.71875 0.790625 0.7171875 0.859375 0.7140625 0.8609375 0.7140625 0.8734375 0.7109375 0.875 0.709375 0.96875 0.70625 0.9703125 0.7046875 0.996875 0.6984375 0.9984375 0.678125 0.9984375 0.6765625 0.996875 0.6640625 0.9984375 0.6125 0.9984375 0.6109375 0.996875 0.6046875 0.9984375 0.5828125 0.9984375 0.58125 0.996875 0.5734375 0.9984375 0.571875 0.996875 0.4828125 0.9984375 0.4703125 0.99375 0.46875 0.996875 0.459375 0.9984375 0.3953125 0.9984375 0.39375 0.996875 0.34375 0.996875 0.340625 0.99375 0.3390625 0.996875 0.3 0.9984375 0.290625 0.996875 0.2875 0.99375 0.2875 0.98125 0.290625 0.9796875 0.290625 0.965625 0.29375 0.9640625 0.29375 0.9359375 0.2953125 0.9234375 0.2984375 0.921875 0.3 0.86875 0.303125 0.8671875 0.303125 0.840625 0.30625 0.8390625 0.3078125 0.8078125 0.3109375 0.80625 0.3125 0.7734375 0.315625 0.771875 0.315625 0.753125 0.31875 0.7515625 0.31875 0.7359375 0.3203125 0.7234375 0.3234375 0.721875 0.325 0.6984375 0.328125 0.696875 0.328125 0.6859375 0.33125 0.684375 0.33125 0.675 0.3328125 0.6703125 0.3359375 0.66875 0.3375 0.6484375 0.340625 0.646875 0.340625 0.6375 0.34375 0.6359375 0.34375 0.625 0.3453125 0.615625 0.3484375 0.6140625 0.35 0.59375 0.353125 0.5921875 0.353125 0.5859375 0.35625 0.584375 0.3578125 0.575 0.3609375 0.5734375 0.3625 0.5625 0.365625 0.5609375 0.365625 0.55625 0.36875 0.5546875 0.36875 0.5484375 0.3703125 0.54375 0.3734375 0.5421875 0.375 0.5328125 0.378125 0.53125 0.3828125 0.51875 0.3859375 0.5171875 0.3859375 0.5109375 0.3875 0.50625 0.390625 0.5046875 0.390625 0.5 0.39375 0.4984375 0.3953125 0.4875 0.403125 0.4796875 0.403125 0.475 0.40625 0.4734375 0.40625 0.4703125 0.4109375 0.4671875 0.4125 0.4578125 0.41875 0.4515625 0.4203125 0.440625 0.4234375 0.4390625 0.425 0.43125 0.428125 0.4296875 0.428125 0.425 0.4359375 0.4171875 0.4375 0.4109375 0.440625 0.409375 0.4453125 0.3984375 0.4484375 0.396875 0.45 0.390625 0.45625 0.3859375 0.45625 0.3828125 0.4609375 0.3796875 0.465625 0.3703125 0.4734375 0.3640625 0.475 0.3578125 0.48125 0.3546875 0.4828125 0.3484375 0.503125 0.3296875 0.503125 0.325 0.515625 0.3125 0.521875 0.3109375 0.5234375 0.30625 0.528125 0.3046875 0.528125 0.3 0.534375 0.2984375 0.5609375 0.271875 0.5609375 0.2625 0.571875 0.2609375 0.5734375 0.25625 0.5765625 0.25625 0.590625 0.240625 0.59375 0.240625 0.603125 0.23125 0.603125 0.228125 0.6 0.2265625 0.6 0.2125 0.603125 0.2109375 0.603125 0.203125 0.60625 0.2015625 0.6078125 0.175 0.6109375 0.1734375 0.6109375 0.15625 0.6125 0.1546875 0.6109375 0.1453125 0.60625 0.14375 0.6125 0.1421875 0.6125 0.1375 0.615625 0.1359375 0.615625 0.1328125 0.603125 0.1265625 0.596875 0.1328125 0.5984375 0.1359375 0.5890625 0.140625 0.5890625 0.14375 0.5859375 0.1453125 0.58125 0.1546875 0.5796875 0.1515625 0.575 0.1515625 0.575 0.14375 0.578125 0.1421875 0.578125 0.125 0.575 0.1234375 0.575 0.1125 0.578125 0.1109375 0.578125 0.10625 0.58125 0.10625 0.5828125 0.1 0.5859375 0.0984375 0.5859375 0.0953125 0.58125 0.0921875 0.5703125 0.09375 0.55625 0.1078125 0.5546875 0.1140625 0.55 0.1140625 0.54375 0.1203125 0.5421875 0.1265625 0.534375 0.134375 0.53125 0.134375 0.5296875 0.1390625 0.5140625 0.153125 0.5140625 0.15625 0.50625 0.1625 0.5046875 0.16875 0.496875 0.175 0.496875 0.1796875 0.4875 0.1859375 0.484375 0.1921875 0.48125 0.19375 0.48125 0.196875 0.4734375 0.203125 0.4671875 0.2171875 0.45625 0.228125 0.4546875 0.234375 0.4484375 0.240625 0.4421875 0.2546875 0.4359375 0.2578125 0.434375 0.2671875 0.4265625 0.2734375 0.4171875 0.2921875 0.4109375 0.2953125 0.4046875 0.309375 0.4015625 0.3109375 0.396875 0.321875 0.39375 0.3234375 0.3921875 0.33125 0.384375 0.3375 0.384375 0.3421875 0.3765625 0.35 0.3765625 0.3546875 0.3734375 0.35625 0.371875 0.3640625 0.36875 0.365625 0.3671875 0.3734375 0.3640625 0.375 0.3640625 0.3796875 0.3609375 0.38125 0.359375 0.3890625 0.35625 0.390625 0.3546875 0.396875 0.3484375 0.4 0.3484375 0.4046875 0.346875 0.409375 0.34375 0.4109375 0.3421875 0.41875 0.3359375 0.4234375 0.334375 0.4296875 0.3265625 0.4375 0.3265625 0.4421875 0.31875 0.45 0.3171875 0.459375 0.3109375 0.4625 0.3109375 0.4671875 0.309375 0.471875 0.30625 0.4734375 0.3046875 0.48125 0.2984375 0.4859375 0.296875 0.49375 0.29375 0.4953125 0.2921875 0.5015625 0.2859375 0.5078125 0.284375 0.5171875 0.2765625 0.525 0.2765625 0.5296875 0.2734375 0.53125 0.2671875 0.5484375 0.2609375 0.553125 0.259375 0.5609375 0.25625 0.5625 0.2546875 0.56875 0.2484375 0.575 0.246875 0.584375 0.2421875 0.5875 0.2421875 0.5921875 0.234375 0.6 0.234375 0.6046875 0.23125 0.60625 0.2296875 0.6140625 0.2234375 0.61875 0.2234375 0.6234375 0.21875 0.628125 0.2171875 0.6359375 0.2109375 0.640625 0.209375 0.6484375 0.20625 0.65 0.2046875 0.65625 0.1984375 0.6625 0.1984375 0.6671875 0.19375 0.6703125 0.1890625 0.68125 0.1859375 0.6828125 0.184375 0.6921875 0.1734375 0.703125 0.171875 0.7109375 0.16875 0.7125 0.16875 0.7171875 0.1609375 0.725 0.1546875 0.7390625 0.14375 0.75 0.1421875 0.759375 0.1359375 0.765625 0.134375 0.7734375 0.13125 0.775 0.1296875 0.784375 0.1265625 0.7859375 0.1265625 0.7921875 0.1234375 0.79375 0.121875 0.8046875 0.11875 0.80625 0.1171875 0.821875 0.1140625 0.8234375 0.1140625 0.8296875 0.1109375 0.83125 0.1046875 0.8546875 0.0984375 0.8609375 0.096875 0.86875 0.09375 0.8703125 0.0890625 0.88125 0.08125 0.8875 0.0796875 0.8921875 0.065625 0.89375 0.0625 0.8921875 0.0625 0.875 0.0578125 0.8734375 0.046875 0.884375 0.040625 0.8859375 0.0265625 0.9 0.0265625 0.9046875 0.0203125 0.90625 0.01875 0.9109375 0.015625 0.9109375 0.00625 0.921875 0 0.921875 0 0.8859375 0.00625 0.8796875 0.00625 0.8734375 0.0109375 0.86875 0.0125 0.853125 0.015625 0.8515625 0.015625 0.8328125 0.01875 0.83125 0.01875 0.80625 0.0203125 0.8046875 0.0203125 0.7875 0.0234375 0.7859375 0.025 0.75 0.028125 0.7484375 0.028125 0.740625 0.03125 0.7390625 0.0328125 0.71875 0.0359375 0.7171875 0.0375 0.7 0.04375 0.69375 0.04375 0.6875 0.0453125 0.6828125 0.0484375 0.68125 0.05 0.66875 0.053125 0.6671875 0.053125 0.6625 0.05625 0.6609375 0.0578125 0.653125 0.0609375 0.6515625 0.0625 0.640625 0.06875 0.634375 0.0703125 0.625 0.0734375 0.6234375 0.0734375 0.6203125 0.08125 0.6140625 0.0828125 0.6078125 0.0875 0.603125 0.0921875 0.603125 0.0984375 0.596875 0.0984375 0.590625 0.10625 0.58125 0.1078125 0.575 0.1171875 0.56875 0.1203125 0.5625 0.1265625 0.5609375 0.13125 0.55625 0.1359375 0.5453125 0.1484375 0.534375 0.15 0.528125 0.15625 0.5234375 0.1578125 0.5109375 0.1609375 0.509375 0.1625 0.475 0.165625 0.4734375 0.165625 0.46875 0.16875 0.4671875 0.16875 0.4609375 0.1703125 0.45625 0.1734375 0.4546875 0.1734375 0.4484375 0.175 0.44375 0.178125 0.4421875 0.178125 0.4375 0.1859375 0.4296875 0.1875 0.415625 0.19375 0.409375 0.2 0.3859375 0.203125 0.384375 0.203125 0.378125 0.20625 0.3765625 0.2078125 0.365625 0.2109375 0.3640625 0.2125 0.35625 0.215625 0.3546875 0.215625 0.3484375 0.21875 0.346875 0.2203125 0.3375 0.2234375 0.3359375 0.225 0.325 0.228125 0.3234375 0.228125 0.31875 0.23125 0.3171875 0.23125 0.3109375 0.2328125 0.30625 0.2359375 0.3046875 0.2375 0.2953125 0.24375 0.2890625 0.2453125 0.28125 0.2484375 0.2796875 0.25 0.2703125 0.25625 0.2671875 0.2578125 0.2578125 0.2625 0.2546875 0.2625 0.25 0.26875 0.246875 0.2703125 0.2375 0.278125 0.2296875 0.278125 0.225 0.28125 0.2234375 0.28125 0.2203125 0.2859375 0.2171875 0.2875 0.2078125 0.29375 0.2015625 0.303125 0.1828125 0.3109375 0.1765625 0.3125 0.1703125 0.3171875 0.16875 0.3203125 0.1625 0.3265625 0.1609375 0.3359375 0.15 0.3421875 0.1484375 0.35 0.140625 0.3546875 0.140625 0.35625 0.1375 0.3640625 0.1359375 0.365625 0.1328125 0.371875 0.13125 0.378125 0.125 0.396875 0.115625 0.4 0.1109375 0.4046875 0.1109375 0.4125 0.103125 0.4171875 0.103125 0.41875 0.1 0.421875 0.1 0.425 0.0953125 0.4296875 0.0953125 0.4375 0.0875 0.44375 0.0875 0.4484375 0.0859375 0.45 0.0828125 0.459375 0.08125 0.465625 0.075 0.4765625 0.0734375 0.478125 0.0703125 0.4859375 0.06875 0.4984375 0.06875 0.5 0.065625 0.5359375 0.065625 0.5375 0.06875 0.55625 0.0703125 0.5609375 0.075 0.5671875 0.0734375 0.575 0.065625 0.58125 0.065625 0.5859375 0.0609375 0.5921875 0.0609375 0.6078125 0.046875 0.6125 0.0359375 0.6203125 0.0296875 0.6203125 0.025 0.6234375 0.0234375 0.625 0.01875 0.625 0.0125 0.628125 0.0109375 0.628125 0.00625 0.6328125 0.0015625
Leaf_Blight_Leaf_Blight_270_jpg.rf.f21e98154012fa4387b1c9631963a533,MALFORMED,Invalid part count,3 0.6328125 0 0.6609375 0 0.6671875 0.00625 0.6671875 0.0140625 0.6640625 0.015625 0.6640625 0.021875 0.6609375 0.0234375 0.659375 0.0421875 0.65625 0.04375 0.6546875 0.0515625 0.659375 0.05625 0.659375 0.059375 0.6625 0.0625 0.66875 0.0625 0.66875 0.06875 0.6734375 0.0703125 0.66875 0.0734375 0.66875 0.0765625 0.6671875 0.0734375 0.6609375 0.075 0.659375 0.0890625 0.6640625 0.0984375 0.6609375 0.1 0.6609375 0.10625 0.65625 0.1078125 0.65625 0.11875 0.6609375 0.1203125 0.6609375 0.1265625 0.6578125 0.1265625 0.65625 0.13125 0.6578125 0.1328125 0.6609375 0.13125 0.6609375 0.1390625 0.65625 0.14375 0.6546875 0.1578125 0.65625 0.1609375 0.659375 0.1609375 0.65625 0.1640625 0.653125 0.1640625 0.6515625 0.1609375 0.646875 0.1625 0.646875 0.16875 0.6546875 0.1703125 0.6546875 0.184375 0.6484375 0.1859375 0.65 0.1953125 0.6546875 0.1953125 0.6578125 0.1921875 0.6578125 0.1828125 0.6609375 0.18125 0.6609375 0.178125 0.6625 0.1828125 0.66875 0.1828125 0.6703125 0.175 0.6734375 0.1734375 0.6734375 0.1625 0.6703125 0.1609375 0.6734375 0.159375 0.6734375 0.15625 0.6703125 0.153125 0.6734375 0.1515625 0.678125 0.140625 0.6828125 0.1390625 0.6828125 0.13125 0.6859375 0.1296875 0.6859375 0.125 0.675 0.11875 0.678125 0.1171875 0.675 0.1125 0.6796875 0.1125 0.6828125 0.1078125 0.6890625 0.10625 0.69375 0.1 0.6984375 0.0984375 0.6984375 0.0953125 0.690625 0.090625 0.69375 0.0890625 0.69375 0.0828125 0.6984375 0.0796875 0.7 0.065625 0.7046875 0.065625 0.70625 0.06875 0.709375 0.06875 0.7125 0.0625 0.715625 0.0609375 0.715625 0.053125 0.70625 0.0515625 0.70625 0.040625 0.7015625 0.0359375 0.6984375 0.0359375 0.696875 0.0390625 0.6859375 0.0390625 0.6828125 0.0359375 0.68125 0.025 0.675 0.021875 0.6734375 0.0171875 0.675 0 0.6921875 0 0.69375 0.009375 0.6984375 0.0125 0.7046875 0.0125 0.70625 0.01875 0.7109375 0.0234375 0.7140625 0.0234375 0.715625 0.0203125 0.7265625 0.01875 0.728125 0.0109375 0.73125 0.0078125 0.7484375 0.00625 0.75 0.003125 0.759375 0.003125 0.7609375 0.00625 0.7734375 0.00625 0.775 0.003125 0.8234375 0.003125 0.825 0 0.8390625 0 0.840625 0.003125 0.84375 0.003125 0.8421875 0.0109375 0.8390625 0.0125 0.8390625 0.01875 0.8359375 0.0203125 0.834375 0.0296875 0.8265625 0.0375 0.821875 0.0546875 0.81875 0.05625 0.8171875 0.0640625 0.8109375 0.0703125 0.809375 0.0796875 0.80625 0.08125 0.8046875 0.0890625 0.7984375 0.0953125 0.796875 0.1046875 0.79375 0.10625 0.7921875 0.1140625 0.7890625 0.115625 0.7890625 0.121875 0.7859375 0.1234375 0.784375 0.134375 0.78125 0.1359375 0.7796875 0.14375 0.7734375 0.15 0.7734375 0.15625 0.771875 0.1609375 0.76875 0.1625 0.7671875 0.1734375 0.7609375 0.178125 0.759375 0.1859375 0.75625 0.1875 0.7546875 0.1984375 0.7515625 0.2 0.7515625 0.20625 0.7484375 0.2078125 0.746875 0.2171875 0.74375 0.21875 0.7421875 0.2265625 0.7359375 0.2328125 0.734375 0.2421875 0.73125 0.24375 0.7296875 0.2515625 0.7265625 0.253125 0.7265625 0.259375 0.7234375 0.2609375 0.721875 0.271875 0.71875 0.2734375 0.7171875 0.28125 0.7140625 0.2828125 0.709375 0.29375 0.70625 0.2953125 0.7046875 0.30625 0.6984375 0.3125 0.696875 0.321875 0.69375 0.3234375 0.6921875 0.334375 0.6859375 0.340625 0.68125 0.3515625 0.6796875 0.346875 0.6765625 0.3484375 0.6765625 0.3546875 0.6796875 0.35625 0.68125 0.3734375 0.684375 0.375 0.6859375 0.39375 0.6890625 0.3953125 0.6890625 0.40625 0.6921875 0.4078125 0.69375 0.4234375 0.696875 0.425 0.6984375 0.45625 0.7015625 0.4578125 0.7015625 0.471875 0.7046875 0.4734375 0.70625 0.4828125 0.70625 0.50625 0.7046875 0.5078125 0.70625 0.53125 0.709375 0.5328125 0.7109375 0.5546875 0.7140625 0.55625 0.7140625 0.56875 0.7171875 0.5703125 0.71875 0.6109375 0.721875 0.6125 0.721875 0.6390625 0.7234375 0.640625 0.721875 0.65 0.7234375 0.653125 0.721875 0.6609375 0.7234375 0.6703125 0.721875 0.7890625 0.71875 0.790625 0.7171875 0.859375 0.7140625 0.8609375 0.7140625 0.8734375 0.7109375 0.875 0.709375 0.96875 0.70625 0.9703125 0.7046875 0.996875 0.6984375 0.9984375 0.678125 0.9984375 0.6765625 0.996875 0.6640625 0.9984375 0.6125 0.9984375 0.6109375 0.996875 0.6046875 0.9984375 0.5828125 0.9984375 0.58125 0.996875 0.5734375 0.9984375 0.571875 0.996875 0.4828125 0.9984375 0.4703125 0.99375 0.46875 0.996875 0.459375 0.9984375 0.3953125 0.9984375 0.39375 0.996875 0.34375 0.996875 0.340625 0.99375 0.3390625 0.996875 0.3 0.9984375 0.290625 0.996875 0.2875 0.99375 0.2875 0.98125 0.290625 0.9796875 0.290625 0.965625 0.29375 0.9640625 0.29375 0.9359375 0.2953125 0.9234375 0.2984375 0.921875 0.3 0.86875 0.303125 0.8671875 0.303125 0.840625 0.30625 0.8390625 0.3078125 0.8078125 0.3109375 0.80625 0.3125 0.7734375 0.315625 0.771875 0.315625 0.753125 0.31875 0.7515625 0.31875 0.7359375 0.3203125 0.7234375 0.3234375 0.721875 0.325 0.6984375 0.328125 0.696875 0.328125 0.6859375 0.33125 0.684375 0.33125 0.675 0.3328125 0.6703125 0.3359375 0.66875 0.3375 0.6484375 0.340625 0.646875 0.340625 0.6375 0.34375 0.6359375 0.34375 0.625 0.3453125 0.615625 0.3484375 0.6140625 0.35 0.59375 0.353125 0.5921875 0.353125 0.5859375 0.35625 0.584375 0.3578125 0.575 0.3609375 0.5734375 0.3625 0.5625 0.365625 0.5609375 0.365625 0.55625 0.36875 0.5546875 0.36875 0.5484375 0.3703125 0.54375 0.3734375 0.5421875 0.375 0.5328125 0.378125 0.53125 0.3828125 0.51875 0.3859375 0.5171875 0.3859375 0.5109375 0.3875 0.50625 0.390625 0.5046875 0.390625 0.5 0.39375 0.4984375 0.3953125 0.4875 0.403125 0.4796875 0.403125 0.475 0.40625 0.4734375 0.40625 0.4703125 0.4109375 0.4671875 0.4125 0.4578125 0.41875 0.4515625 0.4203125 0.440625 0.4234375 0.4390625 0.425 0.43125 0.428125 0.4296875 0.428125 0.425 0.4359375 0.4171875 0.4375 0.4109375 0.440625 0.409375 0.4453125 0.3984375 0.4484375 0.396875 0.45 0.390625 0.45625 0.3859375 0.45625 0.3828125 0.4609375 0.3796875 0.465625 0.3703125 0.4734375 0.3640625 0.475 0.3578125 0.48125 0.3546875 0.4828125 0.3484375 0.503125 0.3296875 0.503125 0.325 0.515625 0.3125 0.521875 0.3109375 0.5234375 0.30625 0.528125 0.3046875 0.528125 0.3 0.534375 0.2984375 0.5609375 0.271875 0.5609375 0.2625 0.571875 0.2609375 0.5734375 0.25625 0.5765625 0.25625 0.590625 0.240625 0.59375 0.240625 0.603125 0.23125 0.603125 0.228125 0.6 0.2265625 0.6 0.2125 0.603125 0.2109375 0.603125 0.203125 0.60625 0.2015625 0.6078125 0.175 0.6109375 0.1734375 0.6109375 0.15625 0.6125 0.1546875 0.6109375 0.1453125 0.60625 0.14375 0.6125 0.1421875 0.6125 0.1375 0.615625 0.1359375 0.615625 0.1328125 0.603125 0.1265625 0.596875 0.1328125 0.5984375 0.1359375 0.5890625 0.140625 0.5890625 0.14375 0.5859375 0.1453125 0.58125 0.1546875 0.5796875 0.1515625 0.575 0.1515625 0.575 0.14375 0.578125 0.1421875 0.578125 0.125 0.575 0.1234375 0.575 0.1125 0.578125 0.1109375 0.578125 0.10625 0.58125 0.10625 0.5828125 0.1 0.5859375 0.0984375 0.5859375 0.0953125 0.58125 0.0921875 0.5703125 0.09375 0.55625 0.1078125 0.5546875 0.1140625 0.55 0.1140625 0.54375 0.1203125 0.5421875 0.1265625 0.534375 0.134375 0.53125 0.134375 0.5296875 0.1390625 0.5140625 0.153125 0.5140625 0.15625 0.50625 0.1625 0.5046875 0.16875 0.496875 0.175 0.496875 0.1796875 0.4875 0.1859375 0.484375 0.1921875 0.48125 0.19375 0.48125 0.196875 0.4734375 0.203125 0.4671875 0.2171875 0.45625 0.228125 0.4546875 0.234375 0.4484375 0.240625 0.4421875 0.2546875 0.4359375 0.2578125 0.434375 0.2671875 0.4265625 0.2734375 0.4171875 0.2921875 0.4109375 0.2953125 0.4046875 0.309375 0.4015625 0.3109375 0.396875 0.321875 0.39375 0.3234375 0.3921875 0.33125 0.384375 0.3375 0.384375 0.3421875 0.3765625 0.35 0.3765625 0.3546875 0.3734375 0.35625 0.371875 0.3640625 0.36875 0.365625 0.3671875 0.3734375 0.3640625 0.375 0.3640625 0.3796875 0.3609375 0.38125 0.359375 0.3890625 0.35625 0.390625 0.3546875 0.396875 0.3484375 0.4 0.3484375 0.4046875 0.346875 0.409375 0.34375 0.4109375 0.3421875 0.41875 0.3359375 0.4234375 0.334375 0.4296875 0.3265625 0.4375 0.3265625 0.4421875 0.31875 0.45 0.3171875 0.459375 0.3109375 0.4625 0.3109375 0.4671875 0.309375 0.471875 0.30625 0.4734375 0.3046875 0.48125 0.2984375 0.4859375 0.296875 0.49375 0.29375 0.4953125 0.2921875 0.5015625 0.2859375 0.5078125 0.284375 0.5171875 0.2765625 0.525 0.2765625 0.5296875 0.2734375 0.53125 0.2671875 0.5484375 0.2609375 0.553125 0.259375 0.5609375 0.25625 0.5625 0.2546875 0.56875 0.2484375 0.575 0.246875 0.584375 0.2421875 0.5875 0.2421875 0.5921875 0.234375 0.6 0.234375 0.6046875 0.23125 0.60625 0.2296875 0.6140625 0.2234375 0.61875 0.2234375 0.6234375 0.21875 0.628125 0.2171875 0.6359375 0.2109375 0.640625 0.209375 0.6484375 0.20625 0.65 0.2046875 0.65625 0.1984375 0.6625 0.1984375 0.6671875 0.19375 0.6703125 0.1890625 0.68125 0.1859375 0.6828125 0.184375 0.6921875 0.1734375 0.703125 0.171875 0.7109375 0.16875 0.7125 0.16875 0.7171875 0.1609375 0.725 0.1546875 0.7390625 0.14375 0.75 0.1421875 0.759375 0.1359375 0.765625 0.134375 0.7734375 0.13125 0.775 0.1296875 0.784375 0.1265625 0.7859375 0.1265625 0.7921875 0.1234375 0.79375 0.121875 0.8046875 0.11875 0.80625 0.1171875 0.821875 0.1140625 0.8234375 0.1140625 0.8296875 0.1109375 0.83125 0.1046875 0.8546875 0.0984375 0.8609375 0.096875 0.86875 0.09375 0.8703125 0.0890625 0.88125 0.08125 0.8875 0.0796875 0.8921875 0.065625 0.89375 0.0625 0.8921875 0.0625 0.875 0.0578125 0.8734375 0.046875 0.884375 0.040625 0.8859375 0.0265625 0.9 0.0265625 0.9046875 0.0203125 0.90625 0.01875 0.9109375 0.015625 0.9109375 0.00625 0.921875 0 0.921875 0 0.8859375 0.00625 0.8796875 0.00625 0.8734375 0.0109375 0.86875 0.0125 0.853125 0.015625 0.8515625 0.015625 0.8328125 0.01875 0.83125 0.01875 0.80625 0.0203125 0.8046875 0.0203125 0.7875 0.0234375 0.7859375 0.025 0.75 0.028125 0.7484375 0.028125 0.740625 0.03125 0.7390625 0.0328125 0.71875 0.0359375 0.7171875 0.0375 0.7 0.04375 0.69375 0.04375 0.6875 0.0453125 0.6828125 0.0484375 0.68125 0.05 0.66875 0.053125 0.6671875 0.053125 0.6625 0.05625 0.6609375 0.0578125 0.653125 0.0609375 0.6515625 0.0625 0.640625 0.06875 0.634375 0.0703125 0.625 0.0734375 0.6234375 0.0734375 0.6203125 0.08125 0.6140625 0.0828125 0.6078125 0.0875 0.603125 0.0921875 0.603125 0.0984375 0.596875 0.0984375 0.590625 0.10625 0.58125 0.1078125 0.575 0.1171875 0.56875 0.1203125 0.5625 0.1265625 0.5609375 0.13125 0.55625 0.1359375 0.5453125 0.1484375 0.534375 0.15 0.528125 0.15625 0.5234375 0.1578125 0.5109375 0.1609375 0.509375 0.1625 0.475 0.165625 0.4734375 0.165625 0.46875 0.16875 0.4671875 0.16875 0.4609375 0.1703125 0.45625 0.1734375 0.4546875 0.1734375 0.4484375 0.175 0.44375 0.178125 0.4421875 0.178125 0.4375 0.1859375 0.4296875 0.1875 0.415625 0.19375 0.409375 0.2 0.3859375 0.203125 0.384375 0.203125 0.378125 0.20625 0.3765625 0.2078125 0.365625 0.2109375 0.3640625 0.2125 0.35625 0.215625 0.3546875 0.215625 0.3484375 0.21875 0.346875 0.2203125 0.3375 0.2234375 0.3359375 0.225 0.325 0.228125 0.3234375 0.228125 0.31875 0.23125 0.3171875 0.23125 0.3109375 0.2328125 0.30625 0.2359375 0.3046875 0.2375 0.2953125 0.24375 0.2890625 0.2453125 0.28125 0.2484375 0.2796875 0.25 0.2703125 0.25625 0.2671875 0.2578125 0.2578125 0.2625 0.2546875 0.2625 0.25 0.26875 0.246875 0.2703125 0.2375 0.278125 0.2296875 0.278125 0.225 0.28125 0.2234375 0.28125 0.2203125 0.2859375 0.2171875 0.2875 0.2078125 0.29375 0.2015625 0.303125 0.1828125 0.3109375 0.1765625 0.3125 0.1703125 0.3171875 0.16875 0.3203125 0.1625 0.3265625 0.1609375 0.3359375 0.15 0.3421875 0.1484375 0.35 0.140625 0.3546875 0.140625 0.35625 0.1375 0.3640625 0.1359375 0.365625 0.1328125 0.371875 0.13125 0.378125 0.125 0.396875 0.115625 0.4 0.1109375 0.4046875 0.1109375 0.4125 0.103125 0.4171875 0.103125 0.41875 0.1 0.421875 0.1 0.425 0.0953125 0.4296875 0.0953125 0.4375 0.0875 0.44375 0.0875 0.4484375 0.0859375 0.45 0.0828125 0.459375 0.08125 0.465625 0.075 0.4765625 0.0734375 0.478125 0.0703125 0.4859375 0.06875 0.4984375 0.06875 0.5 0.065625 0.5359375 0.065625 0.5375 0.06875 0.55625 0.0703125 0.5609375 0.075 0.5671875 0.0734375 0.575 0.065625 0.58125 0.065625 0.5859375 0.0609375 0.5921875 0.0609375 0.6078125 0.046875 0.6125 0.0359375 0.6203125 0.0296875 0.6203125 0.025 0.6234375 0.0234375 0.625 0.01875 0.625 0.0125 0.628125 0.0109375 0.628125 0.00625 0.6328125 0.0015625
Leaf_Blight_Leaf_Blight_271,MISSING_LABEL,,No label file
Leaf_Blight_Leaf_Blight_272,MISSING_LABEL,,No label file
Leaf_Blight_Leaf_Blight_273,VALID,,
Leaf_Blight_Leaf_Blight_274,VALID,,
Leaf_Blight_Leaf_Blight_275,MISSING_LABEL,,No label file
Leaf_Blight_Leaf_Blight_276,MISSING_LABEL,,No label file
Leaf_Blight_Leaf_Blight_277,MISSING_LABEL,,No label file
Leaf_Blight_Leaf_Blight_278,MISSING_LABEL,,No label file
Leaf_Blight_Leaf_Blight_279,MISSING_LABEL,,No label file
Leaf_Blight_Leaf_Blight_28,MISSING_LABEL,,No label file
Leaf_Blight_Leaf_Blight_280,MISSING_LABEL,,No label file
Leaf_Blight_Leaf_Blight_281,MISSING_LABEL,,No label file
Leaf_Blight_Leaf_Blight_282,MISSING_LABEL,,No label file
Leaf_Blight_Leaf_Blight_283,VALID,,
Leaf_Blight_Leaf_Blight_284,MISSING_LABEL,,No label file
Leaf_Blight_Leaf_Blight_285,MISSING_LABEL,,No label file
Leaf_Blight_Leaf_Blight_286,MISSING_LABEL,,No label file
Leaf_Blight_Leaf_Blight_287,MISSING_LABEL,,No label file
Leaf_Blight_Leaf_Blight_288,MISSING_LABEL,,No label file
Leaf_Blight_Leaf_Blight_289,MISSING_LABEL,,No label file
Leaf_Blight_Leaf_Blight_29,MISSING_LABEL,,No label file
Leaf_Blight_Leaf_Blight_290,MISSING_LABEL,,No label file
Leaf_Blight_Leaf_Blight_291,MISSING_LABEL,,No label file
Leaf_Blight_Leaf_Blight_292,MISSING_LABEL,,No label file
Leaf_Blight_Leaf_Blight_293,MISSING_LABEL,,No label file
Leaf_Blight_Leaf_Blight_294,MISSING_LABEL,,No label file
Leaf_Blight_Leaf_Blight_295,MISSING_LABEL,,No label file
Leaf_Blight_Leaf_Blight_296,MISSING_LABEL,,No label file
Leaf_Blight_Leaf_Blight_297,MISSING_LABEL,,No label file
Leaf_Blight_Leaf_Blight_298,MISSING_LABEL,,No label file
Leaf_Blight_Leaf_Blight_299,MISSING_LABEL,,No label file
Leaf_Blight_Leaf_Blight_3,MISSING_LABEL,,No label file
Leaf_Blight_Leaf_Blight_30,MISSING_LABEL,,No label file
Leaf_Blight_Leaf_Blight_300,MISSING_LABEL,,No label file
Leaf_Blight_Leaf_Blight_301,MISSING_LABEL,,No label file
Leaf_Blight_Leaf_Blight_302,VALID,,
Leaf_Blight_Leaf_Blight_303,MISSING_LABEL,,No label file
Leaf_Blight_Leaf_Blight_304,MISSING_LABEL,,No label file
Leaf_Blight_Leaf_Blight_305,MISSING_LABEL,,No label file
Leaf_Blight_Leaf_Blight_306,MISSING_LABEL,,No label file
Leaf_Blight_Leaf_Blight_307,MISSING_LABEL,,No label file
Leaf_Blight_Leaf_Blight_308,MISSING_LABEL,,No label file
Leaf_Blight_Leaf_Blight_309,MISSING_LABEL,,No label file
Leaf_Blight_Leaf_Blight_31,MISSING_LABEL,,No label file
Leaf_Blight_Leaf_Blight_310,VALID,,
Leaf_Blight_Leaf_Blight_311,MISSING_LABEL,,No label file
Leaf_Blight_Leaf_Blight_312,MISSING_LABEL,,No label file
Leaf_Blight_Leaf_Blight_313,MISSING_LABEL,,No label file
Leaf_Blight_Leaf_Blight_314,VALID,,
Leaf_Blight_Leaf_Blight_315,MISSING_LABEL,,No label file
Leaf_Blight_Leaf_Blight_316,VALID,,
Leaf_Blight_Leaf_Blight_317,MISSING_LABEL,,No label file
Leaf_Blight_Leaf_Blight_318,MISSING_LABEL,,No label file
Leaf_Blight_Leaf_Blight_319,MISSING_LABEL,,No label file
Leaf_Blight_Leaf_Blight_32,VALID,,
Leaf_Blight_Leaf_Blight_320,MISSING_LABEL,,No label file
Leaf_Blight_Leaf_Blight_321,MISSING_LABEL,,No label file
Leaf_Blight_Leaf_Blight_322,MISSING_LABEL,,No label file
Leaf_Blight_Leaf_Blight_323,MISSING_LABEL,,No label file
Leaf_Blight_Leaf_Blight_324,MISSING_LABEL,,No label file
Leaf_Blight_Leaf_Blight_325,MISSING_LABEL,,No label file
Leaf_Blight_Leaf_Blight_326,MISSING_LABEL,,No label file
Leaf_Blight_Leaf_Blight_327,MISSING_LABEL,,No label file
Leaf_Blight_Leaf_Blight_328,MISSING_LABEL,,No label file
Leaf_Blight_Leaf_Blight_329,MISSING_LABEL,,No label file
Leaf_Blight_Leaf_Blight_33,MISSING_LABEL,,No label file
Leaf_Blight_Leaf_Blight_330,MISSING_LABEL,,No label file
Leaf_Blight_Leaf_Blight_331,MISSING_LABEL,,No label file
Leaf_Blight_Leaf_Blight_332,MISSING_LABEL,,No label file
Leaf_Blight_Leaf_Blight_333,MISSING_LABEL,,No label file
Leaf_Blight_Leaf_Blight_334,MISSING_LABEL,,No label file
Leaf_Blight_Leaf_Blight_335,MISSING_LABEL,,No label file
Leaf_Blight_Leaf_Blight_336,MISSING_LABEL,,No label file
Leaf_Blight_Leaf_Blight_337,MISSING_LABEL,,No label file
Leaf_Blight_Leaf_Blight_338,MISSING_LABEL,,No label file
Leaf_Blight_Leaf_Blight_339,MISSING_LABEL,,No label file
Leaf_Blight_Leaf_Blight_34,MISSING_LABEL,,No label file
Leaf_Blight_Leaf_Blight_340,MISSING_LABEL,,No label file
Leaf_Blight_Leaf_Blight_340_jpg.rf.214c47658d8335f6cd0a6072c8df66ab,VALID,,
Leaf_Blight_Leaf_Blight_340_jpg.rf.a4b52b32860aa5b52911022e15ea1a8a,VALID,,
Leaf_Blight_Leaf_Blight_340_jpg.rf.ed695178d38f90fadac56ba2f98a4e0d,VALID,,
Leaf_Blight_Leaf_Blight_341,MISSING_LABEL,,No label file
Leaf_Blight_Leaf_Blight_342,MISSING_LABEL,,No label file
Leaf_Blight_Leaf_Blight_343,MISSING_LABEL,,No label file
Leaf_Blight_Leaf_Blight_344,MISSING_LABEL,,No label file
Leaf_Blight_Leaf_Blight_345,MISSING_LABEL,,No label file
Leaf_Blight_Leaf_Blight_346,MISSING_LABEL,,No label file
Leaf_Blight_Leaf_Blight_347,MISSING_LABEL,,No label file
Leaf_Blight_Leaf_Blight_348,MISSING_LABEL,,No label file
Leaf_Blight_Leaf_Blight_349,MISSING_LABEL,,No label file
Leaf_Blight_Leaf_Blight_35,MISSING_LABEL,,No label file
Leaf_Blight_Leaf_Blight_350,MISSING_LABEL,,No label file
Leaf_Blight_Leaf_Blight_351,MISSING_LABEL,,No label file
Leaf_Blight_Leaf_Blight_352,MISSING_LABEL,,No label file
Leaf_Blight_Leaf_Blight_353,MISSING_LABEL,,No label file
Leaf_Blight_Leaf_Blight_354,MISSING_LABEL,,No label file
Leaf_Blight_Leaf_Blight_355,MISSING_LABEL,,No label file
Leaf_Blight_Leaf_Blight_356,MISSING_LABEL,,No label file
Leaf_Blight_Leaf_Blight_357,MISSING_LABEL,,No label file
Leaf_Blight_Leaf_Blight_358,MISSING_LABEL,,No label file
Leaf_Blight_Leaf_Blight_359,MISSING_LABEL,,No label file
Leaf_Blight_Leaf_Blight_36,MISSING_LABEL,,No label file
Leaf_Blight_Leaf_Blight_360,MISSING_LABEL,,No label file
Leaf_Blight_Leaf_Blight_361,MISSING_LABEL,,No label file
Leaf_Blight_Leaf_Blight_362,MISSING_LABEL,,No label file
Leaf_Blight_Leaf_Blight_363,MISSING_LABEL,,No label file
Leaf_Blight_Leaf_Blight_364,MISSING_LABEL,,No label file
Leaf_Blight_Leaf_Blight_365,MISSING_LABEL,,No label file
Leaf_Blight_Leaf_Blight_366,MISSING_LABEL,,No label file
Leaf_Blight_Leaf_Blight_367,MISSING_LABEL,,No label file
Leaf_Blight_Leaf_Blight_368,MISSING_LABEL,,No label file
Leaf_Blight_Leaf_Blight_369,MISSING_LABEL,,No label file
Leaf_Blight_Leaf_Blight_37,VALID,,
Leaf_Blight_Leaf_Blight_370,MISSING_LABEL,,No label file
Leaf_Blight_Leaf_Blight_371,MISSING_LABEL,,No label file
Leaf_Blight_Leaf_Blight_372,MISSING_LABEL,,No label file
Leaf_Blight_Leaf_Blight_373,MISSING_LABEL,,No label file
Leaf_Blight_Leaf_Blight_374,MISSING_LABEL,,No label file
Leaf_Blight_Leaf_Blight_375,MISSING_LABEL,,No label file
Leaf_Blight_Leaf_Blight_376,MISSING_LABEL,,No label file
Leaf_Blight_Leaf_Blight_377,MISSING_LABEL,,No label file
Leaf_Blight_Leaf_Blight_378,MISSING_LABEL,,No label file
Leaf_Blight_Leaf_Blight_379,MISSING_LABEL,,No label file
Leaf_Blight_Leaf_Blight_38,MISSING_LABEL,,No label file
Leaf_Blight_Leaf_Blight_380,MISSING_LABEL,,No label file
Leaf_Blight_Leaf_Blight_381,MISSING_LABEL,,No label file
Leaf_Blight_Leaf_Blight_382,MISSING_LABEL,,No label file
Leaf_Blight_Leaf_Blight_383,MISSING_LABEL,,No label file
Leaf_Blight_Leaf_Blight_384,MISSING_LABEL,,No label file
Leaf_Blight_Leaf_Blight_385,MISSING_LABEL,,No label file
Leaf_Blight_Leaf_Blight_386,MISSING_LABEL,,No label file
Leaf_Blight_Leaf_Blight_387,MISSING_LABEL,,No label file
Leaf_Blight_Leaf_Blight_388,MISSING_LABEL,,No label file
Leaf_Blight_Leaf_Blight_389,MISSING_LABEL,,No label file
Leaf_Blight_Leaf_Blight_39,MISSING_LABEL,,No label file
Leaf_Blight_Leaf_Blight_390,MISSING_LABEL,,No label file
Leaf_Blight_Leaf_Blight_391,MISSING_LABEL,,No label file
Leaf_Blight_Leaf_Blight_392,MISSING_LABEL,,No label file
Leaf_Blight_Leaf_Blight_393,MISSING_LABEL,,No label file
Leaf_Blight_Leaf_Blight_394,MISSING_LABEL,,No label file
Leaf_Blight_Leaf_Blight_395,MISSING_LABEL,,No label file
Leaf_Blight_Leaf_Blight_396,MISSING_LABEL,,No label file
Leaf_Blight_Leaf_Blight_397,MISSING_LABEL,,No label file
Leaf_Blight_Leaf_Blight_398,MISSING_LABEL,,No label file
Leaf_Blight_Leaf_Blight_399,MISSING_LABEL,,No label file
Leaf_Blight_Leaf_Blight_4,MISSING_LABEL,,No label file
Leaf_Blight_Leaf_Blight_40,VALID,,
Leaf_Blight_Leaf_Blight_400,MISSING_LABEL,,No label file
Leaf_Blight_Leaf_Blight_401,MISSING_LABEL,,No label file
Leaf_Blight_Leaf_Blight_402,MISSING_LABEL,,No label file
Leaf_Blight_Leaf_Blight_403,MISSING_LABEL,,No label file
Leaf_Blight_Leaf_Blight_404,MISSING_LABEL,,No label file
Leaf_Blight_Leaf_Blight_405,MISSING_LABEL,,No label file
Leaf_Blight_Leaf_Blight_406,MISSING_LABEL,,No label file
Leaf_Blight_Leaf_Blight_407,MISSING_LABEL,,No label file
Leaf_Blight_Leaf_Blight_408,MISSING_LABEL,,No label file
Leaf_Blight_Leaf_Blight_409,MISSING_LABEL,,No label file
Leaf_Blight_Leaf_Blight_41,VALID,,
Leaf_Blight_Leaf_Blight_410,MISSING_LABEL,,No label file
Leaf_Blight_Leaf_Blight_411,MISSING_LABEL,,No label file
Leaf_Blight_Leaf_Blight_412,MISSING_LABEL,,No label file
Leaf_Blight_Leaf_Blight_413,MISSING_LABEL,,No label file
Leaf_Blight_Leaf_Blight_414,MISSING_LABEL,,No label file
Leaf_Blight_Leaf_Blight_415,MISSING_LABEL,,No label file
Leaf_Blight_Leaf_Blight_416,MISSING_LABEL,,No label file
Leaf_Blight_Leaf_Blight_417,MISSING_LABEL,,No label file
Leaf_Blight_Leaf_Blight_418,MISSING_LABEL,,No label file
Leaf_Blight_Leaf_Blight_419,MISSING_LABEL,,No label file
Leaf_Blight_Leaf_Blight_42,VALID,,
Leaf_Blight_Leaf_Blight_420,MISSING_LABEL,,No label file
Leaf_Blight_Leaf_Blight_421,MISSING_LABEL,,No label file
Leaf_Blight_Leaf_Blight_422,MISSING_LABEL,,No label file
Leaf_Blight_Leaf_Blight_422_jpg.rf.2460dac7ee455f509dc8620dcd5241bc,MALFORMED,Invalid part count,3 0.75 0 0.79375 0 0.8 0.00625 0.8046875 0.00625 0.80625 0.0109375 0.809375 0.0109375 0.8109375 0.0265625 0.8140625 0.028125 0.8140625 0.0359375 0.8171875 0.0375 0.81875 0.0515625 0.821875 0.053125 0.821875 0.0671875 0.8234375 0.0734375 0.8265625 0.075 0.8265625 0.0890625 0.8296875 0.090625 0.8296875 0.1140625 0.83125 0.115625 0.8296875 0.1734375 0.8265625 0.175 0.8265625 0.1796875 0.8234375 0.18125 0.821875 0.1859375 0.821875 0.1984375 0.81875 0.2 0.8171875 0.2140625 0.8140625 0.215625 0.8140625 0.2234375 0.8109375 0.225 0.809375 0.2421875 0.80625 0.24375 0.8046875 0.2515625 0.8015625 0.253125 0.8015625 0.259375 0.7984375 0.2609375 0.7984375 0.2796875 0.79375 0.2828125 0.7921875 0.2890625 0.7890625 0.290625 0.784375 0.3 0.784375 0.34375 0.7921875 0.3453125 0.7921875 0.3484375 0.784375 0.35 0.784375 0.3546875 0.7921875 0.3578125 0.79375 0.3640625 0.796875 0.365625 0.7921875 0.36875 0.79375 0.3765625 0.7890625 0.38125 0.7890625 0.384375 0.7765625 0.396875 0.7703125 0.3984375 0.7671875 0.4046875 0.7625 0.40625 0.759375 0.4109375 0.753125 0.4109375 0.74375 0.421875 0.7375 0.4234375 0.734375 0.4296875 0.7234375 0.4375 0.721875 0.4421875 0.7140625 0.45 0.7140625 0.4546875 0.7109375 0.45625 0.7109375 0.459375 0.70625 0.4625 0.70625 0.4671875 0.696875 0.475 0.696875 0.4796875 0.68125 0.4953125 0.6796875 0.5015625 0.675 0.5015625 0.6734375 0.5046875 0.66875 0.50625 0.66875 0.509375 0.6609375 0.5125 0.6609375 0.51875 0.659375 0.5234375 0.65625 0.525 0.65625 0.5296875 0.6484375 0.5328125 0.646875 0.5390625 0.64375 0.540625 0.64375 0.546875 0.6359375 0.553125 0.6359375 0.559375 0.6296875 0.571875 0.625 0.5734375 0.621875 0.5796875 0.615625 0.58125 0.6046875 0.59375 0.6 0.59375 0.5984375 0.596875 0.5921875 0.5984375 0.578125 0.596875 0.578125 0.5875 0.58125 0.5859375 0.5828125 0.571875 0.58125 0.55 0.578125 0.5484375 0.578125 0.54375 0.575 0.5421875 0.5734375 0.5234375 0.5703125 0.521875 0.56875 0.515625 0.5640625 0.5109375 0.553125 0.509375 0.5515625 0.50625 0.5453125 0.5046875 0.54375 0.5015625 0.5375 0.5015625 0.5359375 0.4984375 0.5234375 0.4984375 0.521875 0.5015625 0.515625 0.5015625 0.5046875 0.5125 0.5046875 0.5171875 0.4984375 0.5234375 0.496875 0.54375 0.49375 0.5453125 0.4921875 0.559375 0.4890625 0.5609375 0.4890625 0.5640625 0.4859375 0.5640625 0.4796875 0.571875 0.4734375 0.575 0.471875 0.584375 0.46875 0.5859375 0.4671875 0.60625 0.4640625 0.6078125 0.4640625 0.61875 0.4609375 0.6203125 0.459375 0.6609375 0.4609375 0.671875 0.4640625 0.6734375 0.4609375 0.675 0.4640625 0.678125 0.4640625 0.69375 0.4671875 0.6953125 0.46875 0.703125 0.4671875 0.7234375 0.4625 0.7234375 0.459375 0.7296875 0.4546875 0.73125 0.4546875 0.734375 0.45 0.734375 0.446875 0.7375 0.446875 0.7421875 0.4421875 0.746875 0.4375 0.746875 0.434375 0.75 0.434375 0.7546875 0.425 0.7609375 0.421875 0.7671875 0.4109375 0.775 0.409375 0.7796875 0.403125 0.78125 0.3921875 0.79375 0.3875 0.79375 0.3765625 0.8046875 0.3625 0.8046875 0.3609375 0.7953125 0.346875 0.78125 0.3359375 0.7796875 0.3234375 0.76875 0.3078125 0.7671875 0.30625 0.7640625 0.2953125 0.7640625 0.29375 0.7609375 0.2921875 0.7640625 0.2875 0.7640625 0.2859375 0.7671875 0.278125 0.76875 0.271875 0.775 0.271875 0.7796875 0.2625 0.7859375 0.259375 0.7921875 0.25 0.7984375 0.246875 0.8046875 0.240625 0.80625 0.23125 0.8171875 0.225 0.81875 0.2171875 0.8265625 0.20625 0.8265625 0.2015625 0.83125 0.2015625 0.8359375 0.1984375 0.8375 0.196875 0.8453125 0.1984375 0.8515625 0.1921875 0.8609375 0.1828125 0.859375 0.18125 0.85625 0.1734375 0.8546875 0.1671875 0.8484375 0.1578125 0.846875 0.15625 0.84375 0.1234375 0.8421875 0.1109375 0.84375 0.1015625 0.8515625 0.0953125 0.8515625 0.0921875 0.85625 0.0875 0.85625 0.0859375 0.859375 0.078125 0.8609375 0.0671875 0.871875 0.0484375 0.8734375 0.0484375 0.85625 0.05 0.85 0.053125 0.8484375 0.053125 0.840625 0.05625 0.8390625 0.0578125 0.83125 0.0609375 0.8296875 0.0609375 0.825 0.06875 0.8171875 0.0703125 0.8078125 0.0734375 0.80625 0.075 0.8015625 0.075 0.7953125 0.078125 0.79375 0.078125 0.7859375 0.075 0.784375 0.0734375 0.775 0.0703125 0.7734375 0.0703125 0.7484375 0.0734375 0.746875 0.075 0.7328125 0.0859375 0.721875 0.0875 0.715625 0.0953125 0.7078125 0.1015625 0.70625 0.10625 0.7015625 0.10625 0.6984375 0.109375 0.6984375 0.11875 0.6875 0.1265625 0.6859375 0.128125 0.6828125 0.134375 0.68125 0.1359375 0.675 0.153125 0.6578125 0.159375 0.65625 0.1625 0.65 0.1671875 0.65 0.1703125 0.6453125 0.1765625 0.64375 0.1953125 0.6234375 0.2046875 0.61875 0.2078125 0.6125 0.2171875 0.60625 0.2203125 0.6 0.2296875 0.59375 0.2375 0.5828125 0.24375 0.5796875 0.2453125 0.575 0.25 0.571875 0.25 0.56875 0.25625 0.5640625 0.2625 0.55 0.26875 0.546875 0.2703125 0.540625 0.278125 0.534375 0.278125 0.53125 0.2859375 0.5234375 0.2859375 0.5203125 0.290625 0.5171875 0.290625 0.5125 0.29375 0.5109375 0.29375 0.5078125 0.2984375 0.5046875 0.3 0.5 0.3046875 0.4984375 0.3109375 0.4921875 0.3125 0.4859375 0.3203125 0.4796875 0.3203125 0.475 0.3234375 0.4734375 0.325 0.465625 0.33125 0.459375 0.3328125 0.453125 0.3375 0.4484375 0.3421875 0.4484375 0.3484375 0.4421875 0.35 0.4375 0.3546875 0.4359375 0.3609375 0.4296875 0.3625 0.425 0.3671875 0.4234375 0.3734375 0.4171875 0.375 0.4125 0.3796875 0.4109375 0.3859375 0.4046875 0.3875 0.4 0.3921875 0.3984375 0.3984375 0.3921875 0.4 0.3828125 0.4046875 0.38125 0.4078125 0.375 0.415625 0.36875 0.415625 0.365625 0.41875 0.365625 0.428125 0.35625 0.428125 0.353125 0.43125 0.3515625 0.4328125 0.3453125 0.4359375 0.34375 0.4453125 0.325 0.4609375 0.309375 0.4625 0.303125 0.4703125 0.296875 0.475 0.2875 0.4796875 0.2859375 0.4859375 0.2796875 0.4875 0.2734375 0.4984375 0.2640625 0.5 0.25625 0.5109375 0.246875 0.5125 0.240625 0.525 0.2296875 0.525 0.225 0.5296875 0.2234375 0.5359375 0.2171875 0.5375 0.2125 0.54375 0.209375 0.5453125 0.203125 0.5578125 0.1921875 0.5578125 0.1875 0.5625 0.1828125 0.5671875 0.1828125 0.5703125 0.175 0.5796875 0.16875 0.5875 0.1578125 0.59375 0.1546875 0.59375 0.15 0.6046875 0.14375 0.6125 0.1328125 0.61875 0.13125 0.6234375 0.1265625 0.6234375 0.1234375 0.6265625 0.1234375 0.6359375 0.1140625 0.6375 0.1078125 0.6421875 0.10625 0.6453125 0.1 0.6484375 0.0984375 0.65 0.090625 0.665625 0.075 0.671875 0.075 0.675 0.0703125 0.6796875 0.06875 0.6828125 0.0625 0.690625 0.05625 0.690625 0.053125 0.7046875 0.04375 0.7078125 0.0375 0.71875 0.0296875 0.7234375 0.0203125 0.7296875 0.01875 0.7375 0.0078125 0.75 0.0015625
Leaf_Blight_Leaf_Blight_422_jpg.rf.889371b7fcbbb6dac562e111255c14a6,MALFORMED,Invalid part count,3 0.2046875 0 0.2484375 0 0.2546875 0.00625 0.2609375 0.0078125 0.26875 0.01875 0.278125 0.0234375 0.2796875 0.0296875 0.2859375 0.0328125 0.29375 0.04375 0.3078125 0.053125 0.3078125 0.05625 0.315625 0.0625 0.31875 0.06875 0.3234375 0.0703125 0.3265625 0.075 0.3328125 0.075 0.3484375 0.090625 0.35 0.0984375 0.353125 0.1 0.35625 0.10625 0.3609375 0.1078125 0.3625 0.1140625 0.371875 0.1234375 0.375 0.1234375 0.375 0.1265625 0.3796875 0.13125 0.3859375 0.1328125 0.39375 0.14375 0.403125 0.1484375 0.4046875 0.1546875 0.4109375 0.1578125 0.4171875 0.1671875 0.428125 0.175 0.4296875 0.18125 0.4359375 0.1828125 0.440625 0.1875 0.440625 0.1921875 0.453125 0.203125 0.4546875 0.209375 0.4609375 0.2125 0.4625 0.2171875 0.46875 0.2234375 0.4734375 0.225 0.4734375 0.2296875 0.4859375 0.240625 0.4875 0.246875 0.4984375 0.25625 0.5 0.2640625 0.5109375 0.2734375 0.5125 0.2796875 0.51875 0.2859375 0.5234375 0.2875 0.528125 0.296875 0.5359375 0.303125 0.5375 0.309375 0.5453125 0.315625 0.5453125 0.31875 0.5578125 0.33125 0.5578125 0.3359375 0.5609375 0.3375 0.5703125 0.35625 0.5796875 0.365625 0.5828125 0.365625 0.5828125 0.36875 0.590625 0.375 0.59375 0.38125 0.5984375 0.3828125 0.6 0.3921875 0.60625 0.3984375 0.6109375 0.4 0.6125 0.4046875 0.61875 0.4109375 0.6234375 0.4125 0.625 0.4171875 0.63125 0.4234375 0.6359375 0.425 0.6375 0.4296875 0.64375 0.4359375 0.6484375 0.4375 0.65 0.4421875 0.65625 0.4484375 0.6609375 0.4484375 0.665625 0.453125 0.6671875 0.459375 0.6734375 0.465625 0.675 0.4734375 0.678125 0.475 0.678125 0.4796875 0.6859375 0.4859375 0.6875 0.4921875 0.69375 0.4984375 0.6984375 0.5 0.7 0.5046875 0.7046875 0.5078125 0.7046875 0.5109375 0.7078125 0.5125 0.7078125 0.5171875 0.7125 0.5203125 0.7125 0.5234375 0.7203125 0.53125 0.7203125 0.534375 0.728125 0.540625 0.7296875 0.546875 0.7359375 0.55 0.7421875 0.5640625 0.7484375 0.56875 0.7484375 0.571875 0.753125 0.575 0.7546875 0.5796875 0.7609375 0.5828125 0.7671875 0.5921875 0.7734375 0.5953125 0.7796875 0.6046875 0.7859375 0.6078125 0.79375 0.61875 0.803125 0.6234375 0.821875 0.64375 0.828125 0.6453125 0.83125 0.65 0.8359375 0.65 0.8390625 0.65625 0.8453125 0.6578125 0.8625 0.675 0.8640625 0.68125 0.8703125 0.6828125 0.871875 0.6859375 0.8796875 0.6875 0.8890625 0.6984375 0.8921875 0.6984375 0.8921875 0.7015625 0.896875 0.70625 0.903125 0.7078125 0.9109375 0.715625 0.9125 0.721875 0.9234375 0.7328125 0.925 0.746875 0.928125 0.7484375 0.928125 0.7734375 0.925 0.775 0.925 0.78125 0.9203125 0.7859375 0.9203125 0.79375 0.9234375 0.7953125 0.9234375 0.8015625 0.925 0.80625 0.928125 0.8078125 0.9296875 0.8171875 0.9375 0.825 0.9375 0.8296875 0.940625 0.83125 0.9421875 0.8390625 0.9453125 0.840625 0.9453125 0.8484375 0.9484375 0.85 0.95 0.85625 0.95 0.8734375 0.9421875 0.8734375 0.93125 0.871875 0.9203125 0.8609375 0.9125 0.859375 0.9109375 0.85625 0.90625 0.85625 0.903125 0.8515625 0.896875 0.8515625 0.8875 0.84375 0.8515625 0.8421875 0.8421875 0.84375 0.840625 0.846875 0.83125 0.8484375 0.8296875 0.8515625 0.8171875 0.85625 0.815625 0.859375 0.80625 0.8609375 0.8 0.8515625 0.8015625 0.846875 0.8 0.8375 0.796875 0.8359375 0.796875 0.83125 0.7921875 0.8265625 0.78125 0.8265625 0.778125 0.821875 0.7671875 0.8171875 0.7578125 0.80625 0.7515625 0.8046875 0.75 0.8 0.74375 0.796875 0.7359375 0.7859375 0.7265625 0.7796875 0.7265625 0.775 0.7203125 0.76875 0.7125 0.7671875 0.7109375 0.7640625 0.70625 0.7640625 0.7046875 0.7609375 0.703125 0.7640625 0.6921875 0.7640625 0.690625 0.7671875 0.675 0.76875 0.6625 0.7796875 0.6515625 0.78125 0.6375 0.7953125 0.6359375 0.8046875 0.621875 0.8046875 0.6109375 0.79375 0.60625 0.79375 0.5953125 0.78125 0.5890625 0.7796875 0.5875 0.775 0.58125 0.771875 0.5734375 0.7609375 0.5640625 0.7546875 0.5640625 0.75 0.5609375 0.746875 0.55625 0.746875 0.5515625 0.7421875 0.5515625 0.7375 0.5484375 0.734375 0.54375 0.734375 0.54375 0.73125 0.5390625 0.7296875 0.5359375 0.7234375 0.53125 0.7234375 0.5296875 0.703125 0.53125 0.6953125 0.534375 0.69375 0.534375 0.678125 0.5375 0.6765625 0.534375 0.6734375 0.5375 0.671875 0.5390625 0.6609375 0.5375 0.6203125 0.534375 0.61875 0.534375 0.6078125 0.53125 0.60625 0.5296875 0.5859375 0.5265625 0.584375 0.525 0.575 0.51875 0.571875 0.50625 0.559375 0.5046875 0.5453125 0.5015625 0.54375 0.5 0.5234375 0.49375 0.5171875 0.49375 0.5125 0.4828125 0.5015625 0.4765625 0.5015625 0.475 0.4984375 0.4625 0.4984375 0.4609375 0.5015625 0.4546875 0.5015625 0.4453125 0.509375 0.4375 0.509375 0.4296875 0.515625 0.428125 0.521875 0.425 0.5234375 0.4234375 0.5421875 0.4203125 0.54375 0.4203125 0.5484375 0.4171875 0.55 0.415625 0.571875 0.4171875 0.5859375 0.4203125 0.5875 0.4203125 0.596875 0.415625 0.5984375 0.4 0.596875 0.3984375 0.59375 0.39375 0.59375 0.3828125 0.58125 0.3765625 0.5796875 0.3734375 0.5734375 0.36875 0.571875 0.3671875 0.565625 0.3640625 0.5640625 0.3625 0.553125 0.3546875 0.546875 0.3546875 0.540625 0.3515625 0.5390625 0.35 0.5328125 0.3421875 0.5296875 0.3421875 0.525 0.3390625 0.5234375 0.3375 0.51875 0.3375 0.5125 0.3296875 0.509375 0.3296875 0.50625 0.325 0.5046875 0.3234375 0.5015625 0.31875 0.5015625 0.3171875 0.4953125 0.3015625 0.4796875 0.3015625 0.475 0.2921875 0.4671875 0.2921875 0.4625 0.2875 0.459375 0.2875 0.45625 0.284375 0.4546875 0.284375 0.45 0.28125 0.4484375 0.28125 0.4453125 0.2765625 0.4421875 0.275 0.4375 0.26875 0.434375 0.2609375 0.4234375 0.2546875 0.421875 0.2453125 0.4109375 0.2390625 0.4109375 0.2359375 0.40625 0.23125 0.4046875 0.228125 0.3984375 0.221875 0.396875 0.209375 0.384375 0.209375 0.38125 0.2046875 0.3765625 0.20625 0.36875 0.2015625 0.3671875 0.20625 0.3578125 0.2140625 0.3546875 0.2125 0.3484375 0.20625 0.3484375 0.20625 0.3453125 0.2140625 0.34375 0.2140625 0.3 0.209375 0.290625 0.20625 0.2890625 0.2046875 0.2828125 0.2 0.2796875 0.2 0.2609375 0.196875 0.259375 0.196875 0.253125 0.19375 0.2515625 0.1921875 0.24375 0.1890625 0.2421875 0.1875 0.225 0.184375 0.2234375 0.184375 0.215625 0.18125 0.2140625 0.1796875 0.2 0.1765625 0.1984375 0.1765625 0.1859375 0.175 0.18125 0.171875 0.1796875 0.171875 0.175 0.16875 0.1734375 0.1671875 0.115625 0.16875 0.1140625 0.16875 0.090625 0.171875 0.0890625 0.171875 0.075 0.175 0.0734375 0.1765625 0.053125 0.1796875 0.0515625 0.18125 0.0375 0.184375 0.0359375 0.184375 0.028125 0.1875 0.0265625 0.1875 0.015625 0.1890625 0.0109375 0.19375 0.009375 0.19375 0.00625 0.1984375 0.00625 0.2 0.003125 0.2046875 0.0015625
Leaf_Blight_Leaf_Blight_422_jpg.rf.9a111286582bc32f4f05a1b7dd849c4a,MALFORMED,Invalid part count,3 0.2046875 0 0.2484375 0 0.2546875 0.00625 0.2609375 0.0078125 0.26875 0.01875 0.278125 0.0234375 0.2796875 0.0296875 0.2859375 0.0328125 0.29375 0.04375 0.3078125 0.053125 0.3078125 0.05625 0.315625 0.0625 0.31875 0.06875 0.3234375 0.0703125 0.3265625 0.075 0.3328125 0.075 0.3484375 0.090625 0.35 0.0984375 0.353125 0.1 0.35625 0.10625 0.3609375 0.1078125 0.3625 0.1140625 0.371875 0.1234375 0.375 0.1234375 0.375 0.1265625 0.3796875 0.13125 0.3859375 0.1328125 0.39375 0.14375 0.403125 0.1484375 0.4046875 0.1546875 0.4109375 0.1578125 0.4171875 0.1671875 0.428125 0.175 0.4296875 0.18125 0.4359375 0.1828125 0.440625 0.1875 0.440625 0.1921875 0.453125 0.203125 0.4546875 0.209375 0.4609375 0.2125 0.4625 0.2171875 0.46875 0.2234375 0.4734375 0.225 0.4734375 0.2296875 0.4859375 0.240625 0.4875 0.246875 0.4984375 0.25625 0.5 0.2640625 0.5109375 0.2734375 0.5125 0.2796875 0.51875 0.2859375 0.5234375 0.2875 0.528125 0.296875 0.5359375 0.303125 0.5375 0.309375 0.5453125 0.315625 0.5453125 0.31875 0.5578125 0.33125 0.5578125 0.3359375 0.5609375 0.3375 0.5703125 0.35625 0.5796875 0.365625 0.5828125 0.365625 0.5828125 0.36875 0.590625 0.375 0.59375 0.38125 0.5984375 0.3828125 0.6 0.3921875 0.60625 0.3984375 0.6109375 0.4 0.6125 0.4046875 0.61875 0.4109375 0.6234375 0.4125 0.625 0.4171875 0.63125 0.4234375 0.6359375 0.425 0.6375 0.4296875 0.64375 0.4359375 0.6484375 0.4375 0.65 0.4421875 0.65625 0.4484375 0.6609375 0.4484375 0.665625 0.453125 0.6671875 0.459375 0.6734375 0.465625 0.675 0.4734375 0.678125 0.475 0.678125 0.4796875 0.6859375 0.4859375 0.6875 0.4921875 0.69375 0.4984375 0.6984375 0.5 0.7 0.5046875 0.7046875 0.5078125 0.7046875 0.5109375 0.7078125 0.5125 0.7078125 0.5171875 0.7125 0.5203125 0.7125 0.5234375 0.7203125 0.53125 0.7203125 0.534375 0.728125 0.540625 0.7296875 0.546875 0.7359375 0.55 0.7421875 0.5640625 0.7484375 0.56875 0.7484375 0.571875 0.753125 0.575 0.7546875 0.5796875 0.7609375 0.5828125 0.7671875 0.5921875 0.7734375 0.5953125 0.7796875 0.6046875 0.7859375 0.6078125 0.79375 0.61875 0.803125 0.6234375 0.821875 0.64375 0.828125 0.6453125 0.83125 0.65 0.8359375 0.65 0.8390625 0.65625 0.8453125 0.6578125 0.8625 0.675 0.8640625 0.68125 0.8703125 0.6828125 0.871875 0.6859375 0.8796875 0.6875 0.8890625 0.6984375 0.8921875 0.6984375 0.8921875 0.7015625 0.896875 0.70625 0.903125 0.7078125 0.9109375 0.715625 0.9125 0.721875 0.9234375 0.7328125 0.925 0.746875 0.928125 0.7484375 0.928125 0.7734375 0.925 0.775 0.925 0.78125 0.9203125 0.7859375 0.9203125 0.79375 0.9234375 0.7953125 0.9234375 0.8015625 0.925 0.80625 0.928125 0.8078125 0.9296875 0.8171875 0.9375 0.825 0.9375 0.8296875 0.940625 0.83125 0.9421875 0.8390625 0.9453125 0.840625 0.9453125 0.8484375 0.9484375 0.85 0.95 0.85625 0.95 0.8734375 0.9421875 0.8734375 0.93125 0.871875 0.9203125 0.8609375 0.9125 0.859375 0.9109375 0.85625 0.90625 0.85625 0.903125 0.8515625 0.896875 0.8515625 0.8875 0.84375 0.8515625 0.8421875 0.8421875 0.84375 0.840625 0.846875 0.83125 0.8484375 0.8296875 0.8515625 0.8171875 0.85625 0.815625 0.859375 0.80625 0.8609375 0.8 0.8515625 0.8015625 0.846875 0.8 0.8375 0.796875 0.8359375 0.796875 0.83125 0.7921875 0.8265625 0.78125 0.8265625 0.778125 0.821875 0.7671875 0.8171875 0.7578125 0.80625 0.7515625 0.8046875 0.75 0.8 0.74375 0.796875 0.7359375 0.7859375 0.7265625 0.7796875 0.7265625 0.775 0.7203125 0.76875 0.7125 0.7671875 0.7109375 0.7640625 0.70625 0.7640625 0.7046875 0.7609375 0.703125 0.7640625 0.6921875 0.7640625 0.690625 0.7671875 0.675 0.76875 0.6625 0.7796875 0.6515625 0.78125 0.6375 0.7953125 0.6359375 0.8046875 0.621875 0.8046875 0.6109375 0.79375 0.60625 0.79375 0.5953125 0.78125 0.5890625 0.7796875 0.5875 0.775 0.58125 0.771875 0.5734375 0.7609375 0.5640625 0.7546875 0.5640625 0.75 0.5609375 0.746875 0.55625 0.746875 0.5515625 0.7421875 0.5515625 0.7375 0.5484375 0.734375 0.54375 0.734375 0.54375 0.73125 0.5390625 0.7296875 0.5359375 0.7234375 0.53125 0.7234375 0.5296875 0.703125 0.53125 0.6953125 0.534375 0.69375 0.534375 0.678125 0.5375 0.6765625 0.534375 0.6734375 0.5375 0.671875 0.5390625 0.6609375 0.5375 0.6203125 0.534375 0.61875 0.534375 0.6078125 0.53125 0.60625 0.5296875 0.5859375 0.5265625 0.584375 0.525 0.575 0.51875 0.571875 0.50625 0.559375 0.5046875 0.5453125 0.5015625 0.54375 0.5 0.5234375 0.49375 0.5171875 0.49375 0.5125 0.4828125 0.5015625 0.4765625 0.5015625 0.475 0.4984375 0.4625 0.4984375 0.4609375 0.5015625 0.4546875 0.5015625 0.4453125 0.509375 0.4375 0.509375 0.4296875 0.515625 0.428125 0.521875 0.425 0.5234375 0.4234375 0.5421875 0.4203125 0.54375 0.4203125 0.5484375 0.4171875 0.55 0.415625 0.571875 0.4171875 0.5859375 0.4203125 0.5875 0.4203125 0.596875 0.415625 0.5984375 0.4 0.596875 0.3984375 0.59375 0.39375 0.59375 0.3828125 0.58125 0.3765625 0.5796875 0.3734375 0.5734375 0.36875 0.571875 0.3671875 0.565625 0.3640625 0.5640625 0.3625 0.553125 0.3546875 0.546875 0.3546875 0.540625 0.3515625 0.5390625 0.35 0.5328125 0.3421875 0.5296875 0.3421875 0.525 0.3390625 0.5234375 0.3375 0.51875 0.3375 0.5125 0.3296875 0.509375 0.3296875 0.50625 0.325 0.5046875 0.3234375 0.5015625 0.31875 0.5015625 0.3171875 0.4953125 0.3015625 0.4796875 0.3015625 0.475 0.2921875 0.4671875 0.2921875 0.4625 0.2875 0.459375 0.2875 0.45625 0.284375 0.4546875 0.284375 0.45 0.28125 0.4484375 0.28125 0.4453125 0.2765625 0.4421875 0.275 0.4375 0.26875 0.434375 0.2609375 0.4234375 0.2546875 0.421875 0.2453125 0.4109375 0.2390625 0.4109375 0.2359375 0.40625 0.23125 0.4046875 0.228125 0.3984375 0.221875 0.396875 0.209375 0.384375 0.209375 0.38125 0.2046875 0.3765625 0.20625 0.36875 0.2015625 0.3671875 0.20625 0.3578125 0.2140625 0.3546875 0.2125 0.3484375 0.20625 0.3484375 0.20625 0.3453125 0.2140625 0.34375 0.2140625 0.3 0.209375 0.290625 0.20625 0.2890625 0.2046875 0.2828125 0.2 0.2796875 0.2 0.2609375 0.196875 0.259375 0.196875 0.253125 0.19375 0.2515625 0.1921875 0.24375 0.1890625 0.2421875 0.1875 0.225 0.184375 0.2234375 0.184375 0.215625 0.18125 0.2140625 0.1796875 0.2 0.1765625 0.1984375 0.1765625 0.1859375 0.175 0.18125 0.171875 0.1796875 0.171875 0.175 0.16875 0.1734375 0.1671875 0.115625 0.16875 0.1140625 0.16875 0.090625 0.171875 0.0890625 0.171875 0.075 0.175 0.0734375 0.1765625 0.053125 0.1796875 0.0515625 0.18125 0.0375 0.184375 0.0359375 0.184375 0.028125 0.1875 0.0265625 0.1875 0.015625 0.1890625 0.0109375 0.19375 0.009375 0.19375 0.00625 0.1984375 0.00625 0.2 0.003125 0.2046875 0.0015625
Leaf_Blight_Leaf_Blight_423,MISSING_LABEL,,No label file
Leaf_Blight_Leaf_Blight_424,MISSING_LABEL,,No label file
Leaf_Blight_Leaf_Blight_425,MISSING_LABEL,,No label file
Leaf_Blight_Leaf_Blight_426,MISSING_LABEL,,No label file
Leaf_Blight_Leaf_Blight_427,MISSING_LABEL,,No label file
Leaf_Blight_Leaf_Blight_428,MISSING_LABEL,,No label file
Leaf_Blight_Leaf_Blight_429,MISSING_LABEL,,No label file
Leaf_Blight_Leaf_Blight_43,VALID,,
Leaf_Blight_Leaf_Blight_430,MISSING_LABEL,,No label file
Leaf_Blight_Leaf_Blight_431,MISSING_LABEL,,No label file
Leaf_Blight_Leaf_Blight_432,MISSING_LABEL,,No label file
Leaf_Blight_Leaf_Blight_433,MISSING_LABEL,,No label file
Leaf_Blight_Leaf_Blight_434,MISSING_LABEL,,No label file
Leaf_Blight_Leaf_Blight_435,MISSING_LABEL,,No label file
Leaf_Blight_Leaf_Blight_436,MISSING_LABEL,,No label file
Leaf_Blight_Leaf_Blight_437,MISSING_LABEL,,No label file
Leaf_Blight_Leaf_Blight_438,MISSING_LABEL,,No label file
Leaf_Blight_Leaf_Blight_439,MISSING_LABEL,,No label file
Leaf_Blight_Leaf_Blight_44,VALID,,
Leaf_Blight_Leaf_Blight_440,MISSING_LABEL,,No label file
Leaf_Blight_Leaf_Blight_45,MISSING_LABEL,,No label file
Leaf_Blight_Leaf_Blight_46,MISSING_LABEL,,No label file
Leaf_Blight_Leaf_Blight_47,MISSING_LABEL,,No label file
Leaf_Blight_Leaf_Blight_48,MISSING_LABEL,,No label file
Leaf_Blight_Leaf_Blight_49,MISSING_LABEL,,No label file
Leaf_Blight_Leaf_Blight_5,MISSING_LABEL,,No label file
Leaf_Blight_Leaf_Blight_50,MISSING_LABEL,,No label file
Leaf_Blight_Leaf_Blight_51,MISSING_LABEL,,No label file
Leaf_Blight_Leaf_Blight_52,VALID,,
Leaf_Blight_Leaf_Blight_53,VALID,,
Leaf_Blight_Leaf_Blight_54,MISSING_LABEL,,No label file
Leaf_Blight_Leaf_Blight_55,MISSING_LABEL,,No label file
Leaf_Blight_Leaf_Blight_56,VALID,,
Leaf_Blight_Leaf_Blight_57,VALID,,
Leaf_Blight_Leaf_Blight_58,MISSING_LABEL,,No label file
Leaf_Blight_Leaf_Blight_59,MISSING_LABEL,,No label file
Leaf_Blight_Leaf_Blight_6,MISSING_LABEL,,No label file
Leaf_Blight_Leaf_Blight_60,MISSING_LABEL,,No label file
Leaf_Blight_Leaf_Blight_61,MISSING_LABEL,,No label file
Leaf_Blight_Leaf_Blight_62,MISSING_LABEL,,No label file
Leaf_Blight_Leaf_Blight_63,VALID,,
Leaf_Blight_Leaf_Blight_64,MISSING_LABEL,,No label file
Leaf_Blight_Leaf_Blight_65,MISSING_LABEL,,No label file
Leaf_Blight_Leaf_Blight_66,MISSING_LABEL,,No label file
Leaf_Blight_Leaf_Blight_67,MISSING_LABEL,,No label file
Leaf_Blight_Leaf_Blight_68,VALID,,
Leaf_Blight_Leaf_Blight_69,VALID,,
Leaf_Blight_Leaf_Blight_7,MISSING_LABEL,,No label file
Leaf_Blight_Leaf_Blight_70,MISSING_LABEL,,No label file
Leaf_Blight_Leaf_Blight_71,MISSING_LABEL,,No label file
Leaf_Blight_Leaf_Blight_72,MISSING_LABEL,,No label file
Leaf_Blight_Leaf_Blight_73,MISSING_LABEL,,No label file
Leaf_Blight_Leaf_Blight_74,MISSING_LABEL,,No label file
Leaf_Blight_Leaf_Blight_75,MISSING_LABEL,,No label file
Leaf_Blight_Leaf_Blight_76,MISSING_LABEL,,No label file
Leaf_Blight_Leaf_Blight_77,MISSING_LABEL,,No label file
Leaf_Blight_Leaf_Blight_78,MISSING_LABEL,,No label file
Leaf_Blight_Leaf_Blight_79,MISSING_LABEL,,No label file
Leaf_Blight_Leaf_Blight_8,MISSING_LABEL,,No label file
Leaf_Blight_Leaf_Blight_80,MISSING_LABEL,,No label file
Leaf_Blight_Leaf_Blight_81,MISSING_LABEL,,No label file
Leaf_Blight_Leaf_Blight_82,MISSING_LABEL,,No label file
Leaf_Blight_Leaf_Blight_83,VALID,,
Leaf_Blight_Leaf_Blight_84,VALID,,
Leaf_Blight_Leaf_Blight_85,MISSING_LABEL,,No label file
Leaf_Blight_Leaf_Blight_86,VALID,,
Leaf_Blight_Leaf_Blight_87,VALID,,
Leaf_Blight_Leaf_Blight_88,MISSING_LABEL,,No label file
Leaf_Blight_Leaf_Blight_89,VALID,,
Leaf_Blight_Leaf_Blight_9,MISSING_LABEL,,No label file
Leaf_Blight_Leaf_Blight_90,MISSING_LABEL,,No label file
Leaf_Blight_Leaf_Blight_91,MISSING_LABEL,,No label file
Leaf_Blight_Leaf_Blight_92,MISSING_LABEL,,No label file
Leaf_Blight_Leaf_Blight_93,MISSING_LABEL,,No label file
Leaf_Blight_Leaf_Blight_94,MISSING_LABEL,,No label file
Leaf_Blight_Leaf_Blight_95,VALID,,
Leaf_Blight_Leaf_Blight_96,MISSING_LABEL,,No label file
Leaf_Blight_Leaf_Blight_97,VALID,,
Leaf_Blight_Leaf_Blight_98,MISSING_LABEL,,No label file
Leaf_Blight_Leaf_Blight_99,MISSING_LABEL,,No label file
Leaf_Colletotrichum_Leaf_Colletotrichum_1,MISSING_LABEL,,No label file
Leaf_Colletotrichum_Leaf_Colletotrichum_10,VALID,,
Leaf_Colletotrichum_Leaf_Colletotrichum_100,VALID,,
Leaf_Colletotrichum_Leaf_Colletotrichum_101,MISSING_LABEL,,No label file
Leaf_Colletotrichum_Leaf_Colletotrichum_102,MISSING_LABEL,,No label file
Leaf_Colletotrichum_Leaf_Colletotrichum_103,MISSING_LABEL,,No label file
Leaf_Colletotrichum_Leaf_Colletotrichum_104,VALID,,
Leaf_Colletotrichum_Leaf_Colletotrichum_105,MISSING_LABEL,,No label file
Leaf_Colletotrichum_Leaf_Colletotrichum_106,VALID,,
Leaf_Colletotrichum_Leaf_Colletotrichum_107,MISSING_LABEL,,No label file
Leaf_Colletotrichum_Leaf_Colletotrichum_108,MISSING_LABEL,,No label file
Leaf_Colletotrichum_Leaf_Colletotrichum_109,MISSING_LABEL,,No label file
Leaf_Colletotrichum_Leaf_Colletotrichum_11,MISSING_LABEL,,No label file
Leaf_Colletotrichum_Leaf_Colletotrichum_110,MISSING_LABEL,,No label file
Leaf_Colletotrichum_Leaf_Colletotrichum_111,VALID,,
Leaf_Colletotrichum_Leaf_Colletotrichum_112,MISSING_LABEL,,No label file
Leaf_Colletotrichum_Leaf_Colletotrichum_113,MISSING_LABEL,,No label file
Leaf_Colletotrichum_Leaf_Colletotrichum_114,VALID,,
Leaf_Colletotrichum_Leaf_Colletotrichum_115,MISSING_LABEL,,No label file
Leaf_Colletotrichum_Leaf_Colletotrichum_116,MISSING_LABEL,,No label file
Leaf_Colletotrichum_Leaf_Colletotrichum_117,MISSING_LABEL,,No label file
Leaf_Colletotrichum_Leaf_Colletotrichum_118,MISSING_LABEL,,No label file
Leaf_Colletotrichum_Leaf_Colletotrichum_119,MISSING_LABEL,,No label file
Leaf_Colletotrichum_Leaf_Colletotrichum_11_jpg.rf.0a40b0b0f35da6210bf4cc1acc228035,VALID,,
Leaf_Colletotrichum_Leaf_Colletotrichum_11_jpg.rf.59243107e2ee54aa28346c16aa165efb,VALID,,
Leaf_Colletotrichum_Leaf_Colletotrichum_11_jpg.rf.877dc1cddb5787cff79d58e0fe918b24,VALID,,
Leaf_Colletotrichum_Leaf_Colletotrichum_12,MISSING_LABEL,,No label file
Leaf_Colletotrichum_Leaf_Colletotrichum_120,MISSING_LABEL,,No label file
Leaf_Colletotrichum_Leaf_Colletotrichum_121,MISSING_LABEL,,No label file
Leaf_Colletotrichum_Leaf_Colletotrichum_122,MISSING_LABEL,,No label file
Leaf_Colletotrichum_Leaf_Colletotrichum_123,VALID,,
Leaf_Colletotrichum_Leaf_Colletotrichum_124,VALID,,
Leaf_Colletotrichum_Leaf_Colletotrichum_125,VALID,,
Leaf_Colletotrichum_Leaf_Colletotrichum_126,MISSING_LABEL,,No label file
Leaf_Colletotrichum_Leaf_Colletotrichum_127,VALID,,
Leaf_Colletotrichum_Leaf_Colletotrichum_128,VALID,,
Leaf_Colletotrichum_Leaf_Colletotrichum_129,VALID,,
Leaf_Colletotrichum_Leaf_Colletotrichum_13,MISSING_LABEL,,No label file
Leaf_Colletotrichum_Leaf_Colletotrichum_130,MISSING_LABEL,,No label file
Leaf_Colletotrichum_Leaf_Colletotrichum_131,MISSING_LABEL,,No label file
Leaf_Colletotrichum_Leaf_Colletotrichum_132,MISSING_LABEL,,No label file
Leaf_Colletotrichum_Leaf_Colletotrichum_133,MISSING_LABEL,,No label file
Leaf_Colletotrichum_Leaf_Colletotrichum_134,MISSING_LABEL,,No label file
Leaf_Colletotrichum_Leaf_Colletotrichum_135,MISSING_LABEL,,No label file
Leaf_Colletotrichum_Leaf_Colletotrichum_136,VALID,,
Leaf_Colletotrichum_Leaf_Colletotrichum_137,MISSING_LABEL,,No label file
Leaf_Colletotrichum_Leaf_Colletotrichum_138,MISSING_LABEL,,No label file
Leaf_Colletotrichum_Leaf_Colletotrichum_139,MISSING_LABEL,,No label file
Leaf_Colletotrichum_Leaf_Colletotrichum_14,MISSING_LABEL,,No label file
Leaf_Colletotrichum_Leaf_Colletotrichum_140,MISSING_LABEL,,No label file
Leaf_Colletotrichum_Leaf_Colletotrichum_141,MISSING_LABEL,,No label file
Leaf_Colletotrichum_Leaf_Colletotrichum_142,MISSING_LABEL,,No label file
Leaf_Colletotrichum_Leaf_Colletotrichum_143,MISSING_LABEL,,No label file
Leaf_Colletotrichum_Leaf_Colletotrichum_144,MISSING_LABEL,,No label file
Leaf_Colletotrichum_Leaf_Colletotrichum_145,MISSING_LABEL,,No label file
Leaf_Colletotrichum_Leaf_Colletotrichum_146,MISSING_LABEL,,No label file
Leaf_Colletotrichum_Leaf_Colletotrichum_147,MISSING_LABEL,,No label file
Leaf_Colletotrichum_Leaf_Colletotrichum_148,VALID,,
Leaf_Colletotrichum_Leaf_Colletotrichum_149,VALID,,
Leaf_Colletotrichum_Leaf_Colletotrichum_15,MISSING_LABEL,,No label file
Leaf_Colletotrichum_Leaf_Colletotrichum_150,MISSING_LABEL,,No label file
Leaf_Colletotrichum_Leaf_Colletotrichum_151,MISSING_LABEL,,No label file
Leaf_Colletotrichum_Leaf_Colletotrichum_152,MISSING_LABEL,,No label file
Leaf_Colletotrichum_Leaf_Colletotrichum_153,MISSING_LABEL,,No label file
Leaf_Colletotrichum_Leaf_Colletotrichum_154,MISSING_LABEL,,No label file
Leaf_Colletotrichum_Leaf_Colletotrichum_155,MISSING_LABEL,,No label file
Leaf_Colletotrichum_Leaf_Colletotrichum_156,MISSING_LABEL,,No label file
Leaf_Colletotrichum_Leaf_Colletotrichum_157,VALID,,
Leaf_Colletotrichum_Leaf_Colletotrichum_158,VALID,,
Leaf_Colletotrichum_Leaf_Colletotrichum_159,MISSING_LABEL,,No label file
Leaf_Colletotrichum_Leaf_Colletotrichum_16,MISSING_LABEL,,No label file
Leaf_Colletotrichum_Leaf_Colletotrichum_160,MISSING_LABEL,,No label file
Leaf_Colletotrichum_Leaf_Colletotrichum_161,MISSING_LABEL,,No label file
Leaf_Colletotrichum_Leaf_Colletotrichum_162,MISSING_LABEL,,No label file
Leaf_Colletotrichum_Leaf_Colletotrichum_163,MISSING_LABEL,,No label file
Leaf_Colletotrichum_Leaf_Colletotrichum_164,MISSING_LABEL,,No label file
Leaf_Colletotrichum_Leaf_Colletotrichum_165,VALID,,
Leaf_Colletotrichum_Leaf_Colletotrichum_166,MISSING_LABEL,,No label file
Leaf_Colletotrichum_Leaf_Colletotrichum_167,MISSING_LABEL,,No label file
Leaf_Colletotrichum_Leaf_Colletotrichum_168,VALID,,
Leaf_Colletotrichum_Leaf_Colletotrichum_169,VALID,,
Leaf_Colletotrichum_Leaf_Colletotrichum_17,VALID,,
Leaf_Colletotrichum_Leaf_Colletotrichum_170,MISSING_LABEL,,No label file
Leaf_Colletotrichum_Leaf_Colletotrichum_171,MISSING_LABEL,,No label file
Leaf_Colletotrichum_Leaf_Colletotrichum_172,MISSING_LABEL,,No label file
Leaf_Colletotrichum_Leaf_Colletotrichum_173,MISSING_LABEL,,No label file
Leaf_Colletotrichum_Leaf_Colletotrichum_174,MISSING_LABEL,,No label file
Leaf_Colletotrichum_Leaf_Colletotrichum_175,MISSING_LABEL,,No label file
Leaf_Colletotrichum_Leaf_Colletotrichum_176,MISSING_LABEL,,No label file
Leaf_Colletotrichum_Leaf_Colletotrichum_177,MISSING_LABEL,,No label file
Leaf_Colletotrichum_Leaf_Colletotrichum_178,VALID,,
Leaf_Colletotrichum_Leaf_Colletotrichum_179,MISSING_LABEL,,No label file
Leaf_Colletotrichum_Leaf_Colletotrichum_18,MISSING_LABEL,,No label file
Leaf_Colletotrichum_Leaf_Colletotrichum_180,MISSING_LABEL,,No label file
Leaf_Colletotrichum_Leaf_Colletotrichum_181,MISSING_LABEL,,No label file
Leaf_Colletotrichum_Leaf_Colletotrichum_182,MISSING_LABEL,,No label file
Leaf_Colletotrichum_Leaf_Colletotrichum_183,MISSING_LABEL,,No label file
Leaf_Colletotrichum_Leaf_Colletotrichum_184,VALID,,
Leaf_Colletotrichum_Leaf_Colletotrichum_185,VALID,,
Leaf_Colletotrichum_Leaf_Colletotrichum_186,MISSING_LABEL,,No label file
Leaf_Colletotrichum_Leaf_Colletotrichum_187,MISSING_LABEL,,No label file
Leaf_Colletotrichum_Leaf_Colletotrichum_188,MISSING_LABEL,,No label file
Leaf_Colletotrichum_Leaf_Colletotrichum_189,MISSING_LABEL,,No label file
Leaf_Colletotrichum_Leaf_Colletotrichum_19,MISSING_LABEL,,No label file
Leaf_Colletotrichum_Leaf_Colletotrichum_190,VALID,,
Leaf_Colletotrichum_Leaf_Colletotrichum_191,MISSING_LABEL,,No label file
Leaf_Colletotrichum_Leaf_Colletotrichum_192,MISSING_LABEL,,No label file
Leaf_Colletotrichum_Leaf_Colletotrichum_193,MISSING_LABEL,,No label file
Leaf_Colletotrichum_Leaf_Colletotrichum_194,MISSING_LABEL,,No label file
Leaf_Colletotrichum_Leaf_Colletotrichum_195,MISSING_LABEL,,No label file
Leaf_Colletotrichum_Leaf_Colletotrichum_196,MISSING_LABEL,,No label file
Leaf_Colletotrichum_Leaf_Colletotrichum_197,MISSING_LABEL,,No label file
Leaf_Colletotrichum_Leaf_Colletotrichum_198,MISSING_LABEL,,No label file
Leaf_Colletotrichum_Leaf_Colletotrichum_199,MISSING_LABEL,,No label file
Leaf_Colletotrichum_Leaf_Colletotrichum_2,MISSING_LABEL,,No label file
Leaf_Colletotrichum_Leaf_Colletotrichum_20,MISSING_LABEL,,No label file
Leaf_Colletotrichum_Leaf_Colletotrichum_200,MISSING_LABEL,,No label file
Leaf_Colletotrichum_Leaf_Colletotrichum_201,VALID,,
Leaf_Colletotrichum_Leaf_Colletotrichum_202,MISSING_LABEL,,No label file
Leaf_Colletotrichum_Leaf_Colletotrichum_202_jpg.rf.3e93e0ea9693f2895b6c9b1819410c0e,MALFORMED,Invalid part count,3 0.334375 0 0.3703125 0 0.371875 0.003125 0.3828125 0.003125 0.384375 0.00625 0.403125 0.00625 0.4046875 0.003125 0.415625 0.003125 0.4171875 0.00625 0.425 0.00625 0.4265625 0.003125 0.4328125 0.003125 0.434375 0 0.4578125 0 0.459375 0.003125 0.4875 0.003125 0.4890625 0 0.5125 0 0.5140625 0.003125 0.5734375 0.003125 0.575 0.00625 0.5859375 0.00625 0.5875 0.003125 0.5953125 0.003125 0.596875 0 0.6203125 0 0.621875 0.003125 0.6421875 0.003125 0.64375 0 0.6671875 0 0.6703125 0.003125 0.6703125 0.00625 0.6734375 0.0078125 0.6734375 0.0390625 0.675 0.040625 0.6734375 0.05 0.6734375 0.0734375 0.675 0.075 0.6734375 0.14375 0.675 0.1453125 0.675 0.16875 0.678125 0.1703125 0.6796875 0.3046875 0.6828125 0.30625 0.6828125 0.3265625 0.6796875 0.328125 0.6796875 0.3359375 0.6828125 0.3375 0.6828125 0.39375 0.6859375 0.3953125 0.6859375 0.3984375 0.6828125 0.4 0.6828125 0.4171875 0.6859375 0.41875 0.6828125 0.4203125 0.6828125 0.4734375 0.6796875 0.475 0.678125 0.5046875 0.675 0.50625 0.6734375 0.521875 0.6703125 0.5234375 0.665625 0.54375 0.6625 0.5453125 0.6609375 0.5671875 0.6578125 0.56875 0.6578125 0.5765625 0.6546875 0.578125 0.653125 0.6046875 0.65 0.60625 0.6484375 0.6265625 0.6453125 0.628125 0.6453125 0.646875 0.6421875 0.6484375 0.6421875 0.6640625 0.640625 0.665625 0.640625 0.7015625 0.6375 0.703125 0.6359375 0.7765625 0.6328125 0.778125 0.6328125 0.796875 0.6296875 0.7984375 0.6296875 0.8046875 0.628125 0.809375 0.625 0.8109375 0.6234375 0.821875 0.6171875 0.825 0.6171875 0.8296875 0.6125 0.8328125 0.6109375 0.8390625 0.6046875 0.8453125 0.5953125 0.8640625 0.5796875 0.878125 0.578125 0.884375 0.565625 0.8953125 0.565625 0.8984375 0.5625 0.9 0.5609375 0.909375 0.55625 0.9109375 0.553125 0.91875 0.55 0.9203125 0.5484375 0.9296875 0.5421875 0.9328125 0.540625 0.9390625 0.528125 0.9515625 0.5171875 0.9515625 0.515625 0.9484375 0.509375 0.946875 0.5046875 0.9375 0.496875 0.934375 0.4953125 0.93125 0.48125 0.9296875 0.478125 0.9234375 0.4671875 0.921875 0.4578125 0.928125 0.4578125 0.9515625 0.4546875 0.953125 0.453125 0.9640625 0.45 0.965625 0.4484375 0.996875 0.421875 0.996875 0.4171875 0.9890625 0.4015625 0.984375 0.4 0.975 0.396875 0.9734375 0.396875 0.9703125 0.38125 0.9546875 0.3796875 0.9375 0.3765625 0.9359375 0.375 0.9296875 0.375 0.9203125 0.36875 0.9140625 0.3671875 0.903125 0.3640625 0.9015625 0.3625 0.89375 0.359375 0.8921875 0.359375 0.8875 0.35625 0.8859375 0.3546875 0.878125 0.3515625 0.8765625 0.35 0.86875 0.346875 0.8671875 0.346875 0.8625 0.34375 0.8609375 0.3421875 0.853125 0.3390625 0.8515625 0.3375 0.8453125 0.33125 0.8421875 0.3296875 0.8359375 0.321875 0.8296875 0.321875 0.825 0.3140625 0.8171875 0.3125 0.80625 0.309375 0.8046875 0.309375 0.7984375 0.30625 0.796875 0.3046875 0.778125 0.3015625 0.7765625 0.3 0.753125 0.296875 0.7515625 0.296875 0.74375 0.29375 0.7421875 0.2921875 0.7109375 0.2890625 0.709375 0.2890625 0.675 0.2875 0.6734375 0.2890625 0.671875 0.2890625 0.6453125 0.2875 0.64375 0.2875 0.615625 0.284375 0.6140625 0.284375 0.6078125 0.2875 0.60625 0.284375 0.6046875 0.284375 0.5625 0.28125 0.5609375 0.2796875 0.51875 0.2765625 0.5171875 0.2765625 0.5 0.275 0.490625 0.271875 0.4890625 0.271875 0.4734375 0.26875 0.471875 0.2671875 0.4609375 0.2671875 0.3578125 0.26875 0.34375 0.271875 0.3421875 0.271875 0.31875 0.275 0.3171875 0.2765625 0.2703125 0.2796875 0.26875 0.28125 0.2328125 0.284375 0.23125 0.284375 0.2125 0.2875 0.2109375 0.2890625 0.1828125 0.2921875 0.18125 0.29375 0.15625 0.296875 0.1546875 0.296875 0.14375 0.3 0.1421875 0.3015625 0.11875 0.3046875 0.1171875 0.3046875 0.103125 0.30625 0.09375 0.309375 0.0921875 0.309375 0.08125 0.3125 0.0796875 0.3140625 0.0578125 0.3171875 0.05625 0.31875 0.0375 0.321875 0.0359375 0.321875 0.028125 0.325 0.0265625 0.3265625 0.0109375 0.3296875 0.009375 0.3296875 0.003125 0.334375 0.0015625
Leaf_Colletotrichum_Leaf_Colletotrichum_202_jpg.rf.d402397a490ceccb2dc6ac6f7060456d,MALFORMED,Invalid part count,3 0.334375 0 0.3703125 0 0.371875 0.003125 0.3828125 0.003125 0.384375 0.00625 0.403125 0.00625 0.4046875 0.003125 0.415625 0.003125 0.4171875 0.00625 0.425 0.00625 0.4265625 0.003125 0.4328125 0.003125 0.434375 0 0.4578125 0 0.459375 0.003125 0.4875 0.003125 0.4890625 0 0.5125 0 0.5140625 0.003125 0.5734375 0.003125 0.575 0.00625 0.5859375 0.00625 0.5875 0.003125 0.5953125 0.003125 0.596875 0 0.6203125 0 0.621875 0.003125 0.6421875 0.003125 0.64375 0 0.6671875 0 0.6703125 0.003125 0.6703125 0.00625 0.6734375 0.0078125 0.6734375 0.0390625 0.675 0.040625 0.6734375 0.05 0.6734375 0.0734375 0.675 0.075 0.6734375 0.14375 0.675 0.1453125 0.675 0.16875 0.678125 0.1703125 0.6796875 0.3046875 0.6828125 0.30625 0.6828125 0.3265625 0.6796875 0.328125 0.6796875 0.3359375 0.6828125 0.3375 0.6828125 0.39375 0.6859375 0.3953125 0.6859375 0.3984375 0.6828125 0.4 0.6828125 0.4171875 0.6859375 0.41875 0.6828125 0.4203125 0.6828125 0.4734375 0.6796875 0.475 0.678125 0.5046875 0.675 0.50625 0.6734375 0.521875 0.6703125 0.5234375 0.665625 0.54375 0.6625 0.5453125 0.6609375 0.5671875 0.6578125 0.56875 0.6578125 0.5765625 0.6546875 0.578125 0.653125 0.6046875 0.65 0.60625 0.6484375 0.6265625 0.6453125 0.628125 0.6453125 0.646875 0.6421875 0.6484375 0.6421875 0.6640625 0.640625 0.665625 0.640625 0.7015625 0.6375 0.703125 0.6359375 0.7765625 0.6328125 0.778125 0.6328125 0.796875 0.6296875 0.7984375 0.6296875 0.8046875 0.628125 0.809375 0.625 0.8109375 0.6234375 0.821875 0.6171875 0.825 0.6171875 0.8296875 0.6125 0.8328125 0.6109375 0.8390625 0.6046875 0.8453125 0.5953125 0.8640625 0.5796875 0.878125 0.578125 0.884375 0.565625 0.8953125 0.565625 0.8984375 0.5625 0.9 0.5609375 0.909375 0.55625 0.9109375 0.553125 0.91875 0.55 0.9203125 0.5484375 0.9296875 0.5421875 0.9328125 0.540625 0.9390625 0.528125 0.9515625 0.5171875 0.9515625 0.515625 0.9484375 0.509375 0.946875 0.5046875 0.9375 0.496875 0.934375 0.4953125 0.93125 0.48125 0.9296875 0.478125 0.9234375 0.4671875 0.921875 0.4578125 0.928125 0.4578125 0.9515625 0.4546875 0.953125 0.453125 0.9640625 0.45 0.965625 0.4484375 0.996875 0.421875 0.996875 0.4171875 0.9890625 0.4015625 0.984375 0.4 0.975 0.396875 0.9734375 0.396875 0.9703125 0.38125 0.9546875 0.3796875 0.9375 0.3765625 0.9359375 0.375 0.9296875 0.375 0.9203125 0.36875 0.9140625 0.3671875 0.903125 0.3640625 0.9015625 0.3625 0.89375 0.359375 0.8921875 0.359375 0.8875 0.35625 0.8859375 0.3546875 0.878125 0.3515625 0.8765625 0.35 0.86875 0.346875 0.8671875 0.346875 0.8625 0.34375 0.8609375 0.3421875 0.853125 0.3390625 0.8515625 0.3375 0.8453125 0.33125 0.8421875 0.3296875 0.8359375 0.321875 0.8296875 0.321875 0.825 0.3140625 0.8171875 0.3125 0.80625 0.309375 0.8046875 0.309375 0.7984375 0.30625 0.796875 0.3046875 0.778125 0.3015625 0.7765625 0.3 0.753125 0.296875 0.7515625 0.296875 0.74375 0.29375 0.7421875 0.2921875 0.7109375 0.2890625 0.709375 0.2890625 0.675 0.2875 0.6734375 0.2890625 0.671875 0.2890625 0.6453125 0.2875 0.64375 0.2875 0.615625 0.284375 0.6140625 0.284375 0.6078125 0.2875 0.60625 0.284375 0.6046875 0.284375 0.5625 0.28125 0.5609375 0.2796875 0.51875 0.2765625 0.5171875 0.2765625 0.5 0.275 0.490625 0.271875 0.4890625 0.271875 0.4734375 0.26875 0.471875 0.2671875 0.4609375 0.2671875 0.3578125 0.26875 0.34375 0.271875 0.3421875 0.271875 0.31875 0.275 0.3171875 0.2765625 0.2703125 0.2796875 0.26875 0.28125 0.2328125 0.284375 0.23125 0.284375 0.2125 0.2875 0.2109375 0.2890625 0.1828125 0.2921875 0.18125 0.29375 0.15625 0.296875 0.1546875 0.296875 0.14375 0.3 0.1421875 0.3015625 0.11875 0.3046875 0.1171875 0.3046875 0.103125 0.30625 0.09375 0.309375 0.0921875 0.309375 0.08125 0.3125 0.0796875 0.3140625 0.0578125 0.3171875 0.05625 0.31875 0.0375 0.321875 0.0359375 0.321875 0.028125 0.325 0.0265625 0.3265625 0.0109375 0.3296875 0.009375 0.3296875 0.003125 0.334375 0.0015625
Leaf_Colletotrichum_Leaf_Colletotrichum_202_jpg.rf.f757a20065534b265b289bf8675ffc30,MALFORMED,Invalid part count,3 0.33125 0 0.3546875 0 0.35625 0.003125 0.3765625 0.003125 0.378125 0 0.4015625 0 0.403125 0.003125 0.4109375 0.003125 0.4125 0.00625 0.4234375 0.00625 0.425 0.003125 0.484375 0.003125 0.4859375 0 0.509375 0 0.5109375 0.003125 0.5390625 0.003125 0.540625 0 0.5640625 0 0.565625 0.003125 0.571875 0.003125 0.5734375 0.00625 0.58125 0.00625 0.5828125 0.003125 0.59375 0.003125 0.5953125 0.00625 0.6140625 0.00625 0.615625 0.003125 0.6265625 0.003125 0.628125 0 0.6640625 0 0.665625 0.003125 0.66875 0.003125 0.66875 0.009375 0.671875 0.0109375 0.6734375 0.0265625 0.6765625 0.028125 0.6765625 0.0359375 0.6796875 0.0375 0.68125 0.05625 0.684375 0.0578125 0.6859375 0.0796875 0.6890625 0.08125 0.6890625 0.0921875 0.6921875 0.09375 0.69375 0.1171875 0.696875 0.11875 0.6984375 0.1421875 0.7015625 0.14375 0.7015625 0.1546875 0.7046875 0.15625 0.70625 0.18125 0.709375 0.1828125 0.7109375 0.2109375 0.7140625 0.2125 0.7140625 0.23125 0.7171875 0.2328125 0.71875 0.26875 0.721875 0.2703125 0.7234375 0.3171875 0.7265625 0.31875 0.7265625 0.3421875 0.7296875 0.34375 0.73125 0.3578125 0.73125 0.4609375 0.7296875 0.471875 0.7265625 0.4734375 0.7265625 0.4890625 0.7234375 0.490625 0.721875 0.5171875 0.71875 0.51875 0.7171875 0.5609375 0.7140625 0.5625 0.7140625 0.6046875 0.7109375 0.60625 0.7140625 0.6078125 0.7140625 0.6140625 0.7109375 0.615625 0.7109375 0.64375 0.709375 0.6453125 0.709375 0.671875 0.7109375 0.6734375 0.709375 0.675 0.709375 0.709375 0.70625 0.7109375 0.7046875 0.7421875 0.7015625 0.74375 0.7015625 0.7515625 0.6984375 0.753125 0.696875 0.7765625 0.69375 0.778125 0.6921875 0.796875 0.6890625 0.7984375 0.6890625 0.8046875 0.6859375 0.80625 0.684375 0.8171875 0.6765625 0.825 0.6765625 0.8296875 0.66875 0.8359375 0.6671875 0.8421875 0.6625 0.84375 0.659375 0.8515625 0.65625 0.853125 0.6546875 0.8609375 0.6515625 0.8625 0.6515625 0.8671875 0.6484375 0.86875 0.646875 0.8765625 0.64375 0.878125 0.6421875 0.8859375 0.6390625 0.8875 0.6390625 0.8921875 0.6359375 0.89375 0.634375 0.9015625 0.63125 0.903125 0.6296875 0.9140625 0.6234375 0.9203125 0.6234375 0.9296875 0.621875 0.9359375 0.61875 0.9375 0.6171875 0.9546875 0.6015625 0.9703125 0.6015625 0.9734375 0.5984375 0.975 0.596875 0.984375 0.58125 0.9890625 0.5765625 0.996875 0.55 0.996875 0.5484375 0.965625 0.5453125 0.9640625 0.5453125 0.95625 0.540625 0.9515625 0.540625 0.928125 0.53125 0.921875 0.5203125 0.9234375 0.5171875 0.9296875 0.503125 0.93125 0.5015625 0.934375 0.4953125 0.9359375 0.4921875 0.94375 0.4828125 0.9484375 0.48125 0.9515625 0.4703125 0.9515625 0.4578125 0.9390625 0.45625 0.9328125 0.45 0.9296875 0.4484375 0.9203125 0.4453125 0.91875 0.44375 0.9125 0.4375 0.909375 0.4359375 0.9 0.4328125 0.8984375 0.4328125 0.8953125 0.4203125 0.884375 0.41875 0.878125 0.403125 0.8640625 0.39375 0.8453125 0.3875 0.8390625 0.3859375 0.8328125 0.38125 0.8296875 0.38125 0.825 0.375 0.821875 0.3734375 0.8109375 0.3703125 0.809375 0.36875 0.8046875 0.36875 0.7984375 0.365625 0.796875 0.365625 0.778125 0.3625 0.7765625 0.3609375 0.703125 0.3578125 0.7015625 0.3578125 0.665625 0.35625 0.6640625 0.35625 0.6484375 0.353125 0.646875 0.353125 0.628125 0.35 0.6265625 0.3484375 0.60625 0.3453125 0.6046875 0.34375 0.578125 0.340625 0.5765625 0.340625 0.56875 0.3375 0.5671875 0.3359375 0.5453125 0.3328125 0.54375 0.33125 0.53125 0.328125 0.5296875 0.328125 0.5234375 0.325 0.521875 0.3234375 0.50625 0.3203125 0.5046875 0.31875 0.475 0.315625 0.4734375 0.315625 0.4203125 0.3125 0.41875 0.315625 0.4171875 0.315625 0.4 0.3125 0.3984375 0.3125 0.3953125 0.315625 0.39375 0.315625 0.3375 0.31875 0.3359375 0.31875 0.328125 0.315625 0.3265625 0.315625 0.30625 0.31875 0.3046875 0.31875 0.2 0.3203125 0.1984375 0.3203125 0.1703125 0.3234375 0.16875 0.3234375 0.1453125 0.325 0.14375 0.325 0.128125 0.3234375 0.1265625 0.325 0.05 0.3234375 0.040625 0.325 0.0390625 0.325 0.0078125 0.33125 0.0015625
Leaf_Colletotrichum_Leaf_Colletotrichum_203,MISSING_LABEL,,No label file
Leaf_Colletotrichum_Leaf_Colletotrichum_204,MISSING_LABEL,,No label file
Leaf_Colletotrichum_Leaf_Colletotrichum_205,MISSING_LABEL,,No label file
Leaf_Colletotrichum_Leaf_Colletotrichum_206,MISSING_LABEL,,No label file
Leaf_Colletotrichum_Leaf_Colletotrichum_207,MISSING_LABEL,,No label file
Leaf_Colletotrichum_Leaf_Colletotrichum_208,VALID,,
Leaf_Colletotrichum_Leaf_Colletotrichum_209,VALID,,
Leaf_Colletotrichum_Leaf_Colletotrichum_21,VALID,,
Leaf_Colletotrichum_Leaf_Colletotrichum_210,MISSING_LABEL,,No label file
Leaf_Colletotrichum_Leaf_Colletotrichum_211,MISSING_LABEL,,No label file
Leaf_Colletotrichum_Leaf_Colletotrichum_212,MISSING_LABEL,,No label file
Leaf_Colletotrichum_Leaf_Colletotrichum_213,MISSING_LABEL,,No label file
Leaf_Colletotrichum_Leaf_Colletotrichum_214,MISSING_LABEL,,No label file
Leaf_Colletotrichum_Leaf_Colletotrichum_215,VALID,,
Leaf_Colletotrichum_Leaf_Colletotrichum_216,MISSING_LABEL,,No label file
Leaf_Colletotrichum_Leaf_Colletotrichum_217,MISSING_LABEL,,No label file
Leaf_Colletotrichum_Leaf_Colletotrichum_218,MISSING_LABEL,,No label file
Leaf_Colletotrichum_Leaf_Colletotrichum_219,MISSING_LABEL,,No label file
Leaf_Colletotrichum_Leaf_Colletotrichum_22,VALID,,
Leaf_Colletotrichum_Leaf_Colletotrichum_220,VALID,,
Leaf_Colletotrichum_Leaf_Colletotrichum_221,MISSING_LABEL,,No label file
Leaf_Colletotrichum_Leaf_Colletotrichum_222,MISSING_LABEL,,No label file
Leaf_Colletotrichum_Leaf_Colletotrichum_223,MISSING_LABEL,,No label file
Leaf_Colletotrichum_Leaf_Colletotrichum_224,MISSING_LABEL,,No label file
Leaf_Colletotrichum_Leaf_Colletotrichum_225,MISSING_LABEL,,No label file
Leaf_Colletotrichum_Leaf_Colletotrichum_226,MISSING_LABEL,,No label file
Leaf_Colletotrichum_Leaf_Colletotrichum_227,MISSING_LABEL,,No label file
Leaf_Colletotrichum_Leaf_Colletotrichum_228,MISSING_LABEL,,No label file
Leaf_Colletotrichum_Leaf_Colletotrichum_229,MISSING_LABEL,,No label file
Leaf_Colletotrichum_Leaf_Colletotrichum_23,VALID,,
Leaf_Colletotrichum_Leaf_Colletotrichum_230,MISSING_LABEL,,No label file
Leaf_Colletotrichum_Leaf_Colletotrichum_231,MISSING_LABEL,,No label file
Leaf_Colletotrichum_Leaf_Colletotrichum_232,MISSING_LABEL,,No label file
Leaf_Colletotrichum_Leaf_Colletotrichum_233,MISSING_LABEL,,No label file
Leaf_Colletotrichum_Leaf_Colletotrichum_234,MISSING_LABEL,,No label file
Leaf_Colletotrichum_Leaf_Colletotrichum_235,MISSING_LABEL,,No label file
Leaf_Colletotrichum_Leaf_Colletotrichum_236,MISSING_LABEL,,No label file
Leaf_Colletotrichum_Leaf_Colletotrichum_237,VALID,,
Leaf_Colletotrichum_Leaf_Colletotrichum_238,MISSING_LABEL,,No label file
Leaf_Colletotrichum_Leaf_Colletotrichum_239,MISSING_LABEL,,No label file
Leaf_Colletotrichum_Leaf_Colletotrichum_24,MISSING_LABEL,,No label file
Leaf_Colletotrichum_Leaf_Colletotrichum_240,MISSING_LABEL,,No label file
Leaf_Colletotrichum_Leaf_Colletotrichum_241,MISSING_LABEL,,No label file
Leaf_Colletotrichum_Leaf_Colletotrichum_242,MISSING_LABEL,,No label file
Leaf_Colletotrichum_Leaf_Colletotrichum_243,MISSING_LABEL,,No label file
Leaf_Colletotrichum_Leaf_Colletotrichum_244,MISSING_LABEL,,No label file
Leaf_Colletotrichum_Leaf_Colletotrichum_245,MISSING_LABEL,,No label file
Leaf_Colletotrichum_Leaf_Colletotrichum_246,MISSING_LABEL,,No label file
Leaf_Colletotrichum_Leaf_Colletotrichum_247,MISSING_LABEL,,No label file
Leaf_Colletotrichum_Leaf_Colletotrichum_248,VALID,,
Leaf_Colletotrichum_Leaf_Colletotrichum_249,MISSING_LABEL,,No label file
Leaf_Colletotrichum_Leaf_Colletotrichum_25,MISSING_LABEL,,No label file
Leaf_Colletotrichum_Leaf_Colletotrichum_250,MISSING_LABEL,,No label file
Leaf_Colletotrichum_Leaf_Colletotrichum_251,MISSING_LABEL,,No label file
Leaf_Colletotrichum_Leaf_Colletotrichum_252,MISSING_LABEL,,No label file
Leaf_Colletotrichum_Leaf_Colletotrichum_253,MISSING_LABEL,,No label file
Leaf_Colletotrichum_Leaf_Colletotrichum_254,MISSING_LABEL,,No label file
Leaf_Colletotrichum_Leaf_Colletotrichum_255,MISSING_LABEL,,No label file
Leaf_Colletotrichum_Leaf_Colletotrichum_256,MISSING_LABEL,,No label file
Leaf_Colletotrichum_Leaf_Colletotrichum_257,MISSING_LABEL,,No label file
Leaf_Colletotrichum_Leaf_Colletotrichum_258,VALID,,
Leaf_Colletotrichum_Leaf_Colletotrichum_259,VALID,,
Leaf_Colletotrichum_Leaf_Colletotrichum_26,MISSING_LABEL,,No label file
Leaf_Colletotrichum_Leaf_Colletotrichum_260,VALID,,
Leaf_Colletotrichum_Leaf_Colletotrichum_261,MISSING_LABEL,,No label file
Leaf_Colletotrichum_Leaf_Colletotrichum_262,MISSING_LABEL,,No label file
Leaf_Colletotrichum_Leaf_Colletotrichum_263,MISSING_LABEL,,No label file
Leaf_Colletotrichum_Leaf_Colletotrichum_264,MISSING_LABEL,,No label file
Leaf_Colletotrichum_Leaf_Colletotrichum_265,MISSING_LABEL,,No label file
Leaf_Colletotrichum_Leaf_Colletotrichum_266,MISSING_LABEL,,No label file
Leaf_Colletotrichum_Leaf_Colletotrichum_267,MISSING_LABEL,,No label file
Leaf_Colletotrichum_Leaf_Colletotrichum_268,MISSING_LABEL,,No label file
Leaf_Colletotrichum_Leaf_Colletotrichum_269,MISSING_LABEL,,No label file
Leaf_Colletotrichum_Leaf_Colletotrichum_27,MISSING_LABEL,,No label file
Leaf_Colletotrichum_Leaf_Colletotrichum_270,MISSING_LABEL,,No label file
Leaf_Colletotrichum_Leaf_Colletotrichum_271,MISSING_LABEL,,No label file
Leaf_Colletotrichum_Leaf_Colletotrichum_272,MISSING_LABEL,,No label file
Leaf_Colletotrichum_Leaf_Colletotrichum_273,MISSING_LABEL,,No label file
Leaf_Colletotrichum_Leaf_Colletotrichum_274,MISSING_LABEL,,No label file
Leaf_Colletotrichum_Leaf_Colletotrichum_275,MISSING_LABEL,,No label file
Leaf_Colletotrichum_Leaf_Colletotrichum_276,MISSING_LABEL,,No label file
Leaf_Colletotrichum_Leaf_Colletotrichum_277,MISSING_LABEL,,No label file
Leaf_Colletotrichum_Leaf_Colletotrichum_278,MISSING_LABEL,,No label file
Leaf_Colletotrichum_Leaf_Colletotrichum_279,MISSING_LABEL,,No label file
Leaf_Colletotrichum_Leaf_Colletotrichum_28,MISSING_LABEL,,No label file
Leaf_Colletotrichum_Leaf_Colletotrichum_280,MISSING_LABEL,,No label file
Leaf_Colletotrichum_Leaf_Colletotrichum_281,MISSING_LABEL,,No label file
Leaf_Colletotrichum_Leaf_Colletotrichum_282,MISSING_LABEL,,No label file
Leaf_Colletotrichum_Leaf_Colletotrichum_283,VALID,,
Leaf_Colletotrichum_Leaf_Colletotrichum_284,MISSING_LABEL,,No label file
Leaf_Colletotrichum_Leaf_Colletotrichum_285,MISSING_LABEL,,No label file
Leaf_Colletotrichum_Leaf_Colletotrichum_286,MISSING_LABEL,,No label file
Leaf_Colletotrichum_Leaf_Colletotrichum_287,MISSING_LABEL,,No label file
Leaf_Colletotrichum_Leaf_Colletotrichum_288,MISSING_LABEL,,No label file
Leaf_Colletotrichum_Leaf_Colletotrichum_289,MISSING_LABEL,,No label file
Leaf_Colletotrichum_Leaf_Colletotrichum_29,MISSING_LABEL,,No label file
Leaf_Colletotrichum_Leaf_Colletotrichum_290,MISSING_LABEL,,No label file
Leaf_Colletotrichum_Leaf_Colletotrichum_291,MISSING_LABEL,,No label file
Leaf_Colletotrichum_Leaf_Colletotrichum_292,MISSING_LABEL,,No label file
Leaf_Colletotrichum_Leaf_Colletotrichum_293,MISSING_LABEL,,No label file
Leaf_Colletotrichum_Leaf_Colletotrichum_294,VALID,,
Leaf_Colletotrichum_Leaf_Colletotrichum_295,MISSING_LABEL,,No label file
Leaf_Colletotrichum_Leaf_Colletotrichum_296,MISSING_LABEL,,No label file
Leaf_Colletotrichum_Leaf_Colletotrichum_297,MISSING_LABEL,,No label file
Leaf_Colletotrichum_Leaf_Colletotrichum_298,MISSING_LABEL,,No label file
Leaf_Colletotrichum_Leaf_Colletotrichum_299,MISSING_LABEL,,No label file
Leaf_Colletotrichum_Leaf_Colletotrichum_3,MISSING_LABEL,,No label file
Leaf_Colletotrichum_Leaf_Colletotrichum_30,MISSING_LABEL,,No label file
Leaf_Colletotrichum_Leaf_Colletotrichum_300,MISSING_LABEL,,No label file
Leaf_Colletotrichum_Leaf_Colletotrichum_301,MISSING_LABEL,,No label file
Leaf_Colletotrichum_Leaf_Colletotrichum_302,MISSING_LABEL,,No label file
Leaf_Colletotrichum_Leaf_Colletotrichum_303,MISSING_LABEL,,No label file
Leaf_Colletotrichum_Leaf_Colletotrichum_304,MISSING_LABEL,,No label file
Leaf_Colletotrichum_Leaf_Colletotrichum_305,MISSING_LABEL,,No label file
Leaf_Colletotrichum_Leaf_Colletotrichum_306,MISSING_LABEL,,No label file
Leaf_Colletotrichum_Leaf_Colletotrichum_307,MISSING_LABEL,,No label file
Leaf_Colletotrichum_Leaf_Colletotrichum_308,MISSING_LABEL,,No label file
Leaf_Colletotrichum_Leaf_Colletotrichum_309,MISSING_LABEL,,No label file
Leaf_Colletotrichum_Leaf_Colletotrichum_31,MISSING_LABEL,,No label file
Leaf_Colletotrichum_Leaf_Colletotrichum_310,MISSING_LABEL,,No label file
Leaf_Colletotrichum_Leaf_Colletotrichum_311,MISSING_LABEL,,No label file
Leaf_Colletotrichum_Leaf_Colletotrichum_312,MISSING_LABEL,,No label file
Leaf_Colletotrichum_Leaf_Colletotrichum_313,MISSING_LABEL,,No label file
Leaf_Colletotrichum_Leaf_Colletotrichum_314,VALID,,
Leaf_Colletotrichum_Leaf_Colletotrichum_315,VALID,,
Leaf_Colletotrichum_Leaf_Colletotrichum_316,MISSING_LABEL,,No label file
Leaf_Colletotrichum_Leaf_Colletotrichum_317,VALID,,
Leaf_Colletotrichum_Leaf_Colletotrichum_318,MISSING_LABEL,,No label file
Leaf_Colletotrichum_Leaf_Colletotrichum_319,MISSING_LABEL,,No label file
Leaf_Colletotrichum_Leaf_Colletotrichum_32,MISSING_LABEL,,No label file
Leaf_Colletotrichum_Leaf_Colletotrichum_320,MISSING_LABEL,,No label file
Leaf_Colletotrichum_Leaf_Colletotrichum_321,MISSING_LABEL,,No label file
Leaf_Colletotrichum_Leaf_Colletotrichum_322,MISSING_LABEL,,No label file
Leaf_Colletotrichum_Leaf_Colletotrichum_323,MISSING_LABEL,,No label file
Leaf_Colletotrichum_Leaf_Colletotrichum_324,MISSING_LABEL,,No label file
Leaf_Colletotrichum_Leaf_Colletotrichum_325,MISSING_LABEL,,No label file
Leaf_Colletotrichum_Leaf_Colletotrichum_326,MISSING_LABEL,,No label file
Leaf_Colletotrichum_Leaf_Colletotrichum_327,MISSING_LABEL,,No label file
Leaf_Colletotrichum_Leaf_Colletotrichum_328,MISSING_LABEL,,No label file
Leaf_Colletotrichum_Leaf_Colletotrichum_329,MISSING_LABEL,,No label file
Leaf_Colletotrichum_Leaf_Colletotrichum_33,MISSING_LABEL,,No label file
Leaf_Colletotrichum_Leaf_Colletotrichum_330,VALID,,
Leaf_Colletotrichum_Leaf_Colletotrichum_331,MISSING_LABEL,,No label file
Leaf_Colletotrichum_Leaf_Colletotrichum_332,MISSING_LABEL,,No label file
Leaf_Colletotrichum_Leaf_Colletotrichum_333,VALID,,
Leaf_Colletotrichum_Leaf_Colletotrichum_334,MISSING_LABEL,,No label file
Leaf_Colletotrichum_Leaf_Colletotrichum_335,VALID,,
Leaf_Colletotrichum_Leaf_Colletotrichum_336,MISSING_LABEL,,No label file
Leaf_Colletotrichum_Leaf_Colletotrichum_337,MISSING_LABEL,,No label file
Leaf_Colletotrichum_Leaf_Colletotrichum_338,MISSING_LABEL,,No label file
Leaf_Colletotrichum_Leaf_Colletotrichum_339,MISSING_LABEL,,No label file
Leaf_Colletotrichum_Leaf_Colletotrichum_34,MISSING_LABEL,,No label file
Leaf_Colletotrichum_Leaf_Colletotrichum_340,MISSING_LABEL,,No label file
Leaf_Colletotrichum_Leaf_Colletotrichum_341,VALID,,
Leaf_Colletotrichum_Leaf_Colletotrichum_342,MISSING_LABEL,,No label file
Leaf_Colletotrichum_Leaf_Colletotrichum_343,MISSING_LABEL,,No label file
Leaf_Colletotrichum_Leaf_Colletotrichum_344,MISSING_LABEL,,No label file
Leaf_Colletotrichum_Leaf_Colletotrichum_345,MISSING_LABEL,,No label file
Leaf_Colletotrichum_Leaf_Colletotrichum_346,MISSING_LABEL,,No label file
Leaf_Colletotrichum_Leaf_Colletotrichum_347,MISSING_LABEL,,No label file
Leaf_Colletotrichum_Leaf_Colletotrichum_348,MISSING_LABEL,,No label file
Leaf_Colletotrichum_Leaf_Colletotrichum_349,MISSING_LABEL,,No label file
Leaf_Colletotrichum_Leaf_Colletotrichum_35,MISSING_LABEL,,No label file
Leaf_Colletotrichum_Leaf_Colletotrichum_350,MISSING_LABEL,,No label file
Leaf_Colletotrichum_Leaf_Colletotrichum_351,VALID,,
Leaf_Colletotrichum_Leaf_Colletotrichum_352,MISSING_LABEL,,No label file
Leaf_Colletotrichum_Leaf_Colletotrichum_353,MISSING_LABEL,,No label file
Leaf_Colletotrichum_Leaf_Colletotrichum_354,MISSING_LABEL,,No label file
Leaf_Colletotrichum_Leaf_Colletotrichum_355,MISSING_LABEL,,No label file
Leaf_Colletotrichum_Leaf_Colletotrichum_356,MISSING_LABEL,,No label file
Leaf_Colletotrichum_Leaf_Colletotrichum_357,MISSING_LABEL,,No label file
Leaf_Colletotrichum_Leaf_Colletotrichum_358,MISSING_LABEL,,No label file
Leaf_Colletotrichum_Leaf_Colletotrichum_359,MISSING_LABEL,,No label file
Leaf_Colletotrichum_Leaf_Colletotrichum_36,MISSING_LABEL,,No label file
Leaf_Colletotrichum_Leaf_Colletotrichum_360,VALID,,
Leaf_Colletotrichum_Leaf_Colletotrichum_361,MISSING_LABEL,,No label file
Leaf_Colletotrichum_Leaf_Colletotrichum_362,VALID,,
Leaf_Colletotrichum_Leaf_Colletotrichum_363,VALID,,
Leaf_Colletotrichum_Leaf_Colletotrichum_364,MISSING_LABEL,,No label file
Leaf_Colletotrichum_Leaf_Colletotrichum_365,MISSING_LABEL,,No label file
Leaf_Colletotrichum_Leaf_Colletotrichum_366,VALID,,
Leaf_Colletotrichum_Leaf_Colletotrichum_367,MISSING_LABEL,,No label file
Leaf_Colletotrichum_Leaf_Colletotrichum_368,MISSING_LABEL,,No label file
Leaf_Colletotrichum_Leaf_Colletotrichum_369,VALID,,
Leaf_Colletotrichum_Leaf_Colletotrichum_37,MISSING_LABEL,,No label file
Leaf_Colletotrichum_Leaf_Colletotrichum_370,MISSING_LABEL,,No label file
Leaf_Colletotrichum_Leaf_Colletotrichum_371,MISSING_LABEL,,No label file
Leaf_Colletotrichum_Leaf_Colletotrichum_372,MISSING_LABEL,,No label file
Leaf_Colletotrichum_Leaf_Colletotrichum_373,MISSING_LABEL,,No label file
Leaf_Colletotrichum_Leaf_Colletotrichum_374,MISSING_LABEL,,No label file
Leaf_Colletotrichum_Leaf_Colletotrichum_375,MISSING_LABEL,,No label file
Leaf_Colletotrichum_Leaf_Colletotrichum_376,VALID,,
Leaf_Colletotrichum_Leaf_Colletotrichum_377,VALID,,
Leaf_Colletotrichum_Leaf_Colletotrichum_378,MISSING_LABEL,,No label file
Leaf_Colletotrichum_Leaf_Colletotrichum_379,MISSING_LABEL,,No label file
Leaf_Colletotrichum_Leaf_Colletotrichum_38,MISSING_LABEL,,No label file
Leaf_Colletotrichum_Leaf_Colletotrichum_380,MISSING_LABEL,,No label file
Leaf_Colletotrichum_Leaf_Colletotrichum_381,VALID,,
Leaf_Colletotrichum_Leaf_Colletotrichum_382,MISSING_LABEL,,No label file
Leaf_Colletotrichum_Leaf_Colletotrichum_383,MISSING_LABEL,,No label file
Leaf_Colletotrichum_Leaf_Colletotrichum_384,VALID,,
Leaf_Colletotrichum_Leaf_Colletotrichum_385,MISSING_LABEL,,No label file
Leaf_Colletotrichum_Leaf_Colletotrichum_386,VALID,,
Leaf_Colletotrichum_Leaf_Colletotrichum_387,MISSING_LABEL,,No label file
Leaf_Colletotrichum_Leaf_Colletotrichum_388,VALID,,
Leaf_Colletotrichum_Leaf_Colletotrichum_389,MISSING_LABEL,,No label file
Leaf_Colletotrichum_Leaf_Colletotrichum_39,VALID,,
Leaf_Colletotrichum_Leaf_Colletotrichum_390,MISSING_LABEL,,No label file
Leaf_Colletotrichum_Leaf_Colletotrichum_391,MISSING_LABEL,,No label file
Leaf_Colletotrichum_Leaf_Colletotrichum_392,MISSING_LABEL,,No label file
Leaf_Colletotrichum_Leaf_Colletotrichum_393,MISSING_LABEL,,No label file
Leaf_Colletotrichum_Leaf_Colletotrichum_394,MISSING_LABEL,,No label file
Leaf_Colletotrichum_Leaf_Colletotrichum_395,MISSING_LABEL,,No label file
Leaf_Colletotrichum_Leaf_Colletotrichum_396,MISSING_LABEL,,No label file
Leaf_Colletotrichum_Leaf_Colletotrichum_397,MISSING_LABEL,,No label file
Leaf_Colletotrichum_Leaf_Colletotrichum_398,MISSING_LABEL,,No label file
Leaf_Colletotrichum_Leaf_Colletotrichum_399,VALID,,
Leaf_Colletotrichum_Leaf_Colletotrichum_4,VALID,,
Leaf_Colletotrichum_Leaf_Colletotrichum_40,MISSING_LABEL,,No label file
Leaf_Colletotrichum_Leaf_Colletotrichum_400,MISSING_LABEL,,No label file
Leaf_Colletotrichum_Leaf_Colletotrichum_41,MISSING_LABEL,,No label file
Leaf_Colletotrichum_Leaf_Colletotrichum_42,MISSING_LABEL,,No label file
Leaf_Colletotrichum_Leaf_Colletotrichum_43,MISSING_LABEL,,No label file
Leaf_Colletotrichum_Leaf_Colletotrichum_44,MISSING_LABEL,,No label file
Leaf_Colletotrichum_Leaf_Colletotrichum_45,MISSING_LABEL,,No label file
Leaf_Colletotrichum_Leaf_Colletotrichum_46,MISSING_LABEL,,No label file
Leaf_Colletotrichum_Leaf_Colletotrichum_47,MISSING_LABEL,,No label file
Leaf_Colletotrichum_Leaf_Colletotrichum_48,MISSING_LABEL,,No label file
Leaf_Colletotrichum_Leaf_Colletotrichum_49,MISSING_LABEL,,No label file
Leaf_Colletotrichum_Leaf_Colletotrichum_5,MISSING_LABEL,,No label file
Leaf_Colletotrichum_Leaf_Colletotrichum_50,MISSING_LABEL,,No label file
Leaf_Colletotrichum_Leaf_Colletotrichum_51,MISSING_LABEL,,No label file
Leaf_Colletotrichum_Leaf_Colletotrichum_52,MISSING_LABEL,,No label file
Leaf_Colletotrichum_Leaf_Colletotrichum_53,MISSING_LABEL,,No label file
Leaf_Colletotrichum_Leaf_Colletotrichum_54,MISSING_LABEL,,No label file
Leaf_Colletotrichum_Leaf_Colletotrichum_55,MISSING_LABEL,,No label file
Leaf_Colletotrichum_Leaf_Colletotrichum_56,MISSING_LABEL,,No label file
Leaf_Colletotrichum_Leaf_Colletotrichum_57,MISSING_LABEL,,No label file
Leaf_Colletotrichum_Leaf_Colletotrichum_58,MISSING_LABEL,,No label file
Leaf_Colletotrichum_Leaf_Colletotrichum_59,MISSING_LABEL,,No label file
Leaf_Colletotrichum_Leaf_Colletotrichum_6,MISSING_LABEL,,No label file
Leaf_Colletotrichum_Leaf_Colletotrichum_60,MISSING_LABEL,,No label file
Leaf_Colletotrichum_Leaf_Colletotrichum_61,MISSING_LABEL,,No label file
Leaf_Colletotrichum_Leaf_Colletotrichum_62,MISSING_LABEL,,No label file
Leaf_Colletotrichum_Leaf_Colletotrichum_63,MISSING_LABEL,,No label file
Leaf_Colletotrichum_Leaf_Colletotrichum_64,MISSING_LABEL,,No label file
Leaf_Colletotrichum_Leaf_Colletotrichum_65,MISSING_LABEL,,No label file
Leaf_Colletotrichum_Leaf_Colletotrichum_66,MISSING_LABEL,,No label file
Leaf_Colletotrichum_Leaf_Colletotrichum_67,MISSING_LABEL,,No label file
Leaf_Colletotrichum_Leaf_Colletotrichum_68,MISSING_LABEL,,No label file
Leaf_Colletotrichum_Leaf_Colletotrichum_69,MISSING_LABEL,,No label file
Leaf_Colletotrichum_Leaf_Colletotrichum_7,MISSING_LABEL,,No label file
Leaf_Colletotrichum_Leaf_Colletotrichum_70,VALID,,
Leaf_Colletotrichum_Leaf_Colletotrichum_71,MISSING_LABEL,,No label file
Leaf_Colletotrichum_Leaf_Colletotrichum_72,MISSING_LABEL,,No label file
Leaf_Colletotrichum_Leaf_Colletotrichum_73,VALID,,
Leaf_Colletotrichum_Leaf_Colletotrichum_74,VALID,,
Leaf_Colletotrichum_Leaf_Colletotrichum_75,MISSING_LABEL,,No label file
Leaf_Colletotrichum_Leaf_Colletotrichum_76,MISSING_LABEL,,No label file
Leaf_Colletotrichum_Leaf_Colletotrichum_77,MISSING_LABEL,,No label file
Leaf_Colletotrichum_Leaf_Colletotrichum_78,MISSING_LABEL,,No label file
Leaf_Colletotrichum_Leaf_Colletotrichum_79,MISSING_LABEL,,No label file
Leaf_Colletotrichum_Leaf_Colletotrichum_8,MISSING_LABEL,,No label file
Leaf_Colletotrichum_Leaf_Colletotrichum_80,MISSING_LABEL,,No label file
Leaf_Colletotrichum_Leaf_Colletotrichum_81,MISSING_LABEL,,No label file
Leaf_Colletotrichum_Leaf_Colletotrichum_82,MISSING_LABEL,,No label file
Leaf_Colletotrichum_Leaf_Colletotrichum_83,MISSING_LABEL,,No label file
Leaf_Colletotrichum_Leaf_Colletotrichum_84,MISSING_LABEL,,No label file
Leaf_Colletotrichum_Leaf_Colletotrichum_85,MISSING_LABEL,,No label file
Leaf_Colletotrichum_Leaf_Colletotrichum_86,VALID,,
Leaf_Colletotrichum_Leaf_Colletotrichum_87,MISSING_LABEL,,No label file
Leaf_Colletotrichum_Leaf_Colletotrichum_88,MISSING_LABEL,,No label file
Leaf_Colletotrichum_Leaf_Colletotrichum_89,MISSING_LABEL,,No label file
Leaf_Colletotrichum_Leaf_Colletotrichum_9,MISSING_LABEL,,No label file
Leaf_Colletotrichum_Leaf_Colletotrichum_90,MISSING_LABEL,,No label file
Leaf_Colletotrichum_Leaf_Colletotrichum_91,MISSING_LABEL,,No label file
Leaf_Colletotrichum_Leaf_Colletotrichum_92,MISSING_LABEL,,No label file
Leaf_Colletotrichum_Leaf_Colletotrichum_93,MISSING_LABEL,,No label file
Leaf_Colletotrichum_Leaf_Colletotrichum_94,MISSING_LABEL,,No label file
Leaf_Colletotrichum_Leaf_Colletotrichum_95,MISSING_LABEL,,No label file
Leaf_Colletotrichum_Leaf_Colletotrichum_96,MISSING_LABEL,,No label file
Leaf_Colletotrichum_Leaf_Colletotrichum_97,MISSING_LABEL,,No label file
Leaf_Colletotrichum_Leaf_Colletotrichum_98,MISSING_LABEL,,No label file
Leaf_Colletotrichum_Leaf_Colletotrichum_99,MISSING_LABEL,,No label file
Leaf_Healthy_Leaf_Healthy_1,MISSING_LABEL,,No label file
Leaf_Healthy_Leaf_Healthy_10,MISSING_LABEL,,No label file
Leaf_Healthy_Leaf_Healthy_100,MISSING_LABEL,,No label file
Leaf_Healthy_Leaf_Healthy_101,MISSING_LABEL,,No label file
Leaf_Healthy_Leaf_Healthy_102,MISSING_LABEL,,No label file
Leaf_Healthy_Leaf_Healthy_103,MISSING_LABEL,,No label file
Leaf_Healthy_Leaf_Healthy_104,MISSING_LABEL,,No label file
Leaf_Healthy_Leaf_Healthy_105,VALID,,
Leaf_Healthy_Leaf_Healthy_106,MISSING_LABEL,,No label file
Leaf_Healthy_Leaf_Healthy_107,VALID,,
Leaf_Healthy_Leaf_Healthy_108,VALID,,
Leaf_Healthy_Leaf_Healthy_109,MISSING_LABEL,,No label file
Leaf_Healthy_Leaf_Healthy_11,VALID,,
Leaf_Healthy_Leaf_Healthy_110,VALID,,
Leaf_Healthy_Leaf_Healthy_111,MISSING_LABEL,,No label file
Leaf_Healthy_Leaf_Healthy_112,MISSING_LABEL,,No label file
Leaf_Healthy_Leaf_Healthy_113,MISSING_LABEL,,No label file
Leaf_Healthy_Leaf_Healthy_114,MISSING_LABEL,,No label file
Leaf_Healthy_Leaf_Healthy_115,MISSING_LABEL,,No label file
Leaf_Healthy_Leaf_Healthy_116,MISSING_LABEL,,No label file
Leaf_Healthy_Leaf_Healthy_117,VALID,,
Leaf_Healthy_Leaf_Healthy_118,MISSING_LABEL,,No label file
Leaf_Healthy_Leaf_Healthy_119,MISSING_LABEL,,No label file
Leaf_Healthy_Leaf_Healthy_12,VALID,,
Leaf_Healthy_Leaf_Healthy_120,MISSING_LABEL,,No label file
Leaf_Healthy_Leaf_Healthy_121,VALID,,
Leaf_Healthy_Leaf_Healthy_122,VALID,,
Leaf_Healthy_Leaf_Healthy_123,VALID,,
Leaf_Healthy_Leaf_Healthy_124,MISSING_LABEL,,No label file
Leaf_Healthy_Leaf_Healthy_125,MISSING_LABEL,,No label file
Leaf_Healthy_Leaf_Healthy_126,MISSING_LABEL,,No label file
Leaf_Healthy_Leaf_Healthy_127,MISSING_LABEL,,No label file
Leaf_Healthy_Leaf_Healthy_128,MISSING_LABEL,,No label file
Leaf_Healthy_Leaf_Healthy_129,VALID,,
Leaf_Healthy_Leaf_Healthy_13,VALID,,
Leaf_Healthy_Leaf_Healthy_130,VALID,,
Leaf_Healthy_Leaf_Healthy_131,MISSING_LABEL,,No label file
Leaf_Healthy_Leaf_Healthy_132,MISSING_LABEL,,No label file
Leaf_Healthy_Leaf_Healthy_133,MISSING_LABEL,,No label file
Leaf_Healthy_Leaf_Healthy_134,MISSING_LABEL,,No label file
Leaf_Healthy_Leaf_Healthy_135,MISSING_LABEL,,No label file
Leaf_Healthy_Leaf_Healthy_136,MISSING_LABEL,,No label file
Leaf_Healthy_Leaf_Healthy_137,VALID,,
Leaf_Healthy_Leaf_Healthy_138,VALID,,
Leaf_Healthy_Leaf_Healthy_139,MISSING_LABEL,,No label file
Leaf_Healthy_Leaf_Healthy_14,VALID,,
Leaf_Healthy_Leaf_Healthy_140,VALID,,
Leaf_Healthy_Leaf_Healthy_141,MISSING_LABEL,,No label file
Leaf_Healthy_Leaf_Healthy_142,MISSING_LABEL,,No label file
Leaf_Healthy_Leaf_Healthy_143,MISSING_LABEL,,No label file
Leaf_Healthy_Leaf_Healthy_144,MISSING_LABEL,,No label file
Leaf_Healthy_Leaf_Healthy_145,MISSING_LABEL,,No label file
Leaf_Healthy_Leaf_Healthy_146,MISSING_LABEL,,No label file
Leaf_Healthy_Leaf_Healthy_147,VALID,,
Leaf_Healthy_Leaf_Healthy_148,MISSING_LABEL,,No label file
Leaf_Healthy_Leaf_Healthy_149,VALID,,
Leaf_Healthy_Leaf_Healthy_15,VALID,,
Leaf_Healthy_Leaf_Healthy_150,MISSING_LABEL,,No label file
Leaf_Healthy_Leaf_Healthy_151,VALID,,
Leaf_Healthy_Leaf_Healthy_152,MISSING_LABEL,,No label file
Leaf_Healthy_Leaf_Healthy_153,MISSING_LABEL,,No label file
Leaf_Healthy_Leaf_Healthy_154,MISSING_LABEL,,No label file
Leaf_Healthy_Leaf_Healthy_155,MISSING_LABEL,,No label file
Leaf_Healthy_Leaf_Healthy_156,VALID,,
Leaf_Healthy_Leaf_Healthy_157,VALID,,
Leaf_Healthy_Leaf_Healthy_158,MISSING_LABEL,,No label file
Leaf_Healthy_Leaf_Healthy_159,MISSING_LABEL,,No label file
Leaf_Healthy_Leaf_Healthy_16,VALID,,
Leaf_Healthy_Leaf_Healthy_160,MISSING_LABEL,,No label file
Leaf_Healthy_Leaf_Healthy_161,VALID,,
Leaf_Healthy_Leaf_Healthy_162,MISSING_LABEL,,No label file
Leaf_Healthy_Leaf_Healthy_163,MISSING_LABEL,,No label file
Leaf_Healthy_Leaf_Healthy_164,MISSING_LABEL,,No label file
Leaf_Healthy_Leaf_Healthy_165,MISSING_LABEL,,No label file
Leaf_Healthy_Leaf_Healthy_166,MISSING_LABEL,,No label file
Leaf_Healthy_Leaf_Healthy_167,MISSING_LABEL,,No label file
Leaf_Healthy_Leaf_Healthy_168,MISSING_LABEL,,No label file
Leaf_Healthy_Leaf_Healthy_169,MISSING_LABEL,,No label file
Leaf_Healthy_Leaf_Healthy_17,VALID,,
Leaf_Healthy_Leaf_Healthy_170,VALID,,
Leaf_Healthy_Leaf_Healthy_171,MISSING_LABEL,,No label file
Leaf_Healthy_Leaf_Healthy_172,MISSING_LABEL,,No label file
Leaf_Healthy_Leaf_Healthy_173,MISSING_LABEL,,No label file
Leaf_Healthy_Leaf_Healthy_174,MISSING_LABEL,,No label file
Leaf_Healthy_Leaf_Healthy_175,MISSING_LABEL,,No label file
Leaf_Healthy_Leaf_Healthy_176,VALID,,
Leaf_Healthy_Leaf_Healthy_177,MISSING_LABEL,,No label file
Leaf_Healthy_Leaf_Healthy_178,VALID,,
Leaf_Healthy_Leaf_Healthy_179,MISSING_LABEL,,No label file
Leaf_Healthy_Leaf_Healthy_18,VALID,,
Leaf_Healthy_Leaf_Healthy_180,VALID,,
Leaf_Healthy_Leaf_Healthy_181,VALID,,
Leaf_Healthy_Leaf_Healthy_182,VALID,,
Leaf_Healthy_Leaf_Healthy_183,MISSING_LABEL,,No label file
Leaf_Healthy_Leaf_Healthy_184,MISSING_LABEL,,No label file
Leaf_Healthy_Leaf_Healthy_185,MISSING_LABEL,,No label file
Leaf_Healthy_Leaf_Healthy_186,MISSING_LABEL,,No label file
Leaf_Healthy_Leaf_Healthy_187,MISSING_LABEL,,No label file
Leaf_Healthy_Leaf_Healthy_188,MISSING_LABEL,,No label file
Leaf_Healthy_Leaf_Healthy_189,MISSING_LABEL,,No label file
Leaf_Healthy_Leaf_Healthy_19,VALID,,
Leaf_Healthy_Leaf_Healthy_190,MISSING_LABEL,,No label file
Leaf_Healthy_Leaf_Healthy_191,MISSING_LABEL,,No label file
Leaf_Healthy_Leaf_Healthy_192,MISSING_LABEL,,No label file
Leaf_Healthy_Leaf_Healthy_193,MISSING_LABEL,,No label file
Leaf_Healthy_Leaf_Healthy_194,VALID,,
Leaf_Healthy_Leaf_Healthy_195,VALID,,
Leaf_Healthy_Leaf_Healthy_196,MISSING_LABEL,,No label file
Leaf_Healthy_Leaf_Healthy_197,MISSING_LABEL,,No label file
Leaf_Healthy_Leaf_Healthy_198,MISSING_LABEL,,No label file
Leaf_Healthy_Leaf_Healthy_199,MISSING_LABEL,,No label file
Leaf_Healthy_Leaf_Healthy_2,VALID,,
Leaf_Healthy_Leaf_Healthy_20,VALID,,
Leaf_Healthy_Leaf_Healthy_200,MISSING_LABEL,,No label file
Leaf_Healthy_Leaf_Healthy_201,MISSING_LABEL,,No label file
Leaf_Healthy_Leaf_Healthy_202,VALID,,
Leaf_Healthy_Leaf_Healthy_203,VALID,,
Leaf_Healthy_Leaf_Healthy_204,MISSING_LABEL,,No label file
Leaf_Healthy_Leaf_Healthy_205,MISSING_LABEL,,No label file
Leaf_Healthy_Leaf_Healthy_206,MISSING_LABEL,,No label file
Leaf_Healthy_Leaf_Healthy_207,MISSING_LABEL,,No label file
Leaf_Healthy_Leaf_Healthy_208,VALID,,
Leaf_Healthy_Leaf_Healthy_209,VALID,,
Leaf_Healthy_Leaf_Healthy_21,MISSING_LABEL,,No label file
Leaf_Healthy_Leaf_Healthy_210,MISSING_LABEL,,No label file
Leaf_Healthy_Leaf_Healthy_211,MISSING_LABEL,,No label file
Leaf_Healthy_Leaf_Healthy_212,MISSING_LABEL,,No label file
Leaf_Healthy_Leaf_Healthy_213,MISSING_LABEL,,No label file
Leaf_Healthy_Leaf_Healthy_214,MISSING_LABEL,,No label file
Leaf_Healthy_Leaf_Healthy_215,MISSING_LABEL,,No label file
Leaf_Healthy_Leaf_Healthy_216,MISSING_LABEL,,No label file
Leaf_Healthy_Leaf_Healthy_217,MISSING_LABEL,,No label file
Leaf_Healthy_Leaf_Healthy_218,VALID,,
Leaf_Healthy_Leaf_Healthy_219,MISSING_LABEL,,No label file
Leaf_Healthy_Leaf_Healthy_22,VALID,,
Leaf_Healthy_Leaf_Healthy_220,MISSING_LABEL,,No label file
Leaf_Healthy_Leaf_Healthy_221,MISSING_LABEL,,No label file
Leaf_Healthy_Leaf_Healthy_222,MISSING_LABEL,,No label file
Leaf_Healthy_Leaf_Healthy_223,MISSING_LABEL,,No label file
Leaf_Healthy_Leaf_Healthy_224,MISSING_LABEL,,No label file
Leaf_Healthy_Leaf_Healthy_225,MISSING_LABEL,,No label file
Leaf_Healthy_Leaf_Healthy_226,MISSING_LABEL,,No label file
Leaf_Healthy_Leaf_Healthy_227,VALID,,
Leaf_Healthy_Leaf_Healthy_228,VALID,,
Leaf_Healthy_Leaf_Healthy_229,MISSING_LABEL,,No label file
Leaf_Healthy_Leaf_Healthy_23,VALID,,
Leaf_Healthy_Leaf_Healthy_230,VALID,,
Leaf_Healthy_Leaf_Healthy_231,MISSING_LABEL,,No label file
Leaf_Healthy_Leaf_Healthy_232,MISSING_LABEL,,No label file
Leaf_Healthy_Leaf_Healthy_233,VALID,,
Leaf_Healthy_Leaf_Healthy_234,VALID,,
Leaf_Healthy_Leaf_Healthy_235,VALID,,
Leaf_Healthy_Leaf_Healthy_236,MISSING_LABEL,,No label file
Leaf_Healthy_Leaf_Healthy_237,VALID,,
Leaf_Healthy_Leaf_Healthy_238,MISSING_LABEL,,No label file
Leaf_Healthy_Leaf_Healthy_239,VALID,,
Leaf_Healthy_Leaf_Healthy_24,VALID,,
Leaf_Healthy_Leaf_Healthy_240,MISSING_LABEL,,No label file
Leaf_Healthy_Leaf_Healthy_241,MISSING_LABEL,,No label file
Leaf_Healthy_Leaf_Healthy_242,MISSING_LABEL,,No label file
Leaf_Healthy_Leaf_Healthy_243,VALID,,
Leaf_Healthy_Leaf_Healthy_244,VALID,,
Leaf_Healthy_Leaf_Healthy_245,VALID,,
Leaf_Healthy_Leaf_Healthy_246,MISSING_LABEL,,No label file
Leaf_Healthy_Leaf_Healthy_247,MISSING_LABEL,,No label file
Leaf_Healthy_Leaf_Healthy_248,VALID,,
Leaf_Healthy_Leaf_Healthy_249,MISSING_LABEL,,No label file
Leaf_Healthy_Leaf_Healthy_25,VALID,,
Leaf_Healthy_Leaf_Healthy_250,MISSING_LABEL,,No label file
Leaf_Healthy_Leaf_Healthy_251,MISSING_LABEL,,No label file
Leaf_Healthy_Leaf_Healthy_252,MISSING_LABEL,,No label file
Leaf_Healthy_Leaf_Healthy_253,MISSING_LABEL,,No label file
Leaf_Healthy_Leaf_Healthy_254,MISSING_LABEL,,No label file
Leaf_Healthy_Leaf_Healthy_255,MISSING_LABEL,,No label file
Leaf_Healthy_Leaf_Healthy_256,VALID,,
Leaf_Healthy_Leaf_Healthy_257,MISSING_LABEL,,No label file
Leaf_Healthy_Leaf_Healthy_258,MISSING_LABEL,,No label file
Leaf_Healthy_Leaf_Healthy_259,VALID,,
Leaf_Healthy_Leaf_Healthy_26,VALID,,
Leaf_Healthy_Leaf_Healthy_260,MISSING_LABEL,,No label file
Leaf_Healthy_Leaf_Healthy_261,MISSING_LABEL,,No label file
Leaf_Healthy_Leaf_Healthy_262,MISSING_LABEL,,No label file
Leaf_Healthy_Leaf_Healthy_263,VALID,,
Leaf_Healthy_Leaf_Healthy_264,MISSING_LABEL,,No label file
Leaf_Healthy_Leaf_Healthy_265,MISSING_LABEL,,No label file
Leaf_Healthy_Leaf_Healthy_266,MISSING_LABEL,,No label file
Leaf_Healthy_Leaf_Healthy_267,MISSING_LABEL,,No label file
Leaf_Healthy_Leaf_Healthy_268,MISSING_LABEL,,No label file
Leaf_Healthy_Leaf_Healthy_269,VALID,,
Leaf_Healthy_Leaf_Healthy_27,VALID,,
Leaf_Healthy_Leaf_Healthy_270,MISSING_LABEL,,No label file
Leaf_Healthy_Leaf_Healthy_271,MISSING_LABEL,,No label file
Leaf_Healthy_Leaf_Healthy_272,VALID,,
Leaf_Healthy_Leaf_Healthy_273,VALID,,
Leaf_Healthy_Leaf_Healthy_274,MISSING_LABEL,,No label file
Leaf_Healthy_Leaf_Healthy_275,VALID,,
Leaf_Healthy_Leaf_Healthy_276,MISSING_LABEL,,No label file
Leaf_Healthy_Leaf_Healthy_277,MISSING_LABEL,,No label file
Leaf_Healthy_Leaf_Healthy_278,MISSING_LABEL,,No label file
Leaf_Healthy_Leaf_Healthy_279,MISSING_LABEL,,No label file
Leaf_Healthy_Leaf_Healthy_28,VALID,,
Leaf_Healthy_Leaf_Healthy_280,MISSING_LABEL,,No label file
Leaf_Healthy_Leaf_Healthy_281,MISSING_LABEL,,No label file
Leaf_Healthy_Leaf_Healthy_282,VALID,,
Leaf_Healthy_Leaf_Healthy_283,MISSING_LABEL,,No label file
Leaf_Healthy_Leaf_Healthy_284,MISSING_LABEL,,No label file
Leaf_Healthy_Leaf_Healthy_285,MISSING_LABEL,,No label file
Leaf_Healthy_Leaf_Healthy_286,MISSING_LABEL,,No label file
Leaf_Healthy_Leaf_Healthy_287,VALID,,
Leaf_Healthy_Leaf_Healthy_288,MISSING_LABEL,,No label file
Leaf_Healthy_Leaf_Healthy_289,MISSING_LABEL,,No label file
Leaf_Healthy_Leaf_Healthy_29,VALID,,
Leaf_Healthy_Leaf_Healthy_290,MISSING_LABEL,,No label file
Leaf_Healthy_Leaf_Healthy_291,MISSING_LABEL,,No label file
Leaf_Healthy_Leaf_Healthy_292,MISSING_LABEL,,No label file
Leaf_Healthy_Leaf_Healthy_293,VALID,,
Leaf_Healthy_Leaf_Healthy_294,VALID,,
Leaf_Healthy_Leaf_Healthy_295,MISSING_LABEL,,No label file
Leaf_Healthy_Leaf_Healthy_296,VALID,,
Leaf_Healthy_Leaf_Healthy_297,MISSING_LABEL,,No label file
Leaf_Healthy_Leaf_Healthy_298,VALID,,
Leaf_Healthy_Leaf_Healthy_299,MISSING_LABEL,,No label file
Leaf_Healthy_Leaf_Healthy_3,VALID,,
Leaf_Healthy_Leaf_Healthy_30,MISSING_LABEL,,No label file
Leaf_Healthy_Leaf_Healthy_300,MISSING_LABEL,,No label file
Leaf_Healthy_Leaf_Healthy_301,MISSING_LABEL,,No label file
Leaf_Healthy_Leaf_Healthy_302,MISSING_LABEL,,No label file
Leaf_Healthy_Leaf_Healthy_303,MISSING_LABEL,,No label file
Leaf_Healthy_Leaf_Healthy_304,MISSING_LABEL,,No label file
Leaf_Healthy_Leaf_Healthy_305,MISSING_LABEL,,No label file
Leaf_Healthy_Leaf_Healthy_306,MISSING_LABEL,,No label file
Leaf_Healthy_Leaf_Healthy_307,VALID,,
Leaf_Healthy_Leaf_Healthy_308,MISSING_LABEL,,No label file
Leaf_Healthy_Leaf_Healthy_309,VALID,,
Leaf_Healthy_Leaf_Healthy_31,VALID,,
Leaf_Healthy_Leaf_Healthy_310,MISSING_LABEL,,No label file
Leaf_Healthy_Leaf_Healthy_311,MISSING_LABEL,,No label file
Leaf_Healthy_Leaf_Healthy_312,VALID,,
Leaf_Healthy_Leaf_Healthy_313,MISSING_LABEL,,No label file
Leaf_Healthy_Leaf_Healthy_314,MISSING_LABEL,,No label file
Leaf_Healthy_Leaf_Healthy_315,VALID,,
Leaf_Healthy_Leaf_Healthy_316,VALID,,
Leaf_Healthy_Leaf_Healthy_317,MISSING_LABEL,,No label file
Leaf_Healthy_Leaf_Healthy_318,MISSING_LABEL,,No label file
Leaf_Healthy_Leaf_Healthy_319,MISSING_LABEL,,No label file
Leaf_Healthy_Leaf_Healthy_32,VALID,,
Leaf_Healthy_Leaf_Healthy_320,MISSING_LABEL,,No label file
Leaf_Healthy_Leaf_Healthy_321,MISSING_LABEL,,No label file
Leaf_Healthy_Leaf_Healthy_322,MISSING_LABEL,,No label file
Leaf_Healthy_Leaf_Healthy_323,VALID,,
Leaf_Healthy_Leaf_Healthy_324,MISSING_LABEL,,No label file
Leaf_Healthy_Leaf_Healthy_325,VALID,,
Leaf_Healthy_Leaf_Healthy_326,MISSING_LABEL,,No label file
Leaf_Healthy_Leaf_Healthy_327,MISSING_LABEL,,No label file
Leaf_Healthy_Leaf_Healthy_328,VALID,,
Leaf_Healthy_Leaf_Healthy_329,MISSING_LABEL,,No label file
Leaf_Healthy_Leaf_Healthy_33,VALID,,
Leaf_Healthy_Leaf_Healthy_330,MISSING_LABEL,,No label file
Leaf_Healthy_Leaf_Healthy_331,MISSING_LABEL,,No label file
Leaf_Healthy_Leaf_Healthy_332,MISSING_LABEL,,No label file
Leaf_Healthy_Leaf_Healthy_333,MISSING_LABEL,,No label file
Leaf_Healthy_Leaf_Healthy_334,VALID,,
Leaf_Healthy_Leaf_Healthy_335,MISSING_LABEL,,No label file
Leaf_Healthy_Leaf_Healthy_336,MISSING_LABEL,,No label file
Leaf_Healthy_Leaf_Healthy_337,VALID,,
Leaf_Healthy_Leaf_Healthy_338,VALID,,
Leaf_Healthy_Leaf_Healthy_339,MISSING_LABEL,,No label file
Leaf_Healthy_Leaf_Healthy_34,VALID,,
Leaf_Healthy_Leaf_Healthy_340,VALID,,
Leaf_Healthy_Leaf_Healthy_341,MISSING_LABEL,,No label file
Leaf_Healthy_Leaf_Healthy_342,MISSING_LABEL,,No label file
Leaf_Healthy_Leaf_Healthy_343,MISSING_LABEL,,No label file
Leaf_Healthy_Leaf_Healthy_344,VALID,,
Leaf_Healthy_Leaf_Healthy_345,MISSING_LABEL,,No label file
Leaf_Healthy_Leaf_Healthy_346,MISSING_LABEL,,No label file
Leaf_Healthy_Leaf_Healthy_347,VALID,,
Leaf_Healthy_Leaf_Healthy_348,MISSING_LABEL,,No label file
Leaf_Healthy_Leaf_Healthy_349,MISSING_LABEL,,No label file
Leaf_Healthy_Leaf_Healthy_35,VALID,,
Leaf_Healthy_Leaf_Healthy_350,MISSING_LABEL,,No label file
Leaf_Healthy_Leaf_Healthy_351,MISSING_LABEL,,No label file
Leaf_Healthy_Leaf_Healthy_352,MISSING_LABEL,,No label file
Leaf_Healthy_Leaf_Healthy_353,MISSING_LABEL,,No label file
Leaf_Healthy_Leaf_Healthy_354,MISSING_LABEL,,No label file
Leaf_Healthy_Leaf_Healthy_355,MISSING_LABEL,,No label file
Leaf_Healthy_Leaf_Healthy_356,VALID,,
Leaf_Healthy_Leaf_Healthy_357,MISSING_LABEL,,No label file
Leaf_Healthy_Leaf_Healthy_358,MISSING_LABEL,,No label file
Leaf_Healthy_Leaf_Healthy_359,MISSING_LABEL,,No label file
Leaf_Healthy_Leaf_Healthy_36,MISSING_LABEL,,No label file
Leaf_Healthy_Leaf_Healthy_360,MISSING_LABEL,,No label file
Leaf_Healthy_Leaf_Healthy_361,MISSING_LABEL,,No label file
Leaf_Healthy_Leaf_Healthy_362,MISSING_LABEL,,No label file
Leaf_Healthy_Leaf_Healthy_363,MISSING_LABEL,,No label file
Leaf_Healthy_Leaf_Healthy_364,MISSING_LABEL,,No label file
Leaf_Healthy_Leaf_Healthy_365,VALID,,
Leaf_Healthy_Leaf_Healthy_366,MISSING_LABEL,,No label file
Leaf_Healthy_Leaf_Healthy_367,MISSING_LABEL,,No label file
Leaf_Healthy_Leaf_Healthy_368,MISSING_LABEL,,No label file
Leaf_Healthy_Leaf_Healthy_369,MISSING_LABEL,,No label file
Leaf_Healthy_Leaf_Healthy_37,VALID,,
Leaf_Healthy_Leaf_Healthy_370,MISSING_LABEL,,No label file
Leaf_Healthy_Leaf_Healthy_371,VALID,,
Leaf_Healthy_Leaf_Healthy_372,MISSING_LABEL,,No label file
Leaf_Healthy_Leaf_Healthy_373,VALID,,
Leaf_Healthy_Leaf_Healthy_374,VALID,,
Leaf_Healthy_Leaf_Healthy_375,MISSING_LABEL,,No label file
Leaf_Healthy_Leaf_Healthy_376,MISSING_LABEL,,No label file
Leaf_Healthy_Leaf_Healthy_377,MISSING_LABEL,,No label file
Leaf_Healthy_Leaf_Healthy_378,MISSING_LABEL,,No label file
Leaf_Healthy_Leaf_Healthy_379,VALID,,
Leaf_Healthy_Leaf_Healthy_38,MISSING_LABEL,,No label file
Leaf_Healthy_Leaf_Healthy_380,MISSING_LABEL,,No label file
Leaf_Healthy_Leaf_Healthy_381,MISSING_LABEL,,No label file
Leaf_Healthy_Leaf_Healthy_382,MISSING_LABEL,,No label file
Leaf_Healthy_Leaf_Healthy_383,MISSING_LABEL,,No label file
Leaf_Healthy_Leaf_Healthy_384,VALID,,
Leaf_Healthy_Leaf_Healthy_385,VALID,,
Leaf_Healthy_Leaf_Healthy_386,MISSING_LABEL,,No label file
Leaf_Healthy_Leaf_Healthy_387,MISSING_LABEL,,No label file
Leaf_Healthy_Leaf_Healthy_388,MISSING_LABEL,,No label file
Leaf_Healthy_Leaf_Healthy_389,MISSING_LABEL,,No label file
Leaf_Healthy_Leaf_Healthy_39,VALID,,
Leaf_Healthy_Leaf_Healthy_390,MISSING_LABEL,,No label file
Leaf_Healthy_Leaf_Healthy_391,MISSING_LABEL,,No label file
Leaf_Healthy_Leaf_Healthy_392,MISSING_LABEL,,No label file
Leaf_Healthy_Leaf_Healthy_393,MISSING_LABEL,,No label file
Leaf_Healthy_Leaf_Healthy_394,MISSING_LABEL,,No label file
Leaf_Healthy_Leaf_Healthy_395,VALID,,
Leaf_Healthy_Leaf_Healthy_396,MISSING_LABEL,,No label file
Leaf_Healthy_Leaf_Healthy_397,MISSING_LABEL,,No label file
Leaf_Healthy_Leaf_Healthy_398,MISSING_LABEL,,No label file
Leaf_Healthy_Leaf_Healthy_399,MISSING_LABEL,,No label file
Leaf_Healthy_Leaf_Healthy_4,VALID,,
Leaf_Healthy_Leaf_Healthy_40,VALID,,
Leaf_Healthy_Leaf_Healthy_400,MISSING_LABEL,,No label file
Leaf_Healthy_Leaf_Healthy_401,MISSING_LABEL,,No label file
Leaf_Healthy_Leaf_Healthy_402,MISSING_LABEL,,No label file
Leaf_Healthy_Leaf_Healthy_403,MISSING_LABEL,,No label file
Leaf_Healthy_Leaf_Healthy_404,MISSING_LABEL,,No label file
Leaf_Healthy_Leaf_Healthy_405,VALID,,
Leaf_Healthy_Leaf_Healthy_406,VALID,,
Leaf_Healthy_Leaf_Healthy_407,MISSING_LABEL,,No label file
Leaf_Healthy_Leaf_Healthy_408,MISSING_LABEL,,No label file
Leaf_Healthy_Leaf_Healthy_409,MISSING_LABEL,,No label file
Leaf_Healthy_Leaf_Healthy_41,VALID,,
Leaf_Healthy_Leaf_Healthy_410,MISSING_LABEL,,No label file
Leaf_Healthy_Leaf_Healthy_411,VALID,,
Leaf_Healthy_Leaf_Healthy_412,MISSING_LABEL,,No label file
Leaf_Healthy_Leaf_Healthy_413,MISSING_LABEL,,No label file
Leaf_Healthy_Leaf_Healthy_414,MISSING_LABEL,,No label file
Leaf_Healthy_Leaf_Healthy_415,VALID,,
Leaf_Healthy_Leaf_Healthy_416,MISSING_LABEL,,No label file
Leaf_Healthy_Leaf_Healthy_417,MISSING_LABEL,,No label file
Leaf_Healthy_Leaf_Healthy_418,MISSING_LABEL,,No label file
Leaf_Healthy_Leaf_Healthy_419,VALID,,
Leaf_Healthy_Leaf_Healthy_42,VALID,,
Leaf_Healthy_Leaf_Healthy_420,MISSING_LABEL,,No label file
Leaf_Healthy_Leaf_Healthy_421,MISSING_LABEL,,No label file
Leaf_Healthy_Leaf_Healthy_422,MISSING_LABEL,,No label file
Leaf_Healthy_Leaf_Healthy_423,MISSING_LABEL,,No label file
Leaf_Healthy_Leaf_Healthy_424,MISSING_LABEL,,No label file
Leaf_Healthy_Leaf_Healthy_425,VALID,,
Leaf_Healthy_Leaf_Healthy_426,MISSING_LABEL,,No label file
Leaf_Healthy_Leaf_Healthy_427,MISSING_LABEL,,No label file
Leaf_Healthy_Leaf_Healthy_428,MISSING_LABEL,,No label file
Leaf_Healthy_Leaf_Healthy_429,VALID,,
Leaf_Healthy_Leaf_Healthy_43,VALID,,
Leaf_Healthy_Leaf_Healthy_430,VALID,,
Leaf_Healthy_Leaf_Healthy_431,VALID,,
Leaf_Healthy_Leaf_Healthy_432,MISSING_LABEL,,No label file
Leaf_Healthy_Leaf_Healthy_433,MISSING_LABEL,,No label file
Leaf_Healthy_Leaf_Healthy_434,VALID,,
Leaf_Healthy_Leaf_Healthy_435,MISSING_LABEL,,No label file
Leaf_Healthy_Leaf_Healthy_436,MISSING_LABEL,,No label file
Leaf_Healthy_Leaf_Healthy_437,MISSING_LABEL,,No label file
Leaf_Healthy_Leaf_Healthy_438,VALID,,
Leaf_Healthy_Leaf_Healthy_439,MISSING_LABEL,,No label file
Leaf_Healthy_Leaf_Healthy_44,VALID,,
Leaf_Healthy_Leaf_Healthy_440,MISSING_LABEL,,No label file
Leaf_Healthy_Leaf_Healthy_441,MISSING_LABEL,,No label file
Leaf_Healthy_Leaf_Healthy_442,MISSING_LABEL,,No label file
Leaf_Healthy_Leaf_Healthy_443,MISSING_LABEL,,No label file
Leaf_Healthy_Leaf_Healthy_444,MISSING_LABEL,,No label file
Leaf_Healthy_Leaf_Healthy_445,MISSING_LABEL,,No label file
Leaf_Healthy_Leaf_Healthy_446,VALID,,
Leaf_Healthy_Leaf_Healthy_447,MISSING_LABEL,,No label file
Leaf_Healthy_Leaf_Healthy_448,VALID,,
Leaf_Healthy_Leaf_Healthy_449,VALID,,
Leaf_Healthy_Leaf_Healthy_45,MISSING_LABEL,,No label file
Leaf_Healthy_Leaf_Healthy_450,MISSING_LABEL,,No label file
Leaf_Healthy_Leaf_Healthy_451,MISSING_LABEL,,No label file
Leaf_Healthy_Leaf_Healthy_452,MISSING_LABEL,,No label file
Leaf_Healthy_Leaf_Healthy_453,MISSING_LABEL,,No label file
Leaf_Healthy_Leaf_Healthy_454,MISSING_LABEL,,No label file
Leaf_Healthy_Leaf_Healthy_455,VALID,,
Leaf_Healthy_Leaf_Healthy_456,VALID,,
Leaf_Healthy_Leaf_Healthy_457,MISSING_LABEL,,No label file
Leaf_Healthy_Leaf_Healthy_458,MISSING_LABEL,,No label file
Leaf_Healthy_Leaf_Healthy_459,MISSING_LABEL,,No label file
Leaf_Healthy_Leaf_Healthy_46,VALID,,
Leaf_Healthy_Leaf_Healthy_460,MISSING_LABEL,,No label file
Leaf_Healthy_Leaf_Healthy_461,MISSING_LABEL,,No label file
Leaf_Healthy_Leaf_Healthy_462,MISSING_LABEL,,No label file
Leaf_Healthy_Leaf_Healthy_463,MISSING_LABEL,,No label file
Leaf_Healthy_Leaf_Healthy_464,MISSING_LABEL,,No label file
Leaf_Healthy_Leaf_Healthy_464_jpg.rf.044c1104986f1a6710ae65e36c219d30,MALFORMED,Invalid part count,3 0.0515625 0 0.078125 0 0.0796875 0.0046875 0.084375 0.0078125 0.0953125 0.00625 0.096875 0.003125 0.1359375 0.003125 0.1375 0 0.1671875 0 0.1703125 0.00625 0.1640625 0.009375 0.1578125 0.0171875 0.165625 0.01875 0.1671875 0.015625 0.16875 0.01875 0.1734375 0.0203125 0.1734375 0.0234375 0.1671875 0.0296875 0.175 0.0375 0.190625 0.0375 0.2015625 0.03125 0.2109375 0.03125 0.2125 0.028125 0.2234375 0.028125 0.225 0.025 0.2359375 0.0234375 0.2375 0.0203125 0.23125 0.01875 0.2375 0.0171875 0.2390625 0.00625 0.2453125 0.00625 0.246875 0.003125 0.2546875 0.003125 0.25625 0 0.265625 0 0.2671875 0.003125 0.275 0.003125 0.2765625 0 0.2859375 0 0.2875 0.003125 0.2953125 0.003125 0.2984375 0 0.3 0.003125 0.303125 0.003125 0.3046875 0 0.3078125 0 0.309375 0.003125 0.3203125 0.003125 0.321875 0.00625 0.325 0.00625 0.33125 0 0.3453125 0 0.346875 0.003125 0.35 0 0.375 0 0.3796875 0.00625 0.3984375 0.00625 0.3953125 0.0078125 0.396875 0.0109375 0.4078125 0.0109375 0.409375 0.0078125 0.40625 0.00625 0.4125 0.00625 0.4140625 0.003125 0.4328125 0.003125 0.434375 0 0.4953125 0 0.496875 0.003125 0.515625 0.003125 0.5171875 0 0.565625 0 0.5671875 0.003125 0.5859375 0.003125 0.5875 0 0.6125 0 0.6140625 0.003125 0.6234375 0.003125 0.625 0 0.6359375 0 0.6375 0.003125 0.6390625 0 0.6546875 0 0.65625 0.003125 0.665625 0.003125 0.6671875 0.00625 0.678125 0.00625 0.68125 0 0.703125 0 0.7046875 0.003125 0.7109375 0.003125 0.7125 0.00625 0.7234375 0.00625 0.725 0.0109375 0.734375 0 0.7671875 0 0.76875 0.003125 0.7796875 0.003125 0.78125 0.00625 0.7921875 0.00625 0.79375 0.003125 0.8 0.003125 0.8015625 0 0.828125 0 0.8296875 0.003125 0.8359375 0.003125 0.8375 0.00625 0.8421875 0.00625 0.84375 0.0109375 0.853125 0.0109375 0.85625 0.00625 0.8703125 0.003125 0.871875 0 0.9046875 0 0.90625 0.003125 0.9109375 0.003125 0.9140625 0.0109375 0.91875 0.00625 0.9234375 0.00625 0.925 0.003125 0.928125 0.003125 0.9296875 0 0.9984375 0 0.9984375 0.0796875 0.9953125 0.08125 0.9953125 0.0921875 0.9984375 0.09375 0.9984375 0.2640625 0.9921875 0.26875 0.9953125 0.2703125 0.9921875 0.2765625 0.9953125 0.278125 0.9953125 0.2859375 0.9984375 0.2875 0.9984375 0.7265625 0.9953125 0.728125 0.9953125 0.73125 0.9984375 0.7328125 0.9984375 0.7359375 0.9953125 0.7375 0.9953125 0.7421875 0.9984375 0.74375 0.9984375 0.7609375 0.9953125 0.7625 0.9953125 0.7671875 0.9984375 0.76875 0.9984375 0.9234375 0.9953125 0.9265625 0.9984375 0.9296875 0.9921875 0.9359375 0.9953125 0.9375 0.9921875 0.94375 0.9984375 0.9453125 0.9953125 0.9484375 0.9953125 0.9546875 0.9984375 0.95625 0.9984375 0.9734375 0.9921875 0.9765625 0.990625 0.9796875 0.984375 0.98125 0.978125 0.9890625 0.971875 0.9890625 0.9703125 0.9921875 0.9625 0.99375 0.9578125 0.9984375 0.9421875 0.996875 0.9375 0.9984375 0.93125 0.996875 0.9296875 0.99375 0.9265625 0.99375 0.925 0.996875 0.915625 0.9984375 0.9125 0.996875 0.8921875 0.9984375 0.884375 0.996875 0.8828125 0.99375 0.8796875 0.99375 0.878125 0.9890625 0.871875 0.9890625 0.871875 0.9859375 0.875 0.9875 0.8796875 0.9859375 0.88125 0.965625 0.8875 0.959375 0.8890625 0.9453125 0.8921875 0.94375 0.89375 0.9375 0.9 0.93125 0.9015625 0.91875 0.9046875 0.9171875 0.90625 0.9125 0.9109375 0.9109375 0.9171875 0.9046875 0.921875 0.8953125 0.925 0.89375 0.9265625 0.878125 0.91875 0.8765625 0.915625 0.86875 0.9125 0.86875 0.9109375 0.871875 0.9015625 0.871875 0.8984375 0.8765625 0.8890625 0.8765625 0.8875 0.8796875 0.88125 0.8765625 0.8796875 0.8796875 0.8671875 0.884375 0.865625 0.88125 0.8421875 0.8796875 0.840625 0.8765625 0.83125 0.8765625 0.8296875 0.8734375 0.81875 0.871875 0.8171875 0.86875 0.809375 0.86875 0.809375 0.865625 0.80625 0.8640625 0.80625 0.8578125 0.8 0.85625 0.7984375 0.859375 0.7921875 0.859375 0.7828125 0.8671875 0.775 0.86875 0.7734375 0.871875 0.7671875 0.875 0.765625 0.8796875 0.759375 0.88125 0.753125 0.8890625 0.746875 0.8890625 0.7453125 0.8921875 0.7140625 0.89375 0.7109375 0.8859375 0.7 0.8859375 0.6984375 0.8921875 0.703125 0.9015625 0.7 0.903125 0.6984375 0.909375 0.6921875 0.9109375 0.6859375 0.9171875 0.659375 0.91875 0.6578125 0.921875 0.634375 0.9234375 0.6328125 0.9265625 0.6265625 0.9265625 0.625 0.9296875 0.6140625 0.93125 0.6125 0.934375 0.5890625 0.9359375 0.5875 0.9390625 0.58125 0.9390625 0.5796875 0.9421875 0.571875 0.94375 0.5703125 0.946875 0.5171875 0.946875 0.515625 0.94375 0.4921875 0.9421875 0.490625 0.9390625 0.48125 0.9390625 0.4796875 0.9359375 0.4765625 0.9359375 0.4765625 0.93125 0.4796875 0.93125 0.48125 0.928125 0.4859375 0.928125 0.5 0.915625 0.515625 0.9109375 0.5171875 0.9078125 0.528125 0.90625 0.5296875 0.903125 0.5359375 0.903125 0.5375 0.9 0.5484375 0.8984375 0.5515625 0.89375 0.5546875 0.89375 0.55625 0.890625 0.5609375 0.890625 0.56875 0.8828125 0.5796875 0.88125 0.58125 0.878125 0.5859375 0.878125 0.5890625 0.8734375 0.5953125 0.8734375 0.596875 0.8703125 0.6078125 0.86875 0.6140625 0.8625 0.6234375 0.8609375 0.625 0.8578125 0.6359375 0.85625 0.6375 0.853125 0.6421875 0.853125 0.6515625 0.8453125 0.6609375 0.84375 0.6625 0.840625 0.6671875 0.840625 0.66875 0.8375 0.6828125 0.8359375 0.684375 0.8328125 0.690625 0.83125 0.696875 0.825 0.7046875 0.8234375 0.70625 0.8203125 0.7203125 0.81875 0.7265625 0.8125 0.7359375 0.8109375 0.74375 0.803125 0.753125 0.803125 0.759375 0.7953125 0.7671875 0.7921875 0.7640625 0.7890625 0.7671875 0.7828125 0.75625 0.7796875 0.753125 0.7734375 0.74375 0.771875 0.7421875 0.7609375 0.7390625 0.759375 0.7421875 0.75625 0.7375 0.7515625 0.73125 0.7515625 0.728125 0.75625 0.7296875 0.759375 0.7265625 0.75625 0.7203125 0.7625 0.7203125 0.7671875 0.7078125 0.778125 0.7078125 0.78125 0.7 0.7875 0.6984375 0.7921875 0.6921875 0.7953125 0.6859375 0.809375 0.659375 0.8109375 0.653125 0.8171875 0.6265625 0.8171875 0.625 0.8140625 0.61875 0.8140625 0.6171875 0.809375 0.6125 0.8125 0.6125 0.821875 0.596875 0.821875 0.5953125 0.81875 0.5875 0.81875 0.578125 0.8109375 0.56875 0.809375 0.5671875 0.80625 0.559375 0.8046875 0.553125 0.7984375 0.54375 0.796875 0.5359375 0.7859375 0.5296875 0.784375 0.525 0.7796875 0.5234375 0.7734375 0.5140625 0.76875 0.5 0.7828125 0.4984375 0.7890625 0.4921875 0.79375 0.490625 0.8015625 0.4875 0.803125 0.4859375 0.8109375 0.4828125 0.8125 0.4828125 0.8171875 0.4796875 0.81875 0.478125 0.8296875 0.475 0.83125 0.4734375 0.8390625 0.4671875 0.84375 0.4671875 0.846875 0.45625 0.8484375 0.4546875 0.8359375 0.4515625 0.834375 0.45 0.81875 0.4453125 0.8140625 0.4390625 0.8140625 0.4375 0.821875 0.4125 0.821875 0.4125 0.815625 0.40625 0.809375 0.4046875 0.803125 0.4 0.8015625 0.4 0.7953125 0.396875 0.79375 0.3921875 0.78125 0.3890625 0.7796875 0.3875 0.771875 0.3890625 0.753125 0.3875 0.7453125 0.384375 0.74375 0.3875 0.7421875 0.3890625 0.7359375 0.3875 0.73125 0.3890625 0.7296875 0.3890625 0.7109375 0.384375 0.70625 0.384375 0.6875 0.3953125 0.6859375 0.396875 0.675 0.3921875 0.671875 0.3921875 0.66875 0.3890625 0.6671875 0.3890625 0.6625 0.3828125 0.65625 0.3765625 0.65625 0.3734375 0.6609375 0.3734375 0.6671875 0.3703125 0.66875 0.3703125 0.6765625 0.3671875 0.678125 0.3671875 0.684375 0.365625 0.6890625 0.3625 0.690625 0.3609375 0.7015625 0.3546875 0.7078125 0.3546875 0.7171875 0.353125 0.7234375 0.35 0.725 0.3484375 0.7421875 0.3375 0.753125 0.3359375 0.759375 0.3296875 0.765625 0.328125 0.7734375 0.325 0.775 0.325 0.7796875 0.321875 0.7796875 0.3203125 0.784375 0.315625 0.7859375 0.3109375 0.796875 0.3 0.8015625 0.2953125 0.809375 0.2875 0.8109375 0.2796875 0.821875 0.271875 0.8234375 0.2703125 0.8265625 0.259375 0.8265625 0.2578125 0.8296875 0.2546875 0.8296875 0.253125 0.83125 0.2578125 0.8359375 0.2515625 0.8359375 0.25 0.8390625 0.253125 0.8421875 0.246875 0.8421875 0.25 0.8375 0.246875 0.8359375 0.246875 0.83125 0.2421875 0.8265625 0.2390625 0.8265625 0.2359375 0.821875 0.23125 0.821875 0.23125 0.8078125 0.225 0.7984375 0.2265625 0.71875 0.2296875 0.7171875 0.23125 0.6984375 0.234375 0.696875 0.234375 0.690625 0.2375 0.6890625 0.2375 0.68125 0.2421875 0.6765625 0.24375 0.66875 0.246875 0.6671875 0.246875 0.6625 0.25 0.6609375 0.2515625 0.653125 0.259375 0.646875 0.259375 0.640625 0.2625 0.6390625 0.2625 0.6203125 0.2578125 0.6171875 0.246875 0.6171875 0.2453125 0.6140625 0.2390625 0.6109375 0.2375 0.5984375 0.234375 0.596875 0.234375 0.578125 0.2375 0.5765625 0.2390625 0.56875 0.2375 0.5640625 0.2390625 0.5453125 0.215625 0.521875 0.2125 0.521875 0.2125 0.51875 0.209375 0.5171875 0.209375 0.5109375 0.20625 0.509375 0.2046875 0.490625 0.19375 0.4796875 0.19375 0.4703125 0.184375 0.4671875 0.1828125 0.4609375 0.175 0.4609375 0.1734375 0.4671875 0.175 0.4734375 0.1796875 0.478125 0.1875 0.478125 0.1875 0.48125 0.1796875 0.48125 0.178125 0.4890625 0.1671875 0.490625 0.165625 0.5171875 0.1671875 0.521875 0.1734375 0.525 0.1734375 0.534375 0.16875 0.534375 0.1671875 0.5390625 0.1625 0.5390625 0.1609375 0.5359375 0.14375 0.5359375 0.1421875 0.53125 0.13125 0.5296875 0.1296875 0.5234375 0.125 0.521875 0.1234375 0.5234375 0.1234375 0.53125 0.1203125 0.5328125 0.1203125 0.5390625 0.1234375 0.540625 0.125 0.5453125 0.125 0.5640625 0.1328125 0.5703125 0.1328125 0.5734375 0.1296875 0.575 0.1296875 0.58125 0.1328125 0.584375 0.128125 0.5890625 0.121875 0.5890625 0.1203125 0.5859375 0.1125 0.584375 0.1109375 0.58125 0.10625 0.58125 0.0984375 0.5734375 0.09375 0.5734375 0.090625 0.56875 0.084375 0.5671875 0.084375 0.5578125 0.08125 0.55625 0.084375 0.553125 0.08125 0.5515625 0.0796875 0.5453125 0.071875 0.5390625 0.071875 0.5328125 0.06875 0.53125 0.0671875 0.5203125 0.0625 0.5171875 0.0625 0.503125 0.059375 0.5015625 0.059375 0.4953125 0.05 0.4859375 0.0484375 0.4875 0.0484375 0.496875 0.05 0.5015625 0.053125 0.503125 0.0546875 0.5140625 0.0578125 0.515625 0.0578125 0.5234375 0.0609375 0.525 0.0609375 0.5296875 0.065625 0.5328125 0.0671875 0.54375 0.0703125 0.5453125 0.0703125 0.5515625 0.0734375 0.553125 0.075 0.5609375 0.078125 0.5625 0.0796875 0.596875 0.0859375 0.603125 0.0875 0.621875 0.090625 0.6234375 0.0921875 0.6359375 0.0953125 0.6375 0.0953125 0.6515625 0.0984375 0.653125 0.0984375 0.68125 0.084375 0.6796875 0.0796875 0.6734375 0.06875 0.671875 0.0609375 0.6640625 0.05625 0.6640625 0.053125 0.659375 0.0421875 0.6546875 0.0359375 0.646875 0.03125 0.646875 0.0203125 0.6359375 0.0125 0.634375 0.0109375 0.63125 0.00625 0.63125 0.0015625 0.6265625 0 0.6078125 0.0046875 0.6046875 0.0046875 0.6 0.009375 0.5984375 0.0046875 0.596875 0.0046875 0.590625 0.0015625 0.5890625 0.0046875 0.5859375 0.0046875 0.5828125 0.0015625 0.58125 0.0046875 0.5796875 0.0046875 0.5578125 0.00625 0.55625 0.0046875 0.5546875 0.0046875 0.5359375 0.0015625 0.534375 0.0015625 0.53125 0.0046875 0.5296875 0.0015625 0.5265625 0.0015625 0.5109375 0.0046875 0.5078125 0.0015625 0.50625 0.0015625 0.475 0 0.4734375 0 0.3328125 0.0015625 0.33125 0 0.2859375 0.0046875 0.28125 0.0046875 0.2734375 0.0015625 0.271875 0 0.2640625 0.0015625 0.2484375 0 0.190625 0.0015625 0.18125 0.0046875 0.1796875 0.0046875 0.1703125 0.0015625 0.16875 0.0015625 0.1625 0.00625 0.1609375 0.00625 0.153125 0.009375 0.1515625 0.009375 0.14375 0.0125 0.1421875 0.0125 0.1375 0.009375 0.1359375 0.009375 0.128125 0.0125 0.134375 0.015625 0.1359375 0.015625 0.1421875 0.0203125 0.14375 0.021875 0.153125 0.025 0.153125 0.03125 0.1453125 0.0375 0.14375 0.0375 0.1328125 0.03125 0.1265625 0.0296875 0.115625 0.0265625 0.1140625 0.025 0.09375 0.021875 0.0921875 0.021875 0.0734375 0.0171875 0.06875 0.0046875 0.0671875 0.0046875 0.0609375 0.0015625 0.059375 0.0015625 0.0375 0 0.0359375 0.0015625 0.034375 0.0015625 0.01875 0.0046875 0.0171875 0.00625 0.00625 0.009375 0.003125 0.0296875 0.003125 0.03125 0.00625 0.0375 0.00625 0.0359375 0.009375 0.040625 0.0109375 0.04375 0.003125 0.0515625 0.0015625
Leaf_Healthy_Leaf_Healthy_464_jpg.rf.1bf2c2d1648d0a2c87e02ba68039c49f,MALFORMED,Invalid part count,3 0 0 0.06875 0 0.075 0.00625 0.0796875 0.00625 0.0828125 0.0109375 0.0859375 0.009375 0.0875 0.003125 0.0921875 0.003125 0.09375 0 0.1265625 0 0.128125 0.003125 0.1421875 0.00625 0.1453125 0.0109375 0.1546875 0.0109375 0.15625 0.00625 0.1609375 0.00625 0.1625 0.003125 0.16875 0.003125 0.1703125 0 0.196875 0 0.1984375 0.003125 0.2046875 0.003125 0.20625 0.00625 0.2171875 0.00625 0.21875 0.003125 0.2296875 0.003125 0.23125 0 0.2640625 0 0.2734375 0.0109375 0.275 0.00625 0.2859375 0.00625 0.2875 0.003125 0.29375 0.003125 0.2953125 0 0.3171875 0 0.3203125 0.00625 0.33125 0.00625 0.3328125 0.003125 0.3421875 0.003125 0.34375 0 0.359375 0 0.3609375 0.003125 0.3625 0 0.3734375 0 0.375 0.003125 0.384375 0.003125 0.3859375 0 0.4109375 0 0.4125 0.003125 0.43125 0.003125 0.4328125 0 0.48125 0 0.4828125 0.003125 0.5015625 0.003125 0.503125 0 0.5640625 0 0.565625 0.003125 0.584375 0.003125 0.5859375 0.00625 0.5921875 0.00625 0.5890625 0.0078125 0.590625 0.0109375 0.6015625 0.0109375 0.603125 0.0078125 0.6 0.00625 0.61875 0.00625 0.6234375 0 0.6484375 0 0.65 0.003125 0.653125 0 0.6671875 0 0.6734375 0.00625 0.6765625 0.00625 0.678125 0.003125 0.6890625 0.003125 0.690625 0 0.69375 0 0.6953125 0.003125 0.6984375 0.003125 0.7 0 0.703125 0.003125 0.7109375 0.003125 0.7125 0 0.721875 0 0.7234375 0.003125 0.73125 0.003125 0.7328125 0 0.7421875 0 0.74375 0.003125 0.7515625 0.003125 0.753125 0.00625 0.759375 0.00625 0.7609375 0.0171875 0.7671875 0.01875 0.7625 0.01875 0.7609375 0.0203125 0.7625 0.0234375 0.7734375 0.025 0.775 0.028125 0.7859375 0.028125 0.7875 0.03125 0.796875 0.03125 0.8078125 0.0375 0.8265625 0.0359375 0.83125 0.028125 0.825 0.0234375 0.825 0.0203125 0.8296875 0.01875 0.83125 0.015625 0.8328125 0.01875 0.840625 0.0171875 0.834375 0.009375 0.828125 0.00625 0.83125 0 0.8609375 0 0.8625 0.003125 0.9015625 0.003125 0.903125 0.00625 0.9125 0.0078125 0.9171875 0.00625 0.9203125 0 0.946875 0 0.9484375 0.003125 0.9546875 0.003125 0.9578125 0.0109375 0.9625 0.009375 0.9609375 0.00625 0.9671875 0.00625 0.96875 0.003125 0.9890625 0.003125 0.9921875 0.00625 0.99375 0.0171875 0.996875 0.01875 0.996875 0.034375 0.9984375 0.0359375 0.996875 0.0375 0.996875 0.059375 0.99375 0.0609375 0.99375 0.0671875 0.98125 0.06875 0.9765625 0.0734375 0.9765625 0.0921875 0.9734375 0.09375 0.971875 0.1140625 0.96875 0.115625 0.9671875 0.1265625 0.9609375 0.1328125 0.9609375 0.14375 0.9671875 0.1453125 0.9734375 0.153125 0.9765625 0.153125 0.978125 0.14375 0.9828125 0.1421875 0.9828125 0.1359375 0.9859375 0.134375 0.9890625 0.128125 0.9890625 0.1359375 0.9859375 0.1375 0.9859375 0.1421875 0.9890625 0.14375 0.9921875 0.1609375 0.996875 0.1625 0.996875 0.16875 0.99375 0.1703125 0.99375 0.1796875 0.996875 0.18125 0.9984375 0.190625 0.9984375 0.23125 0.996875 0.2328125 0.9984375 0.2640625 0.996875 0.271875 0.99375 0.2734375 0.99375 0.28125 0.9984375 0.2859375 0.9984375 0.3140625 0.996875 0.315625 0.9984375 0.4734375 0.996875 0.475 0.996875 0.50625 0.99375 0.5078125 0.996875 0.5109375 0.996875 0.5265625 0.99375 0.528125 0.996875 0.534375 0.99375 0.5359375 0.99375 0.5546875 0.9921875 0.55625 0.99375 0.5578125 0.99375 0.5796875 0.996875 0.58125 0.99375 0.5828125 0.99375 0.5859375 0.996875 0.5890625 0.99375 0.590625 0.99375 0.596875 0.9890625 0.5984375 0.99375 0.6 0.99375 0.6046875 0.9984375 0.6078125 0.996875 0.6265625 0.9921875 0.63125 0.9875 0.63125 0.9859375 0.634375 0.978125 0.6359375 0.9671875 0.646875 0.9625 0.646875 0.95625 0.6546875 0.95 0.65625 0.9421875 0.6640625 0.9375 0.6640625 0.9296875 0.671875 0.91875 0.6734375 0.9140625 0.6796875 0.9 0.68125 0.9 0.653125 0.903125 0.6515625 0.903125 0.6375 0.90625 0.6359375 0.90625 0.628125 0.9078125 0.6234375 0.9109375 0.621875 0.9125 0.603125 0.91875 0.596875 0.9203125 0.5625 0.9234375 0.5609375 0.925 0.553125 0.928125 0.5515625 0.928125 0.5453125 0.93125 0.54375 0.9328125 0.5328125 0.9375 0.5296875 0.9375 0.525 0.940625 0.5234375 0.940625 0.515625 0.94375 0.5140625 0.9453125 0.503125 0.9484375 0.5015625 0.95 0.496875 0.95 0.4875 0.9484375 0.4859375 0.9390625 0.4953125 0.9390625 0.5015625 0.9359375 0.503125 0.9359375 0.5171875 0.93125 0.5203125 0.9296875 0.53125 0.9265625 0.5328125 0.9265625 0.5390625 0.91875 0.5453125 0.9171875 0.5515625 0.9140625 0.553125 0.9171875 0.55625 0.9140625 0.5578125 0.9140625 0.5671875 0.9078125 0.56875 0.9046875 0.5734375 0.9 0.5734375 0.8921875 0.58125 0.8875 0.58125 0.8859375 0.584375 0.878125 0.5859375 0.8765625 0.5890625 0.8703125 0.5890625 0.865625 0.584375 0.86875 0.58125 0.86875 0.575 0.865625 0.5734375 0.865625 0.5703125 0.8734375 0.5640625 0.8734375 0.5453125 0.875 0.540625 0.878125 0.5390625 0.878125 0.5328125 0.875 0.53125 0.875 0.5234375 0.8734375 0.521875 0.86875 0.5234375 0.8671875 0.5296875 0.85625 0.53125 0.8546875 0.5359375 0.8375 0.5359375 0.8359375 0.5390625 0.83125 0.5390625 0.8296875 0.534375 0.825 0.534375 0.825 0.525 0.8296875 0.5234375 0.8328125 0.5171875 0.83125 0.490625 0.8203125 0.4890625 0.81875 0.48125 0.8109375 0.48125 0.8109375 0.478125 0.81875 0.478125 0.8234375 0.4734375 0.825 0.4671875 0.8234375 0.4609375 0.815625 0.4609375 0.8140625 0.4671875 0.8046875 0.4703125 0.8046875 0.4796875 0.79375 0.490625 0.7921875 0.509375 0.7890625 0.5109375 0.7890625 0.5171875 0.759375 0.5453125 0.759375 0.5609375 0.7609375 0.5625 0.759375 0.56875 0.7609375 0.5765625 0.7640625 0.578125 0.7640625 0.596875 0.7609375 0.5984375 0.759375 0.6109375 0.753125 0.6140625 0.7515625 0.6171875 0.740625 0.6171875 0.7359375 0.6203125 0.7359375 0.6390625 0.7390625 0.640625 0.7390625 0.646875 0.746875 0.653125 0.7484375 0.6609375 0.7515625 0.6625 0.7515625 0.6671875 0.7546875 0.66875 0.7546875 0.6734375 0.7609375 0.68125 0.7609375 0.6890625 0.7640625 0.690625 0.7640625 0.696875 0.7671875 0.6984375 0.76875 0.7171875 0.771875 0.71875 0.7734375 0.7984375 0.7671875 0.8078125 0.7671875 0.821875 0.7625 0.821875 0.759375 0.8265625 0.75625 0.8265625 0.7515625 0.83125 0.7515625 0.8359375 0.7484375 0.8375 0.7515625 0.8421875 0.7453125 0.8421875 0.7484375 0.8375 0.740625 0.8359375 0.74375 0.834375 0.7453125 0.83125 0.74375 0.8296875 0.740625 0.8296875 0.7390625 0.8265625 0.728125 0.8265625 0.7265625 0.8234375 0.71875 0.821875 0.7109375 0.8109375 0.703125 0.809375 0.6984375 0.8015625 0.6875 0.796875 0.6828125 0.7859375 0.678125 0.784375 0.6765625 0.7796875 0.6734375 0.7796875 0.6734375 0.775 0.6703125 0.7734375 0.66875 0.765625 0.6625 0.759375 0.6609375 0.753125 0.65 0.7421875 0.65 0.7328125 0.6484375 0.725 0.6453125 0.7234375 0.64375 0.7078125 0.6375 0.7015625 0.6359375 0.690625 0.6328125 0.6890625 0.63125 0.678125 0.628125 0.6765625 0.628125 0.66875 0.625 0.6671875 0.625 0.6609375 0.621875 0.65625 0.615625 0.65625 0.609375 0.6625 0.609375 0.6671875 0.60625 0.66875 0.60625 0.671875 0.6015625 0.675 0.6015625 0.684375 0.60625 0.6875 0.6140625 0.6875 0.6140625 0.70625 0.609375 0.7109375 0.609375 0.7296875 0.6109375 0.73125 0.609375 0.7359375 0.6109375 0.7421875 0.6140625 0.74375 0.6109375 0.7453125 0.609375 0.753125 0.6109375 0.76875 0.609375 0.7796875 0.60625 0.78125 0.6046875 0.7890625 0.5984375 0.7953125 0.5984375 0.8015625 0.59375 0.803125 0.5921875 0.809375 0.5859375 0.815625 0.5859375 0.821875 0.5609375 0.821875 0.559375 0.8140625 0.553125 0.8140625 0.5484375 0.81875 0.546875 0.834375 0.54375 0.8359375 0.5421875 0.8484375 0.53125 0.846875 0.53125 0.84375 0.525 0.8390625 0.5234375 0.83125 0.5203125 0.8296875 0.51875 0.81875 0.515625 0.8171875 0.515625 0.8125 0.5125 0.8109375 0.5125 0.80625 0.5078125 0.8015625 0.50625 0.79375 0.5 0.7890625 0.4984375 0.7828125 0.484375 0.76875 0.475 0.7734375 0.4734375 0.7796875 0.46875 0.784375 0.4625 0.7859375 0.4546875 0.796875 0.4453125 0.7984375 0.4390625 0.8046875 0.43125 0.80625 0.4296875 0.809375 0.4203125 0.8109375 0.4109375 0.81875 0.403125 0.81875 0.4015625 0.821875 0.3859375 0.821875 0.3859375 0.8125 0.38125 0.809375 0.3796875 0.8140625 0.3734375 0.8140625 0.371875 0.8171875 0.3453125 0.8171875 0.3390625 0.8109375 0.3125 0.809375 0.30625 0.7953125 0.3 0.7921875 0.2984375 0.7875 0.290625 0.78125 0.290625 0.778125 0.278125 0.7671875 0.278125 0.7625 0.271875 0.75625 0.26875 0.759375 0.2703125 0.75625 0.2671875 0.7515625 0.2609375 0.7515625 0.25625 0.75625 0.259375 0.759375 0.25625 0.7609375 0.2546875 0.771875 0.2453125 0.7734375 0.2421875 0.7796875 0.23125 0.7828125 0.234375 0.7859375 0.23125 0.7921875 0.2390625 0.7953125 0.2453125 0.803125 0.2546875 0.803125 0.2625 0.8109375 0.271875 0.8125 0.278125 0.81875 0.2921875 0.8203125 0.29375 0.8234375 0.3015625 0.825 0.303125 0.828125 0.3140625 0.8328125 0.315625 0.8359375 0.3296875 0.8375 0.33125 0.840625 0.3359375 0.840625 0.3375 0.84375 0.34375 0.84375 0.3484375 0.8484375 0.3546875 0.85 0.35625 0.853125 0.3609375 0.853125 0.3625 0.85625 0.3734375 0.8578125 0.375 0.8609375 0.384375 0.8625 0.390625 0.86875 0.396875 0.86875 0.4015625 0.8703125 0.403125 0.8734375 0.409375 0.8734375 0.4125 0.878125 0.4171875 0.878125 0.41875 0.88125 0.4296875 0.8828125 0.4375 0.890625 0.4421875 0.890625 0.44375 0.89375 0.446875 0.89375 0.45 0.8984375 0.4609375 0.9 0.4625 0.903125 0.46875 0.903125 0.4703125 0.90625 0.4765625 0.90625 0.48125 0.9078125 0.4828125 0.9109375 0.4984375 0.915625 0.5078125 0.925 0.521875 0.93125 0.521875 0.9359375 0.51875 0.9359375 0.5171875 0.9390625 0.5078125 0.9390625 0.50625 0.9421875 0.4828125 0.94375 0.48125 0.946875 0.428125 0.946875 0.4265625 0.94375 0.41875 0.9421875 0.4171875 0.9390625 0.4109375 0.9390625 0.409375 0.9359375 0.3859375 0.934375 0.384375 0.93125 0.3734375 0.9296875 0.371875 0.9265625 0.365625 0.9265625 0.3640625 0.9234375 0.340625 0.921875 0.3390625 0.91875 0.3125 0.9171875 0.30625 0.9109375 0.3 0.909375 0.2984375 0.903125 0.2953125 0.9015625 0.3 0.8921875 0.2984375 0.8859375 0.2875 0.8859375 0.284375 0.89375 0.253125 0.8921875 0.2515625 0.8890625 0.2453125 0.8890625 0.2390625 0.88125 0.2328125 0.8796875 0.23125 0.875 0.225 0.871875 0.2234375 0.86875 0.215625 0.8671875 0.209375 0.8609375 0.2 0.859375 0.1984375 0.85625 0.1921875 0.8578125 0.1921875 0.8640625 0.1890625 0.865625 0.1890625 0.86875 0.18125 0.86875 0.1796875 0.871875 0.16875 0.8734375 0.1671875 0.8765625 0.1578125 0.8765625 0.15625 0.8796875 0.1328125 0.88125 0.13125 0.884375 0.11875 0.8796875 0.1171875 0.8765625 0.1109375 0.8796875 0.109375 0.8765625 0.1 0.8765625 0.096875 0.871875 0.0875 0.871875 0.0859375 0.86875 0.0828125 0.86875 0.0796875 0.8765625 0.071875 0.878125 0.0734375 0.89375 0.0765625 0.8953125 0.08125 0.9046875 0.0875 0.9109375 0.0921875 0.9125 0.09375 0.9171875 0.096875 0.91875 0.0984375 0.93125 0.1015625 0.9328125 0.10625 0.94375 0.109375 0.9453125 0.1109375 0.959375 0.1171875 0.965625 0.11875 0.9859375 0.1203125 0.9875 0.1265625 0.9859375 0.1265625 0.9890625 0.1203125 0.9890625 0.11875 0.99375 0.10625 0.9984375 0.0984375 0.996875 0.0828125 0.9984375 0.0734375 0.996875 0.071875 0.99375 0.0609375 0.9984375 0.059375 0.996875 0.040625 0.9984375 0.0359375 0.99375 0.028125 0.9921875 0.0265625 0.9890625 0.0203125 0.9890625 0.0140625 0.98125 0.0078125 0.9796875 0.00625 0.9765625 0 0.9734375 0 0.95625 0.003125 0.9546875 0.003125 0.9484375 0 0.9453125 0.00625 0.94375 0.00625 0.940625 0.003125 0.9390625 0.00625 0.9359375 0 0.9296875 0.003125 0.9265625 0 0.9234375 0 0.76875 0.003125 0.7671875 0.003125 0.7625 0 0.7609375 0 0.74375 0.003125 0.7421875 0.003125 0.7375 0 0.7359375 0 0.7328125 0.003125 0.73125 0.003125 0.728125 0 0.7265625 0 0.2875 0.003125 0.2859375 0.003125 0.278125 0.00625 0.2765625 0.003125 0.2734375 0.003125 0.2703125 0.00625 0.26875 0 0.2640625 0 0.09375 0.003125 0.0921875 0.003125 0.08125 0 0.0796875 0 0.0015625
Leaf_Healthy_Leaf_Healthy_464_jpg.rf.58cbee159cea1ced77d6ec305fdc8919,MALFORMED,Invalid part count,3 0.0515625 0 0.078125 0 0.0796875 0.0046875 0.084375 0.0078125 0.0953125 0.00625 0.096875 0.003125 0.1359375 0.003125 0.1375 0 0.1671875 0 0.1703125 0.00625 0.1640625 0.009375 0.1578125 0.0171875 0.165625 0.01875 0.1671875 0.015625 0.16875 0.01875 0.1734375 0.0203125 0.1734375 0.0234375 0.1671875 0.0296875 0.175 0.0375 0.190625 0.0375 0.2015625 0.03125 0.2109375 0.03125 0.2125 0.028125 0.2234375 0.028125 0.225 0.025 0.2359375 0.0234375 0.2375 0.0203125 0.23125 0.01875 0.2375 0.0171875 0.2390625 0.00625 0.2453125 0.00625 0.246875 0.003125 0.2546875 0.003125 0.25625 0 0.265625 0 0.2671875 0.003125 0.275 0.003125 0.2765625 0 0.2859375 0 0.2875 0.003125 0.2953125 0.003125 0.2984375 0 0.3 0.003125 0.303125 0.003125 0.3046875 0 0.3078125 0 0.309375 0.003125 0.3203125 0.003125 0.321875 0.00625 0.325 0.00625 0.33125 0 0.3453125 0 0.346875 0.003125 0.35 0 0.375 0 0.3796875 0.00625 0.3984375 0.00625 0.3953125 0.0078125 0.396875 0.0109375 0.4078125 0.0109375 0.409375 0.0078125 0.40625 0.00625 0.4125 0.00625 0.4140625 0.003125 0.4328125 0.003125 0.434375 0 0.4953125 0 0.496875 0.003125 0.515625 0.003125 0.5171875 0 0.565625 0 0.5671875 0.003125 0.5859375 0.003125 0.5875 0 0.6125 0 0.6140625 0.003125 0.6234375 0.003125 0.625 0 0.6359375 0 0.6375 0.003125 0.6390625 0 0.6546875 0 0.65625 0.003125 0.665625 0.003125 0.6671875 0.00625 0.678125 0.00625 0.68125 0 0.703125 0 0.7046875 0.003125 0.7109375 0.003125 0.7125 0.00625 0.7234375 0.00625 0.725 0.0109375 0.734375 0 0.7671875 0 0.76875 0.003125 0.7796875 0.003125 0.78125 0.00625 0.7921875 0.00625 0.79375 0.003125 0.8 0.003125 0.8015625 0 0.828125 0 0.8296875 0.003125 0.8359375 0.003125 0.8375 0.00625 0.8421875 0.00625 0.84375 0.0109375 0.853125 0.0109375 0.85625 0.00625 0.8703125 0.003125 0.871875 0 0.9046875 0 0.90625 0.003125 0.9109375 0.003125 0.9140625 0.0109375 0.91875 0.00625 0.9234375 0.00625 0.925 0.003125 0.928125 0.003125 0.9296875 0 0.9984375 0 0.9984375 0.0796875 0.9953125 0.08125 0.9953125 0.0921875 0.9984375 0.09375 0.9984375 0.2640625 0.9921875 0.26875 0.9953125 0.2703125 0.9921875 0.2765625 0.9953125 0.278125 0.9953125 0.2859375 0.9984375 0.2875 0.9984375 0.7265625 0.9953125 0.728125 0.9953125 0.73125 0.9984375 0.7328125 0.9984375 0.7359375 0.9953125 0.7375 0.9953125 0.7421875 0.9984375 0.74375 0.9984375 0.7609375 0.9953125 0.7625 0.9953125 0.7671875 0.9984375 0.76875 0.9984375 0.9234375 0.9953125 0.9265625 0.9984375 0.9296875 0.9921875 0.9359375 0.9953125 0.9375 0.9921875 0.94375 0.9984375 0.9453125 0.9953125 0.9484375 0.9953125 0.9546875 0.9984375 0.95625 0.9984375 0.9734375 0.9921875 0.9765625 0.990625 0.9796875 0.984375 0.98125 0.978125 0.9890625 0.971875 0.9890625 0.9703125 0.9921875 0.9625 0.99375 0.9578125 0.9984375 0.9421875 0.996875 0.9375 0.9984375 0.93125 0.996875 0.9296875 0.99375 0.9265625 0.99375 0.925 0.996875 0.915625 0.9984375 0.9125 0.996875 0.8921875 0.9984375 0.884375 0.996875 0.8828125 0.99375 0.8796875 0.99375 0.878125 0.9890625 0.871875 0.9890625 0.871875 0.9859375 0.875 0.9875 0.8796875 0.9859375 0.88125 0.965625 0.8875 0.959375 0.8890625 0.9453125 0.8921875 0.94375 0.89375 0.9375 0.9 0.93125 0.9015625 0.91875 0.9046875 0.9171875 0.90625 0.9125 0.9109375 0.9109375 0.9171875 0.9046875 0.921875 0.8953125 0.925 0.89375 0.9265625 0.878125 0.91875 0.8765625 0.915625 0.86875 0.9125 0.86875 0.9109375 0.871875 0.9015625 0.871875 0.8984375 0.8765625 0.8890625 0.8765625 0.8875 0.8796875 0.88125 0.8765625 0.8796875 0.8796875 0.8671875 0.884375 0.865625 0.88125 0.8421875 0.8796875 0.840625 0.8765625 0.83125 0.8765625 0.8296875 0.8734375 0.81875 0.871875 0.8171875 0.86875 0.809375 0.86875 0.809375 0.865625 0.80625 0.8640625 0.80625 0.8578125 0.8 0.85625 0.7984375 0.859375 0.7921875 0.859375 0.7828125 0.8671875 0.775 0.86875 0.7734375 0.871875 0.7671875 0.875 0.765625 0.8796875 0.759375 0.88125 0.753125 0.8890625 0.746875 0.8890625 0.7453125 0.8921875 0.7140625 0.89375 0.7109375 0.8859375 0.7 0.8859375 0.6984375 0.8921875 0.703125 0.9015625 0.7 0.903125 0.6984375 0.909375 0.6921875 0.9109375 0.6859375 0.9171875 0.659375 0.91875 0.6578125 0.921875 0.634375 0.9234375 0.6328125 0.9265625 0.6265625 0.9265625 0.625 0.9296875 0.6140625 0.93125 0.6125 0.934375 0.5890625 0.9359375 0.5875 0.9390625 0.58125 0.9390625 0.5796875 0.9421875 0.571875 0.94375 0.5703125 0.946875 0.5171875 0.946875 0.515625 0.94375 0.4921875 0.9421875 0.490625 0.9390625 0.48125 0.9390625 0.4796875 0.9359375 0.4765625 0.9359375 0.4765625 0.93125 0.4796875 0.93125 0.48125 0.928125 0.4859375 0.928125 0.5 0.915625 0.515625 0.9109375 0.5171875 0.9078125 0.528125 0.90625 0.5296875 0.903125 0.5359375 0.903125 0.5375 0.9 0.5484375 0.8984375 0.5515625 0.89375 0.5546875 0.89375 0.55625 0.890625 0.5609375 0.890625 0.56875 0.8828125 0.5796875 0.88125 0.58125 0.878125 0.5859375 0.878125 0.5890625 0.8734375 0.5953125 0.8734375 0.596875 0.8703125 0.6078125 0.86875 0.6140625 0.8625 0.6234375 0.8609375 0.625 0.8578125 0.6359375 0.85625 0.6375 0.853125 0.6421875 0.853125 0.6515625 0.8453125 0.6609375 0.84375 0.6625 0.840625 0.6671875 0.840625 0.66875 0.8375 0.6828125 0.8359375 0.684375 0.8328125 0.690625 0.83125 0.696875 0.825 0.7046875 0.8234375 0.70625 0.8203125 0.7203125 0.81875 0.7265625 0.8125 0.7359375 0.8109375 0.74375 0.803125 0.753125 0.803125 0.759375 0.7953125 0.7671875 0.7921875 0.7640625 0.7890625 0.7671875 0.7828125 0.75625 0.7796875 0.753125 0.7734375 0.74375 0.771875 0.7421875 0.7609375 0.7390625 0.759375 0.7421875 0.75625 0.7375 0.7515625 0.73125 0.7515625 0.728125 0.75625 0.7296875 0.759375 0.7265625 0.75625 0.7203125 0.7625 0.7203125 0.7671875 0.7078125 0.778125 0.7078125 0.78125 0.7 0.7875 0.6984375 0.7921875 0.6921875 0.7953125 0.6859375 0.809375 0.659375 0.8109375 0.653125 0.8171875 0.6265625 0.8171875 0.625 0.8140625 0.61875 0.8140625 0.6171875 0.809375 0.6125 0.8125 0.6125 0.821875 0.596875 0.821875 0.5953125 0.81875 0.5875 0.81875 0.578125 0.8109375 0.56875 0.809375 0.5671875 0.80625 0.559375 0.8046875 0.553125 0.7984375 0.54375 0.796875 0.5359375 0.7859375 0.5296875 0.784375 0.525 0.7796875 0.5234375 0.7734375 0.5140625 0.76875 0.5 0.7828125 0.4984375 0.7890625 0.4921875 0.79375 0.490625 0.8015625 0.4875 0.803125 0.4859375 0.8109375 0.4828125 0.8125 0.4828125 0.8171875 0.4796875 0.81875 0.478125 0.8296875 0.475 0.83125 0.4734375 0.8390625 0.4671875 0.84375 0.4671875 0.846875 0.45625 0.8484375 0.4546875 0.8359375 0.4515625 0.834375 0.45 0.81875 0.4453125 0.8140625 0.4390625 0.8140625 0.4375 0.821875 0.4125 0.821875 0.4125 0.815625 0.40625 0.809375 0.4046875 0.803125 0.4 0.8015625 0.4 0.7953125 0.396875 0.79375 0.3921875 0.78125 0.3890625 0.7796875 0.3875 0.771875 0.3890625 0.753125 0.3875 0.7453125 0.384375 0.74375 0.3875 0.7421875 0.3890625 0.7359375 0.3875 0.73125 0.3890625 0.7296875 0.3890625 0.7109375 0.384375 0.70625 0.384375 0.6875 0.3953125 0.6859375 0.396875 0.675 0.3921875 0.671875 0.3921875 0.66875 0.3890625 0.6671875 0.3890625 0.6625 0.3828125 0.65625 0.3765625 0.65625 0.3734375 0.6609375 0.3734375 0.6671875 0.3703125 0.66875 0.3703125 0.6765625 0.3671875 0.678125 0.3671875 0.684375 0.365625 0.6890625 0.3625 0.690625 0.3609375 0.7015625 0.3546875 0.7078125 0.3546875 0.7171875 0.353125 0.7234375 0.35 0.725 0.3484375 0.7421875 0.3375 0.753125 0.3359375 0.759375 0.3296875 0.765625 0.328125 0.7734375 0.325 0.775 0.325 0.7796875 0.321875 0.7796875 0.3203125 0.784375 0.315625 0.7859375 0.3109375 0.796875 0.3 0.8015625 0.2953125 0.809375 0.2875 0.8109375 0.2796875 0.821875 0.271875 0.8234375 0.2703125 0.8265625 0.259375 0.8265625 0.2578125 0.8296875 0.2546875 0.8296875 0.253125 0.83125 0.2578125 0.8359375 0.2515625 0.8359375 0.25 0.8390625 0.253125 0.8421875 0.246875 0.8421875 0.25 0.8375 0.246875 0.8359375 0.246875 0.83125 0.2421875 0.8265625 0.2390625 0.8265625 0.2359375 0.821875 0.23125 0.821875 0.23125 0.8078125 0.225 0.7984375 0.2265625 0.71875 0.2296875 0.7171875 0.23125 0.6984375 0.234375 0.696875 0.234375 0.690625 0.2375 0.6890625 0.2375 0.68125 0.2421875 0.6765625 0.24375 0.66875 0.246875 0.6671875 0.246875 0.6625 0.25 0.6609375 0.2515625 0.653125 0.259375 0.646875 0.259375 0.640625 0.2625 0.6390625 0.2625 0.6203125 0.2578125 0.6171875 0.246875 0.6171875 0.2453125 0.6140625 0.2390625 0.6109375 0.2375 0.5984375 0.234375 0.596875 0.234375 0.578125 0.2375 0.5765625 0.2390625 0.56875 0.2375 0.5640625 0.2390625 0.5453125 0.215625 0.521875 0.2125 0.521875 0.2125 0.51875 0.209375 0.5171875 0.209375 0.5109375 0.20625 0.509375 0.2046875 0.490625 0.19375 0.4796875 0.19375 0.4703125 0.184375 0.4671875 0.1828125 0.4609375 0.175 0.4609375 0.1734375 0.4671875 0.175 0.4734375 0.1796875 0.478125 0.1875 0.478125 0.1875 0.48125 0.1796875 0.48125 0.178125 0.4890625 0.1671875 0.490625 0.165625 0.5171875 0.1671875 0.521875 0.1734375 0.525 0.1734375 0.534375 0.16875 0.534375 0.1671875 0.5390625 0.1625 0.5390625 0.1609375 0.5359375 0.14375 0.5359375 0.1421875 0.53125 0.13125 0.5296875 0.1296875 0.5234375 0.125 0.521875 0.1234375 0.5234375 0.1234375 0.53125 0.1203125 0.5328125 0.1203125 0.5390625 0.1234375 0.540625 0.125 0.5453125 0.125 0.5640625 0.1328125 0.5703125 0.1328125 0.5734375 0.1296875 0.575 0.1296875 0.58125 0.1328125 0.584375 0.128125 0.5890625 0.121875 0.5890625 0.1203125 0.5859375 0.1125 0.584375 0.1109375 0.58125 0.10625 0.58125 0.0984375 0.5734375 0.09375 0.5734375 0.090625 0.56875 0.084375 0.5671875 0.084375 0.5578125 0.08125 0.55625 0.084375 0.553125 0.08125 0.5515625 0.0796875 0.5453125 0.071875 0.5390625 0.071875 0.5328125 0.06875 0.53125 0.0671875 0.5203125 0.0625 0.5171875 0.0625 0.503125 0.059375 0.5015625 0.059375 0.4953125 0.05 0.4859375 0.0484375 0.4875 0.0484375 0.496875 0.05 0.5015625 0.053125 0.503125 0.0546875 0.5140625 0.0578125 0.515625 0.0578125 0.5234375 0.0609375 0.525 0.0609375 0.5296875 0.065625 0.5328125 0.0671875 0.54375 0.0703125 0.5453125 0.0703125 0.5515625 0.0734375 0.553125 0.075 0.5609375 0.078125 0.5625 0.0796875 0.596875 0.0859375 0.603125 0.0875 0.621875 0.090625 0.6234375 0.0921875 0.6359375 0.0953125 0.6375 0.0953125 0.6515625 0.0984375 0.653125 0.0984375 0.68125 0.084375 0.6796875 0.0796875 0.6734375 0.06875 0.671875 0.0609375 0.6640625 0.05625 0.6640625 0.053125 0.659375 0.0421875 0.6546875 0.0359375 0.646875 0.03125 0.646875 0.0203125 0.6359375 0.0125 0.634375 0.0109375 0.63125 0.00625 0.63125 0.0015625 0.6265625 0 0.6078125 0.0046875 0.6046875 0.0046875 0.6 0.009375 0.5984375 0.0046875 0.596875 0.0046875 0.590625 0.0015625 0.5890625 0.0046875 0.5859375 0.0046875 0.5828125 0.0015625 0.58125 0.0046875 0.5796875 0.0046875 0.5578125 0.00625 0.55625 0.0046875 0.5546875 0.0046875 0.5359375 0.0015625 0.534375 0.0015625 0.53125 0.0046875 0.5296875 0.0015625 0.5265625 0.0015625 0.5109375 0.0046875 0.5078125 0.0015625 0.50625 0.0015625 0.475 0 0.4734375 0 0.3328125 0.0015625 0.33125 0 0.2859375 0.0046875 0.28125 0.0046875 0.2734375 0.0015625 0.271875 0 0.2640625 0.0015625 0.2484375 0 0.190625 0.0015625 0.18125 0.0046875 0.1796875 0.0046875 0.1703125 0.0015625 0.16875 0.0015625 0.1625 0.00625 0.1609375 0.00625 0.153125 0.009375 0.1515625 0.009375 0.14375 0.0125 0.1421875 0.0125 0.1375 0.009375 0.1359375 0.009375 0.128125 0.0125 0.134375 0.015625 0.1359375 0.015625 0.1421875 0.0203125 0.14375 0.021875 0.153125 0.025 0.153125 0.03125 0.1453125 0.0375 0.14375 0.0375 0.1328125 0.03125 0.1265625 0.0296875 0.115625 0.0265625 0.1140625 0.025 0.09375 0.021875 0.0921875 0.021875 0.0734375 0.0171875 0.06875 0.0046875 0.0671875 0.0046875 0.0609375 0.0015625 0.059375 0.0015625 0.0375 0 0.0359375 0.0015625 0.034375 0.0015625 0.01875 0.0046875 0.0171875 0.00625 0.00625 0.009375 0.003125 0.0296875 0.003125 0.03125 0.00625 0.0375 0.00625 0.0359375 0.009375 0.040625 0.0109375 0.04375 0.003125 0.0515625 0.0015625
Leaf_Healthy_Leaf_Healthy_465,MISSING_LABEL,,No label file
Leaf_Healthy_Leaf_Healthy_465_jpg.rf.0db6aadaf132708d1ba39009e1b4d92e,MALFORMED,Invalid part count,3 0.4609375 0.075 0.48125 0.075 0.4859375 0.08125 0.49375 0.0828125 0.4953125 0.0859375 0.5015625 0.0875 0.5078125 0.09375 0.521875 0.1 0.525 0.10625 0.5296875 0.1078125 0.5328125 0.1125 0.5359375 0.1125 0.5390625 0.11875 0.546875 0.125 0.5484375 0.13125 0.559375 0.140625 0.5609375 0.1484375 0.5671875 0.153125 0.56875 0.159375 0.571875 0.1609375 0.5734375 0.16875 0.5765625 0.1703125 0.58125 0.18125 0.584375 0.1828125 0.5859375 0.19375 0.5890625 0.1953125 0.5890625 0.2015625 0.5921875 0.203125 0.59375 0.2171875 0.596875 0.21875 0.5984375 0.23125 0.6015625 0.2328125 0.6015625 0.2421875 0.6046875 0.24375 0.60625 0.2640625 0.609375 0.265625 0.6109375 0.284375 0.6140625 0.2859375 0.6140625 0.30625 0.6171875 0.3078125 0.6171875 0.33125 0.61875 0.3421875 0.621875 0.34375 0.6234375 0.3578125 0.6234375 0.3796875 0.6265625 0.38125 0.6265625 0.3890625 0.6296875 0.390625 0.63125 0.4265625 0.634375 0.428125 0.6359375 0.471875 0.6390625 0.4734375 0.6390625 0.4796875 0.6359375 0.48125 0.6359375 0.4859375 0.6390625 0.4875 0.6390625 0.5171875 0.6421875 0.51875 0.6421875 0.5859375 0.64375 0.5875 0.6421875 0.659375 0.6390625 0.6609375 0.6390625 0.6765625 0.6359375 0.678125 0.634375 0.7140625 0.63125 0.715625 0.6296875 0.7359375 0.6265625 0.7375 0.6265625 0.746875 0.6234375 0.7484375 0.6234375 0.75625 0.621875 0.7640625 0.61875 0.765625 0.6171875 0.78125 0.6140625 0.7828125 0.6140625 0.7890625 0.6109375 0.790625 0.609375 0.8046875 0.60625 0.80625 0.6046875 0.8140625 0.5984375 0.8203125 0.596875 0.83125 0.59375 0.8328125 0.5921875 0.8421875 0.5890625 0.84375 0.584375 0.85625 0.58125 0.8578125 0.5796875 0.8671875 0.571875 0.875 0.571875 0.8796875 0.5640625 0.8875 0.5640625 0.8921875 0.5609375 0.89375 0.5609375 0.896875 0.55625 0.9 0.5546875 0.909375 0.5484375 0.915625 0.5390625 0.934375 0.534375 0.9375 0.534375 0.9421875 0.5234375 0.953125 0.521875 0.9609375 0.51875 0.9625 0.5171875 0.96875 0.5171875 0.9796875 0.5140625 0.98125 0.5140625 0.9859375 0.5109375 0.9875 0.509375 0.996875 0.4984375 0.996875 0.4984375 0.99375 0.4953125 0.9921875 0.4953125 0.9859375 0.490625 0.98125 0.490625 0.9734375 0.4875 0.971875 0.4859375 0.9625 0.4828125 0.9609375 0.48125 0.953125 0.475 0.9484375 0.4734375 0.940625 0.4703125 0.9390625 0.46875 0.9328125 0.4625 0.9296875 0.4625 0.925 0.4578125 0.921875 0.45625 0.915625 0.4453125 0.9046875 0.44375 0.8953125 0.4375 0.8921875 0.4359375 0.8828125 0.43125 0.8796875 0.43125 0.875 0.425 0.871875 0.41875 0.8578125 0.415625 0.85625 0.4109375 0.8453125 0.4078125 0.84375 0.40625 0.8359375 0.4 0.83125 0.3984375 0.8234375 0.3953125 0.821875 0.39375 0.8171875 0.39375 0.8109375 0.3875 0.8046875 0.3859375 0.7953125 0.3828125 0.79375 0.38125 0.78125 0.378125 0.7796875 0.378125 0.775 0.375 0.7734375 0.3734375 0.75625 0.3703125 0.7546875 0.36875 0.74375 0.365625 0.7421875 0.365625 0.7328125 0.3625 0.73125 0.3609375 0.7125 0.3578125 0.7109375 0.35625 0.6953125 0.353125 0.69375 0.353125 0.68125 0.35 0.6796875 0.3484375 0.6375 0.3453125 0.6359375 0.34375 0.621875 0.34375 0.5609375 0.340625 0.559375 0.340625 0.5453125 0.34375 0.54375 0.34375 0.4453125 0.3453125 0.44375 0.3453125 0.4203125 0.3484375 0.41875 0.3484375 0.340625 0.35 0.3390625 0.35 0.303125 0.353125 0.3015625 0.353125 0.2625 0.35625 0.2609375 0.3578125 0.240625 0.3609375 0.2390625 0.3625 0.2234375 0.365625 0.221875 0.365625 0.215625 0.36875 0.2140625 0.3703125 0.2 0.3734375 0.1984375 0.375 0.1875 0.38125 0.18125 0.3828125 0.1734375 0.3859375 0.171875 0.3875 0.1609375 0.39375 0.1546875 0.4 0.140625 0.4109375 0.1296875 0.4125 0.1234375 0.4609375 0.0765625
Leaf_Healthy_Leaf_Healthy_465_jpg.rf.92e6d8bb01ae290c6934fa0fdff8cb4a,MALFORMED,Invalid part count,3 0.5171875 0.075 0.5375 0.075 0.5859375 0.1234375 0.5875 0.1296875 0.5984375 0.140625 0.6046875 0.1546875 0.6109375 0.1609375 0.6109375 0.1671875 0.6125 0.171875 0.615625 0.1734375 0.6171875 0.18125 0.6234375 0.1875 0.625 0.1984375 0.628125 0.2 0.6296875 0.2140625 0.6328125 0.215625 0.6328125 0.221875 0.6359375 0.2234375 0.6375 0.2390625 0.640625 0.240625 0.6421875 0.2609375 0.6453125 0.2625 0.6453125 0.3015625 0.6484375 0.303125 0.6484375 0.3390625 0.65 0.340625 0.65 0.41875 0.653125 0.4203125 0.653125 0.44375 0.6546875 0.4453125 0.6546875 0.54375 0.6578125 0.5453125 0.6578125 0.559375 0.6546875 0.5609375 0.6546875 0.621875 0.653125 0.6359375 0.65 0.6375 0.6484375 0.6796875 0.6453125 0.68125 0.6453125 0.69375 0.6421875 0.6953125 0.640625 0.7109375 0.6375 0.7125 0.6375 0.721875 0.6359375 0.73125 0.6328125 0.7328125 0.6328125 0.7421875 0.6296875 0.74375 0.628125 0.7546875 0.625 0.75625 0.6234375 0.7734375 0.6203125 0.775 0.6203125 0.7796875 0.6171875 0.78125 0.615625 0.79375 0.6125 0.7953125 0.6109375 0.8046875 0.6046875 0.8109375 0.6046875 0.8171875 0.603125 0.821875 0.6 0.8234375 0.5984375 0.83125 0.5921875 0.8359375 0.590625 0.84375 0.5875 0.8453125 0.5859375 0.8515625 0.5796875 0.8578125 0.5734375 0.871875 0.5671875 0.875 0.5671875 0.8796875 0.5625 0.8828125 0.5609375 0.8921875 0.5546875 0.8953125 0.553125 0.9046875 0.5421875 0.915625 0.540625 0.921875 0.5359375 0.925 0.5359375 0.9296875 0.5296875 0.9328125 0.528125 0.9390625 0.525 0.940625 0.5234375 0.9484375 0.5171875 0.953125 0.515625 0.9609375 0.5125 0.9625 0.5109375 0.971875 0.5078125 0.9734375 0.5078125 0.98125 0.503125 0.9859375 0.503125 0.9921875 0.5 0.99375 0.5 0.996875 0.4890625 0.996875 0.4875 0.9875 0.484375 0.9859375 0.484375 0.98125 0.48125 0.9796875 0.48125 0.96875 0.4796875 0.9625 0.4765625 0.9609375 0.475 0.953125 0.4640625 0.9421875 0.4640625 0.9375 0.459375 0.934375 0.45 0.915625 0.44375 0.909375 0.4421875 0.9 0.4375 0.896875 0.4375 0.89375 0.434375 0.8921875 0.434375 0.8875 0.4265625 0.8796875 0.4265625 0.875 0.41875 0.8671875 0.4171875 0.8578125 0.4140625 0.85625 0.4125 0.8484375 0.40625 0.8421875 0.4046875 0.8328125 0.4015625 0.83125 0.4 0.8203125 0.396875 0.81875 0.3921875 0.80625 0.3890625 0.8046875 0.3890625 0.7953125 0.3875 0.790625 0.384375 0.7890625 0.384375 0.7828125 0.38125 0.78125 0.38125 0.7734375 0.3796875 0.765625 0.3765625 0.7640625 0.375 0.7484375 0.371875 0.746875 0.371875 0.7375 0.36875 0.7359375 0.3671875 0.715625 0.3640625 0.7140625 0.3625 0.678125 0.359375 0.6765625 0.359375 0.6609375 0.35625 0.659375 0.35625 0.603125 0.3546875 0.6015625 0.35625 0.51875 0.359375 0.5171875 0.359375 0.4875 0.3625 0.4859375 0.3625 0.48125 0.359375 0.4796875 0.359375 0.4734375 0.3625 0.471875 0.3640625 0.428125 0.3671875 0.4265625 0.36875 0.390625 0.371875 0.3890625 0.371875 0.38125 0.375 0.3796875 0.375 0.3578125 0.3765625 0.34375 0.3796875 0.3421875 0.38125 0.33125 0.38125 0.3078125 0.384375 0.30625 0.384375 0.2859375 0.3875 0.284375 0.3890625 0.265625 0.3921875 0.2640625 0.3921875 0.253125 0.39375 0.24375 0.396875 0.2421875 0.396875 0.2328125 0.4 0.23125 0.4015625 0.21875 0.4046875 0.2171875 0.40625 0.203125 0.409375 0.2015625 0.409375 0.1953125 0.4125 0.19375 0.4140625 0.1828125 0.4171875 0.18125 0.41875 0.175 0.425 0.16875 0.4265625 0.1609375 0.4296875 0.159375 0.43125 0.153125 0.4375 0.1484375 0.4390625 0.140625 0.45 0.13125 0.4515625 0.125 0.459375 0.11875 0.459375 0.115625 0.4734375 0.10625 0.4765625 0.1 0.4828125 0.0984375 0.484375 0.0953125 0.490625 0.09375 0.496875 0.0875 0.503125 0.0859375 0.5046875 0.0828125 0.5125 0.08125 0.5171875 0.0765625
Leaf_Healthy_Leaf_Healthy_465_jpg.rf.df26c93f857633f49316b401e9ae1a90,MALFORMED,Invalid part count,3 0.4609375 0.075 0.48125 0.075 0.4859375 0.08125 0.49375 0.0828125 0.4953125 0.0859375 0.5015625 0.0875 0.5078125 0.09375 0.521875 0.1 0.525 0.10625 0.5296875 0.1078125 0.5328125 0.1125 0.5359375 0.1125 0.5390625 0.11875 0.546875 0.125 0.5484375 0.13125 0.559375 0.140625 0.5609375 0.1484375 0.5671875 0.153125 0.56875 0.159375 0.571875 0.1609375 0.5734375 0.16875 0.5765625 0.1703125 0.58125 0.18125 0.584375 0.1828125 0.5859375 0.19375 0.5890625 0.1953125 0.5890625 0.2015625 0.5921875 0.203125 0.59375 0.2171875 0.596875 0.21875 0.5984375 0.23125 0.6015625 0.2328125 0.6015625 0.2421875 0.6046875 0.24375 0.60625 0.2640625 0.609375 0.265625 0.6109375 0.284375 0.6140625 0.2859375 0.6140625 0.30625 0.6171875 0.3078125 0.6171875 0.33125 0.61875 0.3421875 0.621875 0.34375 0.6234375 0.3578125 0.6234375 0.3796875 0.6265625 0.38125 0.6265625 0.3890625 0.6296875 0.390625 0.63125 0.4265625 0.634375 0.428125 0.6359375 0.471875 0.6390625 0.4734375 0.6390625 0.4796875 0.6359375 0.48125 0.6359375 0.4859375 0.6390625 0.4875 0.6390625 0.5171875 0.6421875 0.51875 0.6421875 0.5859375 0.64375 0.5875 0.6421875 0.659375 0.6390625 0.6609375 0.6390625 0.6765625 0.6359375 0.678125 0.634375 0.7140625 0.63125 0.715625 0.6296875 0.7359375 0.6265625 0.7375 0.6265625 0.746875 0.6234375 0.7484375 0.6234375 0.75625 0.621875 0.7640625 0.61875 0.765625 0.6171875 0.78125 0.6140625 0.7828125 0.6140625 0.7890625 0.6109375 0.790625 0.609375 0.8046875 0.60625 0.80625 0.6046875 0.8140625 0.5984375 0.8203125 0.596875 0.83125 0.59375 0.8328125 0.5921875 0.8421875 0.5890625 0.84375 0.584375 0.85625 0.58125 0.8578125 0.5796875 0.8671875 0.571875 0.875 0.571875 0.8796875 0.5640625 0.8875 0.5640625 0.8921875 0.5609375 0.89375 0.5609375 0.896875 0.55625 0.9 0.5546875 0.909375 0.5484375 0.915625 0.5390625 0.934375 0.534375 0.9375 0.534375 0.9421875 0.5234375 0.953125 0.521875 0.9609375 0.51875 0.9625 0.5171875 0.96875 0.5171875 0.9796875 0.5140625 0.98125 0.5140625 0.9859375 0.5109375 0.9875 0.509375 0.996875 0.4984375 0.996875 0.4984375 0.99375 0.4953125 0.9921875 0.4953125 0.9859375 0.490625 0.98125 0.490625 0.9734375 0.4875 0.971875 0.4859375 0.9625 0.4828125 0.9609375 0.48125 0.953125 0.475 0.9484375 0.4734375 0.940625 0.4703125 0.9390625 0.46875 0.9328125 0.4625 0.9296875 0.4625 0.925 0.4578125 0.921875 0.45625 0.915625 0.4453125 0.9046875 0.44375 0.8953125 0.4375 0.8921875 0.4359375 0.8828125 0.43125 0.8796875 0.43125 0.875 0.425 0.871875 0.41875 0.8578125 0.415625 0.85625 0.4109375 0.8453125 0.4078125 0.84375 0.40625 0.8359375 0.4 0.83125 0.3984375 0.8234375 0.3953125 0.821875 0.39375 0.8171875 0.39375 0.8109375 0.3875 0.8046875 0.3859375 0.7953125 0.3828125 0.79375 0.38125 0.78125 0.378125 0.7796875 0.378125 0.775 0.375 0.7734375 0.3734375 0.75625 0.3703125 0.7546875 0.36875 0.74375 0.365625 0.7421875 0.365625 0.7328125 0.3625 0.73125 0.3609375 0.7125 0.3578125 0.7109375 0.35625 0.6953125 0.353125 0.69375 0.353125 0.68125 0.35 0.6796875 0.3484375 0.6375 0.3453125 0.6359375 0.34375 0.621875 0.34375 0.5609375 0.340625 0.559375 0.340625 0.5453125 0.34375 0.54375 0.34375 0.4453125 0.3453125 0.44375 0.3453125 0.4203125 0.3484375 0.41875 0.3484375 0.340625 0.35 0.3390625 0.35 0.303125 0.353125 0.3015625 0.353125 0.2625 0.35625 0.2609375 0.3578125 0.240625 0.3609375 0.2390625 0.3625 0.2234375 0.365625 0.221875 0.365625 0.215625 0.36875 0.2140625 0.3703125 0.2 0.3734375 0.1984375 0.375 0.1875 0.38125 0.18125 0.3828125 0.1734375 0.3859375 0.171875 0.3875 0.1609375 0.39375 0.1546875 0.4 0.140625 0.4109375 0.1296875 0.4125 0.1234375 0.4609375 0.0765625
Leaf_Healthy_Leaf_Healthy_466,VALID,,
Leaf_Healthy_Leaf_Healthy_467,MISSING_LABEL,,No label file
Leaf_Healthy_Leaf_Healthy_468,VALID,,
Leaf_Healthy_Leaf_Healthy_469,MISSING_LABEL,,No label file
Leaf_Healthy_Leaf_Healthy_47,VALID,,
Leaf_Healthy_Leaf_Healthy_470,MISSING_LABEL,,No label file
Leaf_Healthy_Leaf_Healthy_471,VALID,,
Leaf_Healthy_Leaf_Healthy_472,VALID,,
Leaf_Healthy_Leaf_Healthy_473,VALID,,
Leaf_Healthy_Leaf_Healthy_474,MISSING_LABEL,,No label file
Leaf_Healthy_Leaf_Healthy_475,VALID,,
Leaf_Healthy_Leaf_Healthy_476,MISSING_LABEL,,No label file
Leaf_Healthy_Leaf_Healthy_477,MISSING_LABEL,,No label file
Leaf_Healthy_Leaf_Healthy_478,MISSING_LABEL,,No label file
Leaf_Healthy_Leaf_Healthy_479,MISSING_LABEL,,No label file
Leaf_Healthy_Leaf_Healthy_48,VALID,,
Leaf_Healthy_Leaf_Healthy_480,VALID,,
Leaf_Healthy_Leaf_Healthy_481,MISSING_LABEL,,No label file
Leaf_Healthy_Leaf_Healthy_482,MISSING_LABEL,,No label file
Leaf_Healthy_Leaf_Healthy_483,MISSING_LABEL,,No label file
Leaf_Healthy_Leaf_Healthy_484,MISSING_LABEL,,No label file
Leaf_Healthy_Leaf_Healthy_49,MISSING_LABEL,,No label file
Leaf_Healthy_Leaf_Healthy_5,MISSING_LABEL,,No label file
Leaf_Healthy_Leaf_Healthy_50,MISSING_LABEL,,No label file
Leaf_Healthy_Leaf_Healthy_51,VALID,,
Leaf_Healthy_Leaf_Healthy_52,MISSING_LABEL,,No label file
Leaf_Healthy_Leaf_Healthy_53,MISSING_LABEL,,No label file
Leaf_Healthy_Leaf_Healthy_54,MISSING_LABEL,,No label file
Leaf_Healthy_Leaf_Healthy_55,MISSING_LABEL,,No label file
Leaf_Healthy_Leaf_Healthy_56,MISSING_LABEL,,No label file
Leaf_Healthy_Leaf_Healthy_57,MISSING_LABEL,,No label file
Leaf_Healthy_Leaf_Healthy_58,MISSING_LABEL,,No label file
Leaf_Healthy_Leaf_Healthy_59,VALID,,
Leaf_Healthy_Leaf_Healthy_6,MISSING_LABEL,,No label file
Leaf_Healthy_Leaf_Healthy_60,MISSING_LABEL,,No label file
Leaf_Healthy_Leaf_Healthy_61,VALID,,
Leaf_Healthy_Leaf_Healthy_62,MISSING_LABEL,,No label file
Leaf_Healthy_Leaf_Healthy_63,MISSING_LABEL,,No label file
Leaf_Healthy_Leaf_Healthy_64,VALID,,
Leaf_Healthy_Leaf_Healthy_65,MISSING_LABEL,,No label file
Leaf_Healthy_Leaf_Healthy_66,VALID,,
Leaf_Healthy_Leaf_Healthy_67,MISSING_LABEL,,No label file
Leaf_Healthy_Leaf_Healthy_68,MISSING_LABEL,,No label file
Leaf_Healthy_Leaf_Healthy_69,MISSING_LABEL,,No label file
Leaf_Healthy_Leaf_Healthy_7,MISSING_LABEL,,No label file
Leaf_Healthy_Leaf_Healthy_70,VALID,,
Leaf_Healthy_Leaf_Healthy_71,MISSING_LABEL,,No label file
Leaf_Healthy_Leaf_Healthy_72,MISSING_LABEL,,No label file
Leaf_Healthy_Leaf_Healthy_73,MISSING_LABEL,,No label file
Leaf_Healthy_Leaf_Healthy_74,MISSING_LABEL,,No label file
Leaf_Healthy_Leaf_Healthy_75,VALID,,
Leaf_Healthy_Leaf_Healthy_76,VALID,,
Leaf_Healthy_Leaf_Healthy_77,MISSING_LABEL,,No label file
Leaf_Healthy_Leaf_Healthy_78,VALID,,
Leaf_Healthy_Leaf_Healthy_79,MISSING_LABEL,,No label file
Leaf_Healthy_Leaf_Healthy_8,VALID,,
Leaf_Healthy_Leaf_Healthy_80,MISSING_LABEL,,No label file
Leaf_Healthy_Leaf_Healthy_81,VALID,,
Leaf_Healthy_Leaf_Healthy_82,MISSING_LABEL,,No label file
Leaf_Healthy_Leaf_Healthy_83,VALID,,
Leaf_Healthy_Leaf_Healthy_84,VALID,,
Leaf_Healthy_Leaf_Healthy_85,VALID,,
Leaf_Healthy_Leaf_Healthy_86,VALID,,
Leaf_Healthy_Leaf_Healthy_87,MISSING_LABEL,,No label file
Leaf_Healthy_Leaf_Healthy_88,MISSING_LABEL,,No label file
Leaf_Healthy_Leaf_Healthy_89,VALID,,
Leaf_Healthy_Leaf_Healthy_9,VALID,,
Leaf_Healthy_Leaf_Healthy_90,VALID,,
Leaf_Healthy_Leaf_Healthy_91,MISSING_LABEL,,No label file
Leaf_Healthy_Leaf_Healthy_92,MISSING_LABEL,,No label file
Leaf_Healthy_Leaf_Healthy_93,MISSING_LABEL,,No label file
Leaf_Healthy_Leaf_Healthy_94,VALID,,
Leaf_Healthy_Leaf_Healthy_95,MISSING_LABEL,,No label file
Leaf_Healthy_Leaf_Healthy_96,MISSING_LABEL,,No label file
Leaf_Healthy_Leaf_Healthy_97,MISSING_LABEL,,No label file
Leaf_Healthy_Leaf_Healthy_98,MISSING_LABEL,,No label file
Leaf_Healthy_Leaf_Healthy_99,VALID,,
Leaf_Phomopsis_Leaf_Phomopsis_1,MISSING_LABEL,,No label file
Leaf_Phomopsis_Leaf_Phomopsis_10,MISSING_LABEL,,No label file
Leaf_Phomopsis_Leaf_Phomopsis_100,MISSING_LABEL,,No label file
Leaf_Phomopsis_Leaf_Phomopsis_101,MISSING_LABEL,,No label file
Leaf_Phomopsis_Leaf_Phomopsis_102,MISSING_LABEL,,No label file
Leaf_Phomopsis_Leaf_Phomopsis_103,MISSING_LABEL,,No label file
Leaf_Phomopsis_Leaf_Phomopsis_104,MISSING_LABEL,,No label file
Leaf_Phomopsis_Leaf_Phomopsis_105,MISSING_LABEL,,No label file
Leaf_Phomopsis_Leaf_Phomopsis_106,MISSING_LABEL,,No label file
Leaf_Phomopsis_Leaf_Phomopsis_107,MISSING_LABEL,,No label file
Leaf_Phomopsis_Leaf_Phomopsis_108,VALID,,
Leaf_Phomopsis_Leaf_Phomopsis_109,VALID,,
Leaf_Phomopsis_Leaf_Phomopsis_11,MISSING_LABEL,,No label file
Leaf_Phomopsis_Leaf_Phomopsis_110,MISSING_LABEL,,No label file
Leaf_Phomopsis_Leaf_Phomopsis_111,MISSING_LABEL,,No label file
Leaf_Phomopsis_Leaf_Phomopsis_112,MISSING_LABEL,,No label file
Leaf_Phomopsis_Leaf_Phomopsis_113,MISSING_LABEL,,No label file
Leaf_Phomopsis_Leaf_Phomopsis_114,MISSING_LABEL,,No label file
Leaf_Phomopsis_Leaf_Phomopsis_115,MISSING_LABEL,,No label file
Leaf_Phomopsis_Leaf_Phomopsis_116,MISSING_LABEL,,No label file
Leaf_Phomopsis_Leaf_Phomopsis_117,MISSING_LABEL,,No label file
Leaf_Phomopsis_Leaf_Phomopsis_118,MISSING_LABEL,,No label file
Leaf_Phomopsis_Leaf_Phomopsis_119,MISSING_LABEL,,No label file
Leaf_Phomopsis_Leaf_Phomopsis_12,VALID,,
Leaf_Phomopsis_Leaf_Phomopsis_120,VALID,,
Leaf_Phomopsis_Leaf_Phomopsis_121,MISSING_LABEL,,No label file
Leaf_Phomopsis_Leaf_Phomopsis_122,MISSING_LABEL,,No label file
Leaf_Phomopsis_Leaf_Phomopsis_123,MISSING_LABEL,,No label file
Leaf_Phomopsis_Leaf_Phomopsis_124,MISSING_LABEL,,No label file
Leaf_Phomopsis_Leaf_Phomopsis_125,MISSING_LABEL,,No label file
Leaf_Phomopsis_Leaf_Phomopsis_126,MISSING_LABEL,,No label file
Leaf_Phomopsis_Leaf_Phomopsis_127,MISSING_LABEL,,No label file
Leaf_Phomopsis_Leaf_Phomopsis_128,MISSING_LABEL,,No label file
Leaf_Phomopsis_Leaf_Phomopsis_129,MISSING_LABEL,,No label file
Leaf_Phomopsis_Leaf_Phomopsis_13,MISSING_LABEL,,No label file
Leaf_Phomopsis_Leaf_Phomopsis_130,MISSING_LABEL,,No label file
Leaf_Phomopsis_Leaf_Phomopsis_131,MISSING_LABEL,,No label file
Leaf_Phomopsis_Leaf_Phomopsis_132,VALID,,
Leaf_Phomopsis_Leaf_Phomopsis_133,MISSING_LABEL,,No label file
Leaf_Phomopsis_Leaf_Phomopsis_134,MISSING_LABEL,,No label file
Leaf_Phomopsis_Leaf_Phomopsis_135,MISSING_LABEL,,No label file
Leaf_Phomopsis_Leaf_Phomopsis_136,MISSING_LABEL,,No label file
Leaf_Phomopsis_Leaf_Phomopsis_137,MISSING_LABEL,,No label file
Leaf_Phomopsis_Leaf_Phomopsis_138,MISSING_LABEL,,No label file
Leaf_Phomopsis_Leaf_Phomopsis_139,MISSING_LABEL,,No label file
Leaf_Phomopsis_Leaf_Phomopsis_14,MISSING_LABEL,,No label file
Leaf_Phomopsis_Leaf_Phomopsis_140,MISSING_LABEL,,No label file
Leaf_Phomopsis_Leaf_Phomopsis_141,MISSING_LABEL,,No label file
Leaf_Phomopsis_Leaf_Phomopsis_142,MISSING_LABEL,,No label file
Leaf_Phomopsis_Leaf_Phomopsis_143,MISSING_LABEL,,No label file
Leaf_Phomopsis_Leaf_Phomopsis_144,VALID,,
Leaf_Phomopsis_Leaf_Phomopsis_145,VALID,,
Leaf_Phomopsis_Leaf_Phomopsis_146,MISSING_LABEL,,No label file
Leaf_Phomopsis_Leaf_Phomopsis_147,VALID,,
Leaf_Phomopsis_Leaf_Phomopsis_148,MISSING_LABEL,,No label file
Leaf_Phomopsis_Leaf_Phomopsis_149,MISSING_LABEL,,No label file
Leaf_Phomopsis_Leaf_Phomopsis_15,VALID,,
Leaf_Phomopsis_Leaf_Phomopsis_150,VALID,,
Leaf_Phomopsis_Leaf_Phomopsis_151,MISSING_LABEL,,No label file
Leaf_Phomopsis_Leaf_Phomopsis_152,MISSING_LABEL,,No label file
Leaf_Phomopsis_Leaf_Phomopsis_153,MISSING_LABEL,,No label file
Leaf_Phomopsis_Leaf_Phomopsis_154,VALID,,
Leaf_Phomopsis_Leaf_Phomopsis_155,MISSING_LABEL,,No label file
Leaf_Phomopsis_Leaf_Phomopsis_156,MISSING_LABEL,,No label file
Leaf_Phomopsis_Leaf_Phomopsis_157,MISSING_LABEL,,No label file
Leaf_Phomopsis_Leaf_Phomopsis_158,MISSING_LABEL,,No label file
Leaf_Phomopsis_Leaf_Phomopsis_159,MISSING_LABEL,,No label file
Leaf_Phomopsis_Leaf_Phomopsis_16,MISSING_LABEL,,No label file
Leaf_Phomopsis_Leaf_Phomopsis_160,VALID,,
Leaf_Phomopsis_Leaf_Phomopsis_161,VALID,,
Leaf_Phomopsis_Leaf_Phomopsis_162,MISSING_LABEL,,No label file
Leaf_Phomopsis_Leaf_Phomopsis_163,MISSING_LABEL,,No label file
Leaf_Phomopsis_Leaf_Phomopsis_164,MISSING_LABEL,,No label file
Leaf_Phomopsis_Leaf_Phomopsis_165,VALID,,
Leaf_Phomopsis_Leaf_Phomopsis_166,VALID,,
Leaf_Phomopsis_Leaf_Phomopsis_167,VALID,,
Leaf_Phomopsis_Leaf_Phomopsis_168,MISSING_LABEL,,No label file
Leaf_Phomopsis_Leaf_Phomopsis_169,VALID,,
Leaf_Phomopsis_Leaf_Phomopsis_17,VALID,,
Leaf_Phomopsis_Leaf_Phomopsis_170,VALID,,
Leaf_Phomopsis_Leaf_Phomopsis_171,VALID,,
Leaf_Phomopsis_Leaf_Phomopsis_172,VALID,,
Leaf_Phomopsis_Leaf_Phomopsis_173,MISSING_LABEL,,No label file
Leaf_Phomopsis_Leaf_Phomopsis_174,VALID,,
Leaf_Phomopsis_Leaf_Phomopsis_175,VALID,,
Leaf_Phomopsis_Leaf_Phomopsis_176,MISSING_LABEL,,No label file
Leaf_Phomopsis_Leaf_Phomopsis_177,MISSING_LABEL,,No label file
Leaf_Phomopsis_Leaf_Phomopsis_178,VALID,,
Leaf_Phomopsis_Leaf_Phomopsis_179,MISSING_LABEL,,No label file
Leaf_Phomopsis_Leaf_Phomopsis_18,VALID,,
Leaf_Phomopsis_Leaf_Phomopsis_180,VALID,,
Leaf_Phomopsis_Leaf_Phomopsis_181,MISSING_LABEL,,No label file
Leaf_Phomopsis_Leaf_Phomopsis_182,VALID,,
Leaf_Phomopsis_Leaf_Phomopsis_183,VALID,,
Leaf_Phomopsis_Leaf_Phomopsis_184,MISSING_LABEL,,No label file
Leaf_Phomopsis_Leaf_Phomopsis_185,MISSING_LABEL,,No label file
Leaf_Phomopsis_Leaf_Phomopsis_186,MISSING_LABEL,,No label file
Leaf_Phomopsis_Leaf_Phomopsis_187,MISSING_LABEL,,No label file
Leaf_Phomopsis_Leaf_Phomopsis_188,MISSING_LABEL,,No label file
Leaf_Phomopsis_Leaf_Phomopsis_189,MISSING_LABEL,,No label file
Leaf_Phomopsis_Leaf_Phomopsis_19,MISSING_LABEL,,No label file
Leaf_Phomopsis_Leaf_Phomopsis_190,MISSING_LABEL,,No label file
Leaf_Phomopsis_Leaf_Phomopsis_191,MISSING_LABEL,,No label file
Leaf_Phomopsis_Leaf_Phomopsis_192,MISSING_LABEL,,No label file
Leaf_Phomopsis_Leaf_Phomopsis_193,MISSING_LABEL,,No label file
Leaf_Phomopsis_Leaf_Phomopsis_194,MISSING_LABEL,,No label file
Leaf_Phomopsis_Leaf_Phomopsis_195,MISSING_LABEL,,No label file
Leaf_Phomopsis_Leaf_Phomopsis_196,MISSING_LABEL,,No label file
Leaf_Phomopsis_Leaf_Phomopsis_197,VALID,,
Leaf_Phomopsis_Leaf_Phomopsis_198,MISSING_LABEL,,No label file
Leaf_Phomopsis_Leaf_Phomopsis_199,MISSING_LABEL,,No label file
Leaf_Phomopsis_Leaf_Phomopsis_2,MISSING_LABEL,,No label file
Leaf_Phomopsis_Leaf_Phomopsis_20,MISSING_LABEL,,No label file
Leaf_Phomopsis_Leaf_Phomopsis_200,MISSING_LABEL,,No label file
Leaf_Phomopsis_Leaf_Phomopsis_201,MISSING_LABEL,,No label file
Leaf_Phomopsis_Leaf_Phomopsis_202,MISSING_LABEL,,No label file
Leaf_Phomopsis_Leaf_Phomopsis_203,MISSING_LABEL,,No label file
Leaf_Phomopsis_Leaf_Phomopsis_204,VALID,,
Leaf_Phomopsis_Leaf_Phomopsis_205,MISSING_LABEL,,No label file
Leaf_Phomopsis_Leaf_Phomopsis_206,VALID,,
Leaf_Phomopsis_Leaf_Phomopsis_207,MISSING_LABEL,,No label file
Leaf_Phomopsis_Leaf_Phomopsis_208,MISSING_LABEL,,No label file
Leaf_Phomopsis_Leaf_Phomopsis_209,MISSING_LABEL,,No label file
Leaf_Phomopsis_Leaf_Phomopsis_21,VALID,,
Leaf_Phomopsis_Leaf_Phomopsis_210,MISSING_LABEL,,No label file
Leaf_Phomopsis_Leaf_Phomopsis_211,MISSING_LABEL,,No label file
Leaf_Phomopsis_Leaf_Phomopsis_212,MISSING_LABEL,,No label file
Leaf_Phomopsis_Leaf_Phomopsis_213,MISSING_LABEL,,No label file
Leaf_Phomopsis_Leaf_Phomopsis_214,MISSING_LABEL,,No label file
Leaf_Phomopsis_Leaf_Phomopsis_215,VALID,,
Leaf_Phomopsis_Leaf_Phomopsis_216,MISSING_LABEL,,No label file
Leaf_Phomopsis_Leaf_Phomopsis_217,MISSING_LABEL,,No label file
Leaf_Phomopsis_Leaf_Phomopsis_218,MISSING_LABEL,,No label file
Leaf_Phomopsis_Leaf_Phomopsis_218_jpg.rf.90b34d9e3c63bdb6b495f7068565b844,MALFORMED,Invalid part count,3 0.35625 0 0.5109375 0 0.5125 0.003125 0.5296875 0.003125 0.53125 0.00625 0.546875 0.00625 0.5484375 0.003125 0.5546875 0.003125 0.55625 0 0.6859375 0 0.6875 0.003125 0.6921875 0.003125 0.69375 0.00625 0.6984375 0.00625 0.7 0.003125 0.7109375 0.003125 0.7125 0 0.7984375 0 0.8 0.003125 0.80625 0.003125 0.8078125 0 0.8171875 0 0.81875 0.003125 0.8296875 0.003125 0.83125 0.00625 0.8359375 0.00625 0.8375 0.003125 0.84375 0.003125 0.8453125 0 0.859375 0 0.8609375 0.003125 0.8921875 0.003125 0.89375 0 0.9921875 0 0.99375 0.0046875 0.9984375 0.0078125 0.9984375 0.0390625 0.996875 0.0515625 0.99375 0.053125 0.99375 0.05625 0.9984375 0.0609375 0.9984375 0.1984375 0.996875 0.2046875 0.99375 0.20625 0.996875 0.2078125 0.996875 0.2296875 0.99375 0.23125 0.9984375 0.2328125 0.9984375 0.2734375 0.996875 0.2859375 0.99375 0.2875 0.99375 0.29375 0.996875 0.2953125 0.9984375 0.3 0.9984375 0.4734375 0.996875 0.4890625 0.99375 0.490625 0.9890625 0.5015625 0.9734375 0.5171875 0.95625 0.5171875 0.9546875 0.5140625 0.90625 0.5140625 0.9046875 0.5171875 0.9 0.5171875 0.8921875 0.5265625 0.8875 0.5265625 0.884375 0.53125 0.878125 0.53125 0.8765625 0.534375 0.8703125 0.5359375 0.8671875 0.5421875 0.8609375 0.54375 0.8484375 0.5421875 0.84375 0.5359375 0.8375 0.534375 0.83125 0.525 0.825 0.521875 0.8234375 0.515625 0.803125 0.496875 0.803125 0.49375 0.79375 0.484375 0.79375 0.48125 0.7875 0.4765625 0.7859375 0.4703125 0.775 0.4609375 0.775 0.4578125 0.7703125 0.4546875 0.76875 0.45 0.7625 0.446875 0.75625 0.4328125 0.75 0.4296875 0.75 0.425 0.7453125 0.421875 0.74375 0.415625 0.7375 0.409375 0.7359375 0.403125 0.7328125 0.4015625 0.73125 0.39375 0.728125 0.3921875 0.728125 0.3875 0.7203125 0.3796875 0.71875 0.3703125 0.715625 0.36875 0.715625 0.3625 0.7125 0.3609375 0.7109375 0.353125 0.7078125 0.3515625 0.70625 0.34375 0.703125 0.3421875 0.703125 0.3375 0.7 0.3359375 0.6984375 0.325 0.6953125 0.3234375 0.69375 0.3109375 0.6875 0.3046875 0.6875 0.2984375 0.6859375 0.29375 0.6828125 0.2921875 0.68125 0.28125 0.678125 0.2796875 0.678125 0.2734375 0.675 0.271875 0.675 0.2625 0.6734375 0.25625 0.6703125 0.2546875 0.6703125 0.2453125 0.6625 0.24375 0.6609375 0.2453125 0.6609375 0.3359375 0.659375 0.3375 0.6609375 0.3453125 0.6609375 0.371875 0.659375 0.3734375 0.6609375 0.421875 0.659375 0.4234375 0.659375 0.4546875 0.65625 0.45625 0.65625 0.471875 0.659375 0.4734375 0.659375 0.49375 0.65625 0.4953125 0.6546875 0.596875 0.6515625 0.5984375 0.6515625 0.61875 0.6484375 0.6203125 0.646875 0.6421875 0.64375 0.64375 0.6421875 0.6765625 0.6390625 0.678125 0.6390625 0.6890625 0.6359375 0.690625 0.634375 0.6984375 0.634375 0.7171875 0.63125 0.71875 0.6296875 0.734375 0.6265625 0.7359375 0.6265625 0.74375 0.6234375 0.7453125 0.621875 0.7640625 0.61875 0.765625 0.6171875 0.7796875 0.6140625 0.78125 0.6140625 0.7859375 0.6109375 0.7875 0.609375 0.8015625 0.60625 0.803125 0.6046875 0.821875 0.5984375 0.828125 0.5984375 0.834375 0.596875 0.8390625 0.59375 0.840625 0.5921875 0.8515625 0.5859375 0.8578125 0.5859375 0.8640625 0.584375 0.86875 0.58125 0.8703125 0.5796875 0.88125 0.5734375 0.8859375 0.571875 0.8921875 0.5640625 0.9 0.5640625 0.9046875 0.55625 0.9109375 0.5546875 0.9171875 0.5484375 0.9203125 0.5421875 0.934375 0.5375 0.9359375 0.534375 0.9421875 0.5265625 0.9484375 0.5265625 0.9515625 0.5015625 0.975 0.5015625 0.9796875 0.4890625 0.990625 0.4890625 0.99375 0.4859375 0.99375 0.484375 0.996875 0.453125 0.996875 0.45 0.99375 0.4484375 0.9859375 0.4453125 0.984375 0.44375 0.9734375 0.4375 0.96875 0.4359375 0.9609375 0.428125 0.9546875 0.428125 0.95 0.41875 0.9421875 0.41875 0.9375 0.4125 0.934375 0.40625 0.9203125 0.4 0.9171875 0.4 0.9125 0.390625 0.9046875 0.390625 0.9 0.3828125 0.89375 0.38125 0.8859375 0.3734375 0.8796875 0.3734375 0.875 0.365625 0.8671875 0.365625 0.8625 0.3625 0.8609375 0.3625 0.8578125 0.3578125 0.8546875 0.3578125 0.8484375 0.35625 0.84375 0.353125 0.8421875 0.353125 0.8359375 0.3453125 0.8265625 0.34375 0.815625 0.340625 0.8140625 0.340625 0.8078125 0.3375 0.80625 0.3359375 0.790625 0.3328125 0.7890625 0.33125 0.7734375 0.328125 0.771875 0.328125 0.7625 0.325 0.7609375 0.3234375 0.7484375 0.3203125 0.746875 0.31875 0.73125 0.315625 0.7296875 0.315625 0.7203125 0.3125 0.71875 0.3109375 0.7 0.3078125 0.6984375 0.30625 0.6609375 0.303125 0.659375 0.303125 0.65 0.3 0.6484375 0.2984375 0.603125 0.2953125 0.6015625 0.29375 0.5921875 0.29375 0.55625 0.290625 0.5546875 0.290625 0.5109375 0.2875 0.509375 0.2875 0.503125 0.290625 0.5015625 0.290625 0.4578125 0.29375 0.45625 0.29375 0.43125 0.290625 0.4296875 0.290625 0.4234375 0.29375 0.421875 0.2953125 0.3578125 0.2984375 0.35625 0.3 0.33125 0.303125 0.3296875 0.3 0.3234375 0.303125 0.321875 0.303125 0.2859375 0.30625 0.284375 0.3078125 0.24375 0.3109375 0.2421875 0.3125 0.1828125 0.315625 0.18125 0.315625 0.16875 0.31875 0.1671875 0.3203125 0.1328125 0.3234375 0.13125 0.325 0.1109375 0.328125 0.109375 0.328125 0.0984375 0.33125 0.096875 0.3328125 0.06875 0.3359375 0.0671875 0.3375 0.0484375 0.340625 0.046875 0.340625 0.040625 0.34375 0.0390625 0.3453125 0.0234375 0.3484375 0.021875 0.35 0.0109375 0.35625 0.0046875 0.35625 0.0015625
Leaf_Phomopsis_Leaf_Phomopsis_218_jpg.rf.9a5484ec4e0f83255f049b9e67beb3fa,MALFORMED,Invalid part count,3 0.35625 0 0.5109375 0 0.5125 0.003125 0.5296875 0.003125 0.53125 0.00625 0.546875 0.00625 0.5484375 0.003125 0.5546875 0.003125 0.55625 0 0.6859375 0 0.6875 0.003125 0.6921875 0.003125 0.69375 0.00625 0.6984375 0.00625 0.7 0.003125 0.7109375 0.003125 0.7125 0 0.7984375 0 0.8 0.003125 0.80625 0.003125 0.8078125 0 0.8171875 0 0.81875 0.003125 0.8296875 0.003125 0.83125 0.00625 0.8359375 0.00625 0.8375 0.003125 0.84375 0.003125 0.8453125 0 0.859375 0 0.8609375 0.003125 0.8921875 0.003125 0.89375 0 0.9921875 0 0.99375 0.0046875 0.9984375 0.0078125 0.9984375 0.0390625 0.996875 0.0515625 0.99375 0.053125 0.99375 0.05625 0.9984375 0.0609375 0.9984375 0.1984375 0.996875 0.2046875 0.99375 0.20625 0.996875 0.2078125 0.996875 0.2296875 0.99375 0.23125 0.9984375 0.2328125 0.9984375 0.2734375 0.996875 0.2859375 0.99375 0.2875 0.99375 0.29375 0.996875 0.2953125 0.9984375 0.3 0.9984375 0.4734375 0.996875 0.4890625 0.99375 0.490625 0.9890625 0.5015625 0.9734375 0.5171875 0.95625 0.5171875 0.9546875 0.5140625 0.90625 0.5140625 0.9046875 0.5171875 0.9 0.5171875 0.8921875 0.5265625 0.8875 0.5265625 0.884375 0.53125 0.878125 0.53125 0.8765625 0.534375 0.8703125 0.5359375 0.8671875 0.5421875 0.8609375 0.54375 0.8484375 0.5421875 0.84375 0.5359375 0.8375 0.534375 0.83125 0.525 0.825 0.521875 0.8234375 0.515625 0.803125 0.496875 0.803125 0.49375 0.79375 0.484375 0.79375 0.48125 0.7875 0.4765625 0.7859375 0.4703125 0.775 0.4609375 0.775 0.4578125 0.7703125 0.4546875 0.76875 0.45 0.7625 0.446875 0.75625 0.4328125 0.75 0.4296875 0.75 0.425 0.7453125 0.421875 0.74375 0.415625 0.7375 0.409375 0.7359375 0.403125 0.7328125 0.4015625 0.73125 0.39375 0.728125 0.3921875 0.728125 0.3875 0.7203125 0.3796875 0.71875 0.3703125 0.715625 0.36875 0.715625 0.3625 0.7125 0.3609375 0.7109375 0.353125 0.7078125 0.3515625 0.70625 0.34375 0.703125 0.3421875 0.703125 0.3375 0.7 0.3359375 0.6984375 0.325 0.6953125 0.3234375 0.69375 0.3109375 0.6875 0.3046875 0.6875 0.2984375 0.6859375 0.29375 0.6828125 0.2921875 0.68125 0.28125 0.678125 0.2796875 0.678125 0.2734375 0.675 0.271875 0.675 0.2625 0.6734375 0.25625 0.6703125 0.2546875 0.6703125 0.2453125 0.6625 0.24375 0.6609375 0.2453125 0.6609375 0.3359375 0.659375 0.3375 0.6609375 0.3453125 0.6609375 0.371875 0.659375 0.3734375 0.6609375 0.421875 0.659375 0.4234375 0.659375 0.4546875 0.65625 0.45625 0.65625 0.471875 0.659375 0.4734375 0.659375 0.49375 0.65625 0.4953125 0.6546875 0.596875 0.6515625 0.5984375 0.6515625 0.61875 0.6484375 0.6203125 0.646875 0.6421875 0.64375 0.64375 0.6421875 0.6765625 0.6390625 0.678125 0.6390625 0.6890625 0.6359375 0.690625 0.634375 0.6984375 0.634375 0.7171875 0.63125 0.71875 0.6296875 0.734375 0.6265625 0.7359375 0.6265625 0.74375 0.6234375 0.7453125 0.621875 0.7640625 0.61875 0.765625 0.6171875 0.7796875 0.6140625 0.78125 0.6140625 0.7859375 0.6109375 0.7875 0.609375 0.8015625 0.60625 0.803125 0.6046875 0.821875 0.5984375 0.828125 0.5984375 0.834375 0.596875 0.8390625 0.59375 0.840625 0.5921875 0.8515625 0.5859375 0.8578125 0.5859375 0.8640625 0.584375 0.86875 0.58125 0.8703125 0.5796875 0.88125 0.5734375 0.8859375 0.571875 0.8921875 0.5640625 0.9 0.5640625 0.9046875 0.55625 0.9109375 0.5546875 0.9171875 0.5484375 0.9203125 0.5421875 0.934375 0.5375 0.9359375 0.534375 0.9421875 0.5265625 0.9484375 0.5265625 0.9515625 0.5015625 0.975 0.5015625 0.9796875 0.4890625 0.990625 0.4890625 0.99375 0.4859375 0.99375 0.484375 0.996875 0.453125 0.996875 0.45 0.99375 0.4484375 0.9859375 0.4453125 0.984375 0.44375 0.9734375 0.4375 0.96875 0.4359375 0.9609375 0.428125 0.9546875 0.428125 0.95 0.41875 0.9421875 0.41875 0.9375 0.4125 0.934375 0.40625 0.9203125 0.4 0.9171875 0.4 0.9125 0.390625 0.9046875 0.390625 0.9 0.3828125 0.89375 0.38125 0.8859375 0.3734375 0.8796875 0.3734375 0.875 0.365625 0.8671875 0.365625 0.8625 0.3625 0.8609375 0.3625 0.8578125 0.3578125 0.8546875 0.3578125 0.8484375 0.35625 0.84375 0.353125 0.8421875 0.353125 0.8359375 0.3453125 0.8265625 0.34375 0.815625 0.340625 0.8140625 0.340625 0.8078125 0.3375 0.80625 0.3359375 0.790625 0.3328125 0.7890625 0.33125 0.7734375 0.328125 0.771875 0.328125 0.7625 0.325 0.7609375 0.3234375 0.7484375 0.3203125 0.746875 0.31875 0.73125 0.315625 0.7296875 0.315625 0.7203125 0.3125 0.71875 0.3109375 0.7 0.3078125 0.6984375 0.30625 0.6609375 0.303125 0.659375 0.303125 0.65 0.3 0.6484375 0.2984375 0.603125 0.2953125 0.6015625 0.29375 0.5921875 0.29375 0.55625 0.290625 0.5546875 0.290625 0.5109375 0.2875 0.509375 0.2875 0.503125 0.290625 0.5015625 0.290625 0.4578125 0.29375 0.45625 0.29375 0.43125 0.290625 0.4296875 0.290625 0.4234375 0.29375 0.421875 0.2953125 0.3578125 0.2984375 0.35625 0.3 0.33125 0.303125 0.3296875 0.3 0.3234375 0.303125 0.321875 0.303125 0.2859375 0.30625 0.284375 0.3078125 0.24375 0.3109375 0.2421875 0.3125 0.1828125 0.315625 0.18125 0.315625 0.16875 0.31875 0.1671875 0.3203125 0.1328125 0.3234375 0.13125 0.325 0.1109375 0.328125 0.109375 0.328125 0.0984375 0.33125 0.096875 0.3328125 0.06875 0.3359375 0.0671875 0.3375 0.0484375 0.340625 0.046875 0.340625 0.040625 0.34375 0.0390625 0.3453125 0.0234375 0.3484375 0.021875 0.35 0.0109375 0.35625 0.0046875 0.35625 0.0015625
Leaf_Phomopsis_Leaf_Phomopsis_218_jpg.rf.b0a13b43a978c56df12ee54c40bcd3c3,MALFORMED,Invalid part count,3 0.35625 0 0.5109375 0 0.5125 0.003125 0.5296875 0.003125 0.53125 0.00625 0.546875 0.00625 0.5484375 0.003125 0.5546875 0.003125 0.55625 0 0.6859375 0 0.6875 0.003125 0.6921875 0.003125 0.69375 0.00625 0.6984375 0.00625 0.7 0.003125 0.7109375 0.003125 0.7125 0 0.7984375 0 0.8 0.003125 0.80625 0.003125 0.8078125 0 0.8171875 0 0.81875 0.003125 0.8296875 0.003125 0.83125 0.00625 0.8359375 0.00625 0.8375 0.003125 0.84375 0.003125 0.8453125 0 0.859375 0 0.8609375 0.003125 0.8921875 0.003125 0.89375 0 0.9921875 0 0.99375 0.0046875 0.9984375 0.0078125 0.9984375 0.0390625 0.996875 0.0515625 0.99375 0.053125 0.99375 0.05625 0.9984375 0.0609375 0.9984375 0.1984375 0.996875 0.2046875 0.99375 0.20625 0.996875 0.2078125 0.996875 0.2296875 0.99375 0.23125 0.9984375 0.2328125 0.9984375 0.2734375 0.996875 0.2859375 0.99375 0.2875 0.99375 0.29375 0.996875 0.2953125 0.9984375 0.3 0.9984375 0.4734375 0.996875 0.4890625 0.99375 0.490625 0.9890625 0.5015625 0.9734375 0.5171875 0.95625 0.5171875 0.9546875 0.5140625 0.90625 0.5140625 0.9046875 0.5171875 0.9 0.5171875 0.8921875 0.5265625 0.8875 0.5265625 0.884375 0.53125 0.878125 0.53125 0.8765625 0.534375 0.8703125 0.5359375 0.8671875 0.5421875 0.8609375 0.54375 0.8484375 0.5421875 0.84375 0.5359375 0.8375 0.534375 0.83125 0.525 0.825 0.521875 0.8234375 0.515625 0.803125 0.496875 0.803125 0.49375 0.79375 0.484375 0.79375 0.48125 0.7875 0.4765625 0.7859375 0.4703125 0.775 0.4609375 0.775 0.4578125 0.7703125 0.4546875 0.76875 0.45 0.7625 0.446875 0.75625 0.4328125 0.75 0.4296875 0.75 0.425 0.7453125 0.421875 0.74375 0.415625 0.7375 0.409375 0.7359375 0.403125 0.7328125 0.4015625 0.73125 0.39375 0.728125 0.3921875 0.728125 0.3875 0.7203125 0.3796875 0.71875 0.3703125 0.715625 0.36875 0.715625 0.3625 0.7125 0.3609375 0.7109375 0.353125 0.7078125 0.3515625 0.70625 0.34375 0.703125 0.3421875 0.703125 0.3375 0.7 0.3359375 0.6984375 0.325 0.6953125 0.3234375 0.69375 0.3109375 0.6875 0.3046875 0.6875 0.2984375 0.6859375 0.29375 0.6828125 0.2921875 0.68125 0.28125 0.678125 0.2796875 0.678125 0.2734375 0.675 0.271875 0.675 0.2625 0.6734375 0.25625 0.6703125 0.2546875 0.6703125 0.2453125 0.6625 0.24375 0.6609375 0.2453125 0.6609375 0.3359375 0.659375 0.3375 0.6609375 0.3453125 0.6609375 0.371875 0.659375 0.3734375 0.6609375 0.421875 0.659375 0.4234375 0.659375 0.4546875 0.65625 0.45625 0.65625 0.471875 0.659375 0.4734375 0.659375 0.49375 0.65625 0.4953125 0.6546875 0.596875 0.6515625 0.5984375 0.6515625 0.61875 0.6484375 0.6203125 0.646875 0.6421875 0.64375 0.64375 0.6421875 0.6765625 0.6390625 0.678125 0.6390625 0.6890625 0.6359375 0.690625 0.634375 0.6984375 0.634375 0.7171875 0.63125 0.71875 0.6296875 0.734375 0.6265625 0.7359375 0.6265625 0.74375 0.6234375 0.7453125 0.621875 0.7640625 0.61875 0.765625 0.6171875 0.7796875 0.6140625 0.78125 0.6140625 0.7859375 0.6109375 0.7875 0.609375 0.8015625 0.60625 0.803125 0.6046875 0.821875 0.5984375 0.828125 0.5984375 0.834375 0.596875 0.8390625 0.59375 0.840625 0.5921875 0.8515625 0.5859375 0.8578125 0.5859375 0.8640625 0.584375 0.86875 0.58125 0.8703125 0.5796875 0.88125 0.5734375 0.8859375 0.571875 0.8921875 0.5640625 0.9 0.5640625 0.9046875 0.55625 0.9109375 0.5546875 0.9171875 0.5484375 0.9203125 0.5421875 0.934375 0.5375 0.9359375 0.534375 0.9421875 0.5265625 0.9484375 0.5265625 0.9515625 0.5015625 0.975 0.5015625 0.9796875 0.4890625 0.990625 0.4890625 0.99375 0.4859375 0.99375 0.484375 0.996875 0.453125 0.996875 0.45 0.99375 0.4484375 0.9859375 0.4453125 0.984375 0.44375 0.9734375 0.4375 0.96875 0.4359375 0.9609375 0.428125 0.9546875 0.428125 0.95 0.41875 0.9421875 0.41875 0.9375 0.4125 0.934375 0.40625 0.9203125 0.4 0.9171875 0.4 0.9125 0.390625 0.9046875 0.390625 0.9 0.3828125 0.89375 0.38125 0.8859375 0.3734375 0.8796875 0.3734375 0.875 0.365625 0.8671875 0.365625 0.8625 0.3625 0.8609375 0.3625 0.8578125 0.3578125 0.8546875 0.3578125 0.8484375 0.35625 0.84375 0.353125 0.8421875 0.353125 0.8359375 0.3453125 0.8265625 0.34375 0.815625 0.340625 0.8140625 0.340625 0.8078125 0.3375 0.80625 0.3359375 0.790625 0.3328125 0.7890625 0.33125 0.7734375 0.328125 0.771875 0.328125 0.7625 0.325 0.7609375 0.3234375 0.7484375 0.3203125 0.746875 0.31875 0.73125 0.315625 0.7296875 0.315625 0.7203125 0.3125 0.71875 0.3109375 0.7 0.3078125 0.6984375 0.30625 0.6609375 0.303125 0.659375 0.303125 0.65 0.3 0.6484375 0.2984375 0.603125 0.2953125 0.6015625 0.29375 0.5921875 0.29375 0.55625 0.290625 0.5546875 0.290625 0.5109375 0.2875 0.509375 0.2875 0.503125 0.290625 0.5015625 0.290625 0.4578125 0.29375 0.45625 0.29375 0.43125 0.290625 0.4296875 0.290625 0.4234375 0.29375 0.421875 0.2953125 0.3578125 0.2984375 0.35625 0.3 0.33125 0.303125 0.3296875 0.3 0.3234375 0.303125 0.321875 0.303125 0.2859375 0.30625 0.284375 0.3078125 0.24375 0.3109375 0.2421875 0.3125 0.1828125 0.315625 0.18125 0.315625 0.16875 0.31875 0.1671875 0.3203125 0.1328125 0.3234375 0.13125 0.325 0.1109375 0.328125 0.109375 0.328125 0.0984375 0.33125 0.096875 0.3328125 0.06875 0.3359375 0.0671875 0.3375 0.0484375 0.340625 0.046875 0.340625 0.040625 0.34375 0.0390625 0.3453125 0.0234375 0.3484375 0.021875 0.35 0.0109375 0.35625 0.0046875 0.35625 0.0015625
Leaf_Phomopsis_Leaf_Phomopsis_219,MISSING_LABEL,,No label file
Leaf_Phomopsis_Leaf_Phomopsis_22,MISSING_LABEL,,No label file
Leaf_Phomopsis_Leaf_Phomopsis_220,MISSING_LABEL,,No label file
Leaf_Phomopsis_Leaf_Phomopsis_221,MISSING_LABEL,,No label file
Leaf_Phomopsis_Leaf_Phomopsis_222,MISSING_LABEL,,No label file
Leaf_Phomopsis_Leaf_Phomopsis_223,VALID,,
Leaf_Phomopsis_Leaf_Phomopsis_224,MISSING_LABEL,,No label file
Leaf_Phomopsis_Leaf_Phomopsis_225,VALID,,
Leaf_Phomopsis_Leaf_Phomopsis_226,VALID,,
Leaf_Phomopsis_Leaf_Phomopsis_227,VALID,,
Leaf_Phomopsis_Leaf_Phomopsis_228,MISSING_LABEL,,No label file
Leaf_Phomopsis_Leaf_Phomopsis_229,MISSING_LABEL,,No label file
Leaf_Phomopsis_Leaf_Phomopsis_23,VALID,,
Leaf_Phomopsis_Leaf_Phomopsis_230,MISSING_LABEL,,No label file
Leaf_Phomopsis_Leaf_Phomopsis_231,VALID,,
Leaf_Phomopsis_Leaf_Phomopsis_232,MISSING_LABEL,,No label file
Leaf_Phomopsis_Leaf_Phomopsis_233,VALID,,
Leaf_Phomopsis_Leaf_Phomopsis_234,MISSING_LABEL,,No label file
Leaf_Phomopsis_Leaf_Phomopsis_235,MISSING_LABEL,,No label file
Leaf_Phomopsis_Leaf_Phomopsis_236,MISSING_LABEL,,No label file
Leaf_Phomopsis_Leaf_Phomopsis_237,MISSING_LABEL,,No label file
Leaf_Phomopsis_Leaf_Phomopsis_238,MISSING_LABEL,,No label file
Leaf_Phomopsis_Leaf_Phomopsis_239,MISSING_LABEL,,No label file
Leaf_Phomopsis_Leaf_Phomopsis_24,MISSING_LABEL,,No label file
Leaf_Phomopsis_Leaf_Phomopsis_240,MISSING_LABEL,,No label file
Leaf_Phomopsis_Leaf_Phomopsis_241,VALID,,
Leaf_Phomopsis_Leaf_Phomopsis_242,MISSING_LABEL,,No label file
Leaf_Phomopsis_Leaf_Phomopsis_243,MISSING_LABEL,,No label file
Leaf_Phomopsis_Leaf_Phomopsis_244,MISSING_LABEL,,No label file
Leaf_Phomopsis_Leaf_Phomopsis_245,VALID,,
Leaf_Phomopsis_Leaf_Phomopsis_246,MISSING_LABEL,,No label file
Leaf_Phomopsis_Leaf_Phomopsis_247,MISSING_LABEL,,No label file
Leaf_Phomopsis_Leaf_Phomopsis_248,MISSING_LABEL,,No label file
Leaf_Phomopsis_Leaf_Phomopsis_249,MISSING_LABEL,,No label file
Leaf_Phomopsis_Leaf_Phomopsis_25,MISSING_LABEL,,No label file
Leaf_Phomopsis_Leaf_Phomopsis_250,VALID,,
Leaf_Phomopsis_Leaf_Phomopsis_251,MISSING_LABEL,,No label file
Leaf_Phomopsis_Leaf_Phomopsis_252,MISSING_LABEL,,No label file
Leaf_Phomopsis_Leaf_Phomopsis_253,MISSING_LABEL,,No label file
Leaf_Phomopsis_Leaf_Phomopsis_254,MISSING_LABEL,,No label file
Leaf_Phomopsis_Leaf_Phomopsis_255,VALID,,
Leaf_Phomopsis_Leaf_Phomopsis_256,MISSING_LABEL,,No label file
Leaf_Phomopsis_Leaf_Phomopsis_257,MISSING_LABEL,,No label file
Leaf_Phomopsis_Leaf_Phomopsis_258,MISSING_LABEL,,No label file
Leaf_Phomopsis_Leaf_Phomopsis_259,MISSING_LABEL,,No label file
Leaf_Phomopsis_Leaf_Phomopsis_26,VALID,,
Leaf_Phomopsis_Leaf_Phomopsis_260,VALID,,
Leaf_Phomopsis_Leaf_Phomopsis_261,MISSING_LABEL,,No label file
Leaf_Phomopsis_Leaf_Phomopsis_262,MISSING_LABEL,,No label file
Leaf_Phomopsis_Leaf_Phomopsis_263,MISSING_LABEL,,No label file
Leaf_Phomopsis_Leaf_Phomopsis_264,MISSING_LABEL,,No label file
Leaf_Phomopsis_Leaf_Phomopsis_265,MISSING_LABEL,,No label file
Leaf_Phomopsis_Leaf_Phomopsis_266,MISSING_LABEL,,No label file
Leaf_Phomopsis_Leaf_Phomopsis_267,MISSING_LABEL,,No label file
Leaf_Phomopsis_Leaf_Phomopsis_268,MISSING_LABEL,,No label file
Leaf_Phomopsis_Leaf_Phomopsis_269,VALID,,
Leaf_Phomopsis_Leaf_Phomopsis_27,MISSING_LABEL,,No label file
Leaf_Phomopsis_Leaf_Phomopsis_270,MISSING_LABEL,,No label file
Leaf_Phomopsis_Leaf_Phomopsis_271,VALID,,
Leaf_Phomopsis_Leaf_Phomopsis_272,MISSING_LABEL,,No label file
Leaf_Phomopsis_Leaf_Phomopsis_273,MISSING_LABEL,,No label file
Leaf_Phomopsis_Leaf_Phomopsis_274,MISSING_LABEL,,No label file
Leaf_Phomopsis_Leaf_Phomopsis_275,VALID,,
Leaf_Phomopsis_Leaf_Phomopsis_276,VALID,,
Leaf_Phomopsis_Leaf_Phomopsis_277,VALID,,
Leaf_Phomopsis_Leaf_Phomopsis_278,MISSING_LABEL,,No label file
Leaf_Phomopsis_Leaf_Phomopsis_279,MISSING_LABEL,,No label file
Leaf_Phomopsis_Leaf_Phomopsis_28,MISSING_LABEL,,No label file
Leaf_Phomopsis_Leaf_Phomopsis_280,MISSING_LABEL,,No label file
Leaf_Phomopsis_Leaf_Phomopsis_281,VALID,,
Leaf_Phomopsis_Leaf_Phomopsis_282,VALID,,
Leaf_Phomopsis_Leaf_Phomopsis_283,VALID,,
Leaf_Phomopsis_Leaf_Phomopsis_284,MISSING_LABEL,,No label file
Leaf_Phomopsis_Leaf_Phomopsis_285,MISSING_LABEL,,No label file
Leaf_Phomopsis_Leaf_Phomopsis_286,MISSING_LABEL,,No label file
Leaf_Phomopsis_Leaf_Phomopsis_287,MISSING_LABEL,,No label file
Leaf_Phomopsis_Leaf_Phomopsis_288,MISSING_LABEL,,No label file
Leaf_Phomopsis_Leaf_Phomopsis_289,MISSING_LABEL,,No label file
Leaf_Phomopsis_Leaf_Phomopsis_29,MISSING_LABEL,,No label file
Leaf_Phomopsis_Leaf_Phomopsis_290,VALID,,
Leaf_Phomopsis_Leaf_Phomopsis_291,MISSING_LABEL,,No label file
Leaf_Phomopsis_Leaf_Phomopsis_292,MISSING_LABEL,,No label file
Leaf_Phomopsis_Leaf_Phomopsis_293,MISSING_LABEL,,No label file
Leaf_Phomopsis_Leaf_Phomopsis_294,MISSING_LABEL,,No label file
Leaf_Phomopsis_Leaf_Phomopsis_295,MISSING_LABEL,,No label file
Leaf_Phomopsis_Leaf_Phomopsis_296,MISSING_LABEL,,No label file
Leaf_Phomopsis_Leaf_Phomopsis_297,MISSING_LABEL,,No label file
Leaf_Phomopsis_Leaf_Phomopsis_298,MISSING_LABEL,,No label file
Leaf_Phomopsis_Leaf_Phomopsis_299,MISSING_LABEL,,No label file
Leaf_Phomopsis_Leaf_Phomopsis_3,MISSING_LABEL,,No label file
Leaf_Phomopsis_Leaf_Phomopsis_30,MISSING_LABEL,,No label file
Leaf_Phomopsis_Leaf_Phomopsis_300,MISSING_LABEL,,No label file
Leaf_Phomopsis_Leaf_Phomopsis_301,MISSING_LABEL,,No label file
Leaf_Phomopsis_Leaf_Phomopsis_302,VALID,,
Leaf_Phomopsis_Leaf_Phomopsis_303,MISSING_LABEL,,No label file
Leaf_Phomopsis_Leaf_Phomopsis_304,MISSING_LABEL,,No label file
Leaf_Phomopsis_Leaf_Phomopsis_305,MISSING_LABEL,,No label file
Leaf_Phomopsis_Leaf_Phomopsis_305_jpg.rf.01bc5286c3d40b0450bb8b4b3a47f5fe,MALFORMED,Invalid part count,3 0.00625 0 0.0984375 0 0.1 0.003125 0.1328125 0.003125 0.134375 0 0.1453125 0 0.146875 0.003125 0.175 0.003125 0.1765625 0 0.2421875 0 0.2453125 0.003125 0.2453125 0.009375 0.2421875 0.0109375 0.240625 0.034375 0.2375 0.0359375 0.2359375 0.05625 0.2328125 0.0578125 0.2328125 0.06875 0.2296875 0.0703125 0.228125 0.084375 0.225 0.0859375 0.2234375 0.10625 0.2171875 0.1125 0.215625 0.1296875 0.2125 0.13125 0.2109375 0.14375 0.2078125 0.1453125 0.2078125 0.1546875 0.2046875 0.15625 0.203125 0.1640625 0.2 0.165625 0.1984375 0.1765625 0.1953125 0.178125 0.1953125 0.1921875 0.1921875 0.19375 0.190625 0.20625 0.1875 0.2078125 0.1859375 0.2234375 0.1828125 0.225 0.1828125 0.234375 0.1796875 0.2359375 0.178125 0.2484375 0.175 0.25 0.1734375 0.2609375 0.1703125 0.2625 0.1703125 0.26875 0.1671875 0.2703125 0.165625 0.28125 0.1625 0.2828125 0.1609375 0.2875 0.1609375 0.29375 0.1578125 0.2953125 0.1578125 0.3015625 0.1546875 0.303125 0.153125 0.31875 0.15 0.3203125 0.1484375 0.33125 0.1453125 0.3328125 0.1453125 0.3390625 0.1421875 0.340625 0.140625 0.35625 0.1375 0.3578125 0.1359375 0.371875 0.1328125 0.3734375 0.128125 0.39375 0.125 0.3953125 0.1234375 0.409375 0.1203125 0.4109375 0.1203125 0.4171875 0.1171875 0.41875 0.115625 0.4265625 0.1125 0.428125 0.1109375 0.4359375 0.1078125 0.4375 0.1078125 0.4421875 0.1046875 0.44375 0.103125 0.4515625 0.1 0.453125 0.0984375 0.4640625 0.0921875 0.4703125 0.090625 0.48125 0.0875 0.4828125 0.0859375 0.496875 0.0828125 0.4984375 0.0828125 0.5046875 0.0796875 0.50625 0.078125 0.5109375 0.078125 0.5171875 0.0703125 0.525 0.0703125 0.5296875 0.0671875 0.53125 0.065625 0.5390625 0.0625 0.540625 0.0609375 0.5484375 0.0578125 0.55 0.0578125 0.5546875 0.0546875 0.55625 0.0484375 0.5734375 0.0421875 0.578125 0.040625 0.5859375 0.0375 0.5875 0.0359375 0.59375 0.0296875 0.6 0.0234375 0.6140625 0.0171875 0.6203125 0.0109375 0.634375 0.0015625 0.64375 0 0.6421875 0 0.5453125 0.0015625 0.54375 0.0015625 0.525 0 0.5234375 0 0.478125 0.0015625 0.4765625 0 0.46875 0 0.1125 0.0015625 0.1109375 0 0.10625 0 0.0703125 0.0015625 0.06875 0 0.0671875 0 0.00625 0.0015625 0.003125 0.00625 0.0015625
Leaf_Phomopsis_Leaf_Phomopsis_305_jpg.rf.464ebcdf75657cff1f26002af3bee8c7,MALFORMED,Invalid part count,3 0.00625 0 0.0984375 0 0.1 0.003125 0.1328125 0.003125 0.134375 0 0.1453125 0 0.146875 0.003125 0.175 0.003125 0.1765625 0 0.2421875 0 0.2453125 0.003125 0.2453125 0.009375 0.2421875 0.0109375 0.240625 0.034375 0.2375 0.0359375 0.2359375 0.05625 0.2328125 0.0578125 0.2328125 0.06875 0.2296875 0.0703125 0.228125 0.084375 0.225 0.0859375 0.2234375 0.10625 0.2171875 0.1125 0.215625 0.1296875 0.2125 0.13125 0.2109375 0.14375 0.2078125 0.1453125 0.2078125 0.1546875 0.2046875 0.15625 0.203125 0.1640625 0.2 0.165625 0.1984375 0.1765625 0.1953125 0.178125 0.1953125 0.1921875 0.1921875 0.19375 0.190625 0.20625 0.1875 0.2078125 0.1859375 0.2234375 0.1828125 0.225 0.1828125 0.234375 0.1796875 0.2359375 0.178125 0.2484375 0.175 0.25 0.1734375 0.2609375 0.1703125 0.2625 0.1703125 0.26875 0.1671875 0.2703125 0.165625 0.28125 0.1625 0.2828125 0.1609375 0.2875 0.1609375 0.29375 0.1578125 0.2953125 0.1578125 0.3015625 0.1546875 0.303125 0.153125 0.31875 0.15 0.3203125 0.1484375 0.33125 0.1453125 0.3328125 0.1453125 0.3390625 0.1421875 0.340625 0.140625 0.35625 0.1375 0.3578125 0.1359375 0.371875 0.1328125 0.3734375 0.128125 0.39375 0.125 0.3953125 0.1234375 0.409375 0.1203125 0.4109375 0.1203125 0.4171875 0.1171875 0.41875 0.115625 0.4265625 0.1125 0.428125 0.1109375 0.4359375 0.1078125 0.4375 0.1078125 0.4421875 0.1046875 0.44375 0.103125 0.4515625 0.1 0.453125 0.0984375 0.4640625 0.0921875 0.4703125 0.090625 0.48125 0.0875 0.4828125 0.0859375 0.496875 0.0828125 0.4984375 0.0828125 0.5046875 0.0796875 0.50625 0.078125 0.5109375 0.078125 0.5171875 0.0703125 0.525 0.0703125 0.5296875 0.0671875 0.53125 0.065625 0.5390625 0.0625 0.540625 0.0609375 0.5484375 0.0578125 0.55 0.0578125 0.5546875 0.0546875 0.55625 0.0484375 0.5734375 0.0421875 0.578125 0.040625 0.5859375 0.0375 0.5875 0.0359375 0.59375 0.0296875 0.6 0.0234375 0.6140625 0.0171875 0.6203125 0.0109375 0.634375 0.0015625 0.64375 0 0.6421875 0 0.5453125 0.0015625 0.54375 0.0015625 0.525 0 0.5234375 0 0.478125 0.0015625 0.4765625 0 0.46875 0 0.1125 0.0015625 0.1109375 0 0.10625 0 0.0703125 0.0015625 0.06875 0 0.0671875 0 0.00625 0.0015625 0.003125 0.00625 0.0015625
Leaf_Phomopsis_Leaf_Phomopsis_305_jpg.rf.716b2017b398dc657976459bf47ecc88,MALFORMED,Invalid part count,3 0.75625 0 0.821875 0 0.8234375 0.003125 0.8515625 0.003125 0.853125 0 0.8640625 0 0.865625 0.003125 0.8984375 0.003125 0.9 0 0.9921875 0 0.9984375 0.00625 0.9984375 0.0671875 0.996875 0.06875 0.9984375 0.0703125 0.9984375 0.10625 0.996875 0.1078125 0.9984375 0.1125 0.9984375 0.46875 0.996875 0.4703125 0.9984375 0.478125 0.9984375 0.5234375 0.996875 0.525 0.9984375 0.6421875 0.9953125 0.64375 0.9875 0.634375 0.978125 0.615625 0.975 0.6140625 0.96875 0.6 0.9625 0.59375 0.9609375 0.5875 0.9578125 0.5859375 0.95625 0.578125 0.95 0.5734375 0.9484375 0.565625 0.9453125 0.5640625 0.94375 0.55625 0.940625 0.5546875 0.940625 0.55 0.9375 0.5484375 0.9359375 0.540625 0.9328125 0.5390625 0.93125 0.53125 0.928125 0.5296875 0.928125 0.525 0.9203125 0.5171875 0.9203125 0.5109375 0.91875 0.50625 0.915625 0.5046875 0.915625 0.4984375 0.9125 0.496875 0.9109375 0.4828125 0.9078125 0.48125 0.90625 0.4703125 0.9 0.4640625 0.8984375 0.453125 0.8953125 0.4515625 0.89375 0.44375 0.890625 0.4421875 0.890625 0.4375 0.8875 0.4359375 0.8859375 0.428125 0.8828125 0.4265625 0.88125 0.41875 0.878125 0.4171875 0.878125 0.4109375 0.875 0.409375 0.8734375 0.3953125 0.8703125 0.39375 0.86875 0.38125 0.865625 0.3796875 0.865625 0.3734375 0.8625 0.371875 0.8609375 0.3578125 0.8578125 0.35625 0.85625 0.340625 0.853125 0.3390625 0.853125 0.3328125 0.85 0.33125 0.8484375 0.3203125 0.8453125 0.31875 0.84375 0.303125 0.840625 0.3015625 0.840625 0.2953125 0.8375 0.29375 0.8375 0.2875 0.8359375 0.2828125 0.8328125 0.28125 0.83125 0.2703125 0.828125 0.26875 0.828125 0.2625 0.825 0.2609375 0.8234375 0.25 0.8203125 0.2484375 0.81875 0.2359375 0.815625 0.234375 0.815625 0.225 0.8125 0.2234375 0.8109375 0.2078125 0.8078125 0.20625 0.80625 0.19375 0.803125 0.1921875 0.803125 0.178125 0.8 0.1765625 0.7984375 0.165625 0.7953125 0.1640625 0.79375 0.15625 0.790625 0.1546875 0.790625 0.1453125 0.7875 0.14375 0.7875 0.1359375 0.7859375 0.13125 0.7828125 0.1296875 0.78125 0.1125 0.775 0.10625 0.7734375 0.0859375 0.7703125 0.084375 0.76875 0.0703125 0.765625 0.06875 0.765625 0.0578125 0.7625 0.05625 0.7609375 0.0359375 0.7578125 0.034375 0.75625 0.0109375 0.753125 0.009375 0.753125 0.003125 0.75625 0.0015625
Leaf_Phomopsis_Leaf_Phomopsis_306,MISSING_LABEL,,No label file
Leaf_Phomopsis_Leaf_Phomopsis_307,MISSING_LABEL,,No label file
Leaf_Phomopsis_Leaf_Phomopsis_308,MISSING_LABEL,,No label file
Leaf_Phomopsis_Leaf_Phomopsis_309,VALID,,
Leaf_Phomopsis_Leaf_Phomopsis_31,MISSING_LABEL,,No label file
Leaf_Phomopsis_Leaf_Phomopsis_310,VALID,,
Leaf_Phomopsis_Leaf_Phomopsis_311,MISSING_LABEL,,No label file
Leaf_Phomopsis_Leaf_Phomopsis_312,MISSING_LABEL,,No label file
Leaf_Phomopsis_Leaf_Phomopsis_313,MISSING_LABEL,,No label file
Leaf_Phomopsis_Leaf_Phomopsis_314,MISSING_LABEL,,No label file
Leaf_Phomopsis_Leaf_Phomopsis_315,MISSING_LABEL,,No label file
Leaf_Phomopsis_Leaf_Phomopsis_316,MISSING_LABEL,,No label file
Leaf_Phomopsis_Leaf_Phomopsis_317,VALID,,
Leaf_Phomopsis_Leaf_Phomopsis_318,MISSING_LABEL,,No label file
Leaf_Phomopsis_Leaf_Phomopsis_319,MISSING_LABEL,,No label file
Leaf_Phomopsis_Leaf_Phomopsis_32,VALID,,
Leaf_Phomopsis_Leaf_Phomopsis_320,MISSING_LABEL,,No label file
Leaf_Phomopsis_Leaf_Phomopsis_321,MISSING_LABEL,,No label file
Leaf_Phomopsis_Leaf_Phomopsis_322,MISSING_LABEL,,No label file
Leaf_Phomopsis_Leaf_Phomopsis_323,VALID,,
Leaf_Phomopsis_Leaf_Phomopsis_324,MISSING_LABEL,,No label file
Leaf_Phomopsis_Leaf_Phomopsis_325,MISSING_LABEL,,No label file
Leaf_Phomopsis_Leaf_Phomopsis_326,MISSING_LABEL,,No label file
Leaf_Phomopsis_Leaf_Phomopsis_327,MISSING_LABEL,,No label file
Leaf_Phomopsis_Leaf_Phomopsis_328,VALID,,
Leaf_Phomopsis_Leaf_Phomopsis_329,MISSING_LABEL,,No label file
Leaf_Phomopsis_Leaf_Phomopsis_33,MISSING_LABEL,,No label file
Leaf_Phomopsis_Leaf_Phomopsis_330,MISSING_LABEL,,No label file
Leaf_Phomopsis_Leaf_Phomopsis_331,MISSING_LABEL,,No label file
Leaf_Phomopsis_Leaf_Phomopsis_332,MISSING_LABEL,,No label file
Leaf_Phomopsis_Leaf_Phomopsis_333,MISSING_LABEL,,No label file
Leaf_Phomopsis_Leaf_Phomopsis_334,MISSING_LABEL,,No label file
Leaf_Phomopsis_Leaf_Phomopsis_335,VALID,,
Leaf_Phomopsis_Leaf_Phomopsis_336,MISSING_LABEL,,No label file
Leaf_Phomopsis_Leaf_Phomopsis_337,MISSING_LABEL,,No label file
Leaf_Phomopsis_Leaf_Phomopsis_338,MISSING_LABEL,,No label file
Leaf_Phomopsis_Leaf_Phomopsis_339,MISSING_LABEL,,No label file
Leaf_Phomopsis_Leaf_Phomopsis_34,MISSING_LABEL,,No label file
Leaf_Phomopsis_Leaf_Phomopsis_340,MISSING_LABEL,,No label file
Leaf_Phomopsis_Leaf_Phomopsis_341,MISSING_LABEL,,No label file
Leaf_Phomopsis_Leaf_Phomopsis_342,MISSING_LABEL,,No label file
Leaf_Phomopsis_Leaf_Phomopsis_343,MISSING_LABEL,,No label file
Leaf_Phomopsis_Leaf_Phomopsis_344,MISSING_LABEL,,No label file
Leaf_Phomopsis_Leaf_Phomopsis_345,MISSING_LABEL,,No label file
Leaf_Phomopsis_Leaf_Phomopsis_346,MISSING_LABEL,,No label file
Leaf_Phomopsis_Leaf_Phomopsis_347,MISSING_LABEL,,No label file
Leaf_Phomopsis_Leaf_Phomopsis_348,MISSING_LABEL,,No label file
Leaf_Phomopsis_Leaf_Phomopsis_349,MISSING_LABEL,,No label file
Leaf_Phomopsis_Leaf_Phomopsis_35,MISSING_LABEL,,No label file
Leaf_Phomopsis_Leaf_Phomopsis_350,MISSING_LABEL,,No label file
Leaf_Phomopsis_Leaf_Phomopsis_351,MISSING_LABEL,,No label file
Leaf_Phomopsis_Leaf_Phomopsis_352,MISSING_LABEL,,No label file
Leaf_Phomopsis_Leaf_Phomopsis_353,VALID,,
Leaf_Phomopsis_Leaf_Phomopsis_354,MISSING_LABEL,,No label file
Leaf_Phomopsis_Leaf_Phomopsis_355,MISSING_LABEL,,No label file
Leaf_Phomopsis_Leaf_Phomopsis_356,MISSING_LABEL,,No label file
Leaf_Phomopsis_Leaf_Phomopsis_357,MISSING_LABEL,,No label file
Leaf_Phomopsis_Leaf_Phomopsis_358,MISSING_LABEL,,No label file
Leaf_Phomopsis_Leaf_Phomopsis_359,MISSING_LABEL,,No label file
Leaf_Phomopsis_Leaf_Phomopsis_36,MISSING_LABEL,,No label file
Leaf_Phomopsis_Leaf_Phomopsis_360,MISSING_LABEL,,No label file
Leaf_Phomopsis_Leaf_Phomopsis_361,MISSING_LABEL,,No label file
Leaf_Phomopsis_Leaf_Phomopsis_362,MISSING_LABEL,,No label file
Leaf_Phomopsis_Leaf_Phomopsis_363,MISSING_LABEL,,No label file
Leaf_Phomopsis_Leaf_Phomopsis_364,MISSING_LABEL,,No label file
Leaf_Phomopsis_Leaf_Phomopsis_365,MISSING_LABEL,,No label file
Leaf_Phomopsis_Leaf_Phomopsis_366,MISSING_LABEL,,No label file
Leaf_Phomopsis_Leaf_Phomopsis_367,MISSING_LABEL,,No label file
Leaf_Phomopsis_Leaf_Phomopsis_368,MISSING_LABEL,,No label file
Leaf_Phomopsis_Leaf_Phomopsis_369,MISSING_LABEL,,No label file
Leaf_Phomopsis_Leaf_Phomopsis_37,VALID,,
Leaf_Phomopsis_Leaf_Phomopsis_370,MISSING_LABEL,,No label file
Leaf_Phomopsis_Leaf_Phomopsis_371,MISSING_LABEL,,No label file
Leaf_Phomopsis_Leaf_Phomopsis_372,VALID,,
Leaf_Phomopsis_Leaf_Phomopsis_373,MISSING_LABEL,,No label file
Leaf_Phomopsis_Leaf_Phomopsis_374,MISSING_LABEL,,No label file
Leaf_Phomopsis_Leaf_Phomopsis_375,MISSING_LABEL,,No label file
Leaf_Phomopsis_Leaf_Phomopsis_376,MISSING_LABEL,,No label file
Leaf_Phomopsis_Leaf_Phomopsis_377,MISSING_LABEL,,No label file
Leaf_Phomopsis_Leaf_Phomopsis_378,VALID,,
Leaf_Phomopsis_Leaf_Phomopsis_379,MISSING_LABEL,,No label file
Leaf_Phomopsis_Leaf_Phomopsis_38,MISSING_LABEL,,No label file
Leaf_Phomopsis_Leaf_Phomopsis_380,MISSING_LABEL,,No label file
Leaf_Phomopsis_Leaf_Phomopsis_381,MISSING_LABEL,,No label file
Leaf_Phomopsis_Leaf_Phomopsis_382,MISSING_LABEL,,No label file
Leaf_Phomopsis_Leaf_Phomopsis_383,MISSING_LABEL,,No label file
Leaf_Phomopsis_Leaf_Phomopsis_384,MISSING_LABEL,,No label file
Leaf_Phomopsis_Leaf_Phomopsis_385,MISSING_LABEL,,No label file
Leaf_Phomopsis_Leaf_Phomopsis_386,MISSING_LABEL,,No label file
Leaf_Phomopsis_Leaf_Phomopsis_387,MISSING_LABEL,,No label file
Leaf_Phomopsis_Leaf_Phomopsis_388,MISSING_LABEL,,No label file
Leaf_Phomopsis_Leaf_Phomopsis_389,MISSING_LABEL,,No label file
Leaf_Phomopsis_Leaf_Phomopsis_39,MISSING_LABEL,,No label file
Leaf_Phomopsis_Leaf_Phomopsis_390,MISSING_LABEL,,No label file
Leaf_Phomopsis_Leaf_Phomopsis_391,VALID,,
Leaf_Phomopsis_Leaf_Phomopsis_392,MISSING_LABEL,,No label file
Leaf_Phomopsis_Leaf_Phomopsis_393,MISSING_LABEL,,No label file
Leaf_Phomopsis_Leaf_Phomopsis_394,MISSING_LABEL,,No label file
Leaf_Phomopsis_Leaf_Phomopsis_395,MISSING_LABEL,,No label file
Leaf_Phomopsis_Leaf_Phomopsis_396,VALID,,
Leaf_Phomopsis_Leaf_Phomopsis_397,MISSING_LABEL,,No label file
Leaf_Phomopsis_Leaf_Phomopsis_398,MISSING_LABEL,,No label file
Leaf_Phomopsis_Leaf_Phomopsis_399,MISSING_LABEL,,No label file
Leaf_Phomopsis_Leaf_Phomopsis_4,MISSING_LABEL,,No label file
Leaf_Phomopsis_Leaf_Phomopsis_40,MISSING_LABEL,,No label file
Leaf_Phomopsis_Leaf_Phomopsis_400,MISSING_LABEL,,No label file
Leaf_Phomopsis_Leaf_Phomopsis_401,MISSING_LABEL,,No label file
Leaf_Phomopsis_Leaf_Phomopsis_402,MISSING_LABEL,,No label file
Leaf_Phomopsis_Leaf_Phomopsis_403,MISSING_LABEL,,No label file
Leaf_Phomopsis_Leaf_Phomopsis_404,MISSING_LABEL,,No label file
Leaf_Phomopsis_Leaf_Phomopsis_405,MISSING_LABEL,,No label file
Leaf_Phomopsis_Leaf_Phomopsis_406,MISSING_LABEL,,No label file
Leaf_Phomopsis_Leaf_Phomopsis_407,MISSING_LABEL,,No label file
Leaf_Phomopsis_Leaf_Phomopsis_408,MISSING_LABEL,,No label file
Leaf_Phomopsis_Leaf_Phomopsis_409,MISSING_LABEL,,No label file
Leaf_Phomopsis_Leaf_Phomopsis_41,VALID,,
Leaf_Phomopsis_Leaf_Phomopsis_410,MISSING_LABEL,,No label file
Leaf_Phomopsis_Leaf_Phomopsis_411,MISSING_LABEL,,No label file
Leaf_Phomopsis_Leaf_Phomopsis_42,MISSING_LABEL,,No label file
Leaf_Phomopsis_Leaf_Phomopsis_43,MISSING_LABEL,,No label file
Leaf_Phomopsis_Leaf_Phomopsis_44,MISSING_LABEL,,No label file
Leaf_Phomopsis_Leaf_Phomopsis_45,MISSING_LABEL,,No label file
Leaf_Phomopsis_Leaf_Phomopsis_46,MISSING_LABEL,,No label file
Leaf_Phomopsis_Leaf_Phomopsis_47,MISSING_LABEL,,No label file
Leaf_Phomopsis_Leaf_Phomopsis_48,MISSING_LABEL,,No label file
Leaf_Phomopsis_Leaf_Phomopsis_49,VALID,,
Leaf_Phomopsis_Leaf_Phomopsis_5,MISSING_LABEL,,No label file
Leaf_Phomopsis_Leaf_Phomopsis_50,VALID,,
Leaf_Phomopsis_Leaf_Phomopsis_51,MISSING_LABEL,,No label file
Leaf_Phomopsis_Leaf_Phomopsis_52,MISSING_LABEL,,No label file
Leaf_Phomopsis_Leaf_Phomopsis_53,VALID,,
Leaf_Phomopsis_Leaf_Phomopsis_54,VALID,,
Leaf_Phomopsis_Leaf_Phomopsis_55,MISSING_LABEL,,No label file
Leaf_Phomopsis_Leaf_Phomopsis_56,MISSING_LABEL,,No label file
Leaf_Phomopsis_Leaf_Phomopsis_57,MISSING_LABEL,,No label file
Leaf_Phomopsis_Leaf_Phomopsis_58,MISSING_LABEL,,No label file
Leaf_Phomopsis_Leaf_Phomopsis_59,MISSING_LABEL,,No label file
Leaf_Phomopsis_Leaf_Phomopsis_5_jpg.rf.18dcbf7034a87a2d0fe035aa35131ce7,MALFORMED,Invalid part count,3 0.40625 0 0.503125 0 0.509375 0.00625 0.515625 0.00625 0.5171875 0.003125 0.528125 0.003125 0.5296875 0 0.5859375 0 0.5921875 0.00625 0.5984375 0.00625 0.6 0.003125 0.6203125 0.003125 0.621875 0.00625 0.6296875 0.00625 0.634375 0.0109375 0.6375 0.009375 0.6390625 0 0.6421875 0 0.64375 0.003125 0.646875 0 0.653125 0 0.659375 0.00625 0.675 0.0078125 0.6765625 0.0109375 0.6796875 0.0109375 0.684375 0.003125 0.6921875 0.003125 0.69375 0 0.6984375 0 0.7 0.003125 0.7078125 0 0.7125 0.0078125 0.7171875 0 0.7375 0 0.7390625 0.003125 0.7484375 0.003125 0.75 0 0.8109375 0 0.8125 0.003125 0.8171875 0.003125 0.81875 0.00625 0.8234375 0.00625 0.825 0.0109375 0.8359375 0.0125 0.8359375 0.0171875 0.840625 0.01875 0.840625 0.021875 0.8484375 0.028125 0.85 0.034375 0.8578125 0.0375 0.8625 0.04375 0.865625 0.04375 0.8671875 0.0484375 0.8734375 0.05 0.875 0.0546875 0.88125 0.0609375 0.8859375 0.0609375 0.903125 0.078125 0.9046875 0.084375 0.9109375 0.0875 0.9125 0.0921875 0.915625 0.09375 0.9171875 0.1015625 0.9296875 0.1125 0.9296875 0.1171875 0.9359375 0.1203125 0.9375 0.1265625 0.9453125 0.1328125 0.9453125 0.1390625 0.9484375 0.140625 0.9578125 0.159375 0.9625 0.1625 0.9625 0.1671875 0.965625 0.16875 0.965625 0.171875 0.9703125 0.175 0.9703125 0.1796875 0.9734375 0.18125 0.9796875 0.1984375 0.9859375 0.203125 0.9875 0.2109375 0.990625 0.2125 0.990625 0.2171875 0.9953125 0.2203125 0.9953125 0.2265625 0.9984375 0.228125 0.9984375 0.2765625 0.9953125 0.278125 0.9984375 0.28125 0.9984375 0.371875 0.9953125 0.3734375 0.9953125 0.384375 0.9984375 0.3859375 0.9984375 0.4265625 0.9953125 0.428125 0.9984375 0.43125 0.9984375 0.459375 0.9953125 0.4609375 0.9953125 0.4796875 0.9984375 0.48125 0.9984375 0.596875 0.9953125 0.5984375 0.9671875 0.596875 0.965625 0.59375 0.9546875 0.5921875 0.953125 0.5890625 0.946875 0.5890625 0.9453125 0.5859375 0.9265625 0.5765625 0.925 0.56875 0.915625 0.559375 0.90625 0.5546875 0.90625 0.55 0.9015625 0.546875 0.9 0.540625 0.896875 0.5390625 0.8921875 0.528125 0.8890625 0.5265625 0.8890625 0.5203125 0.884375 0.5171875 0.884375 0.5109375 0.88125 0.509375 0.8796875 0.4953125 0.8765625 0.49375 0.875 0.48125 0.871875 0.4796875 0.871875 0.475 0.86875 0.4734375 0.8625 0.45625 0.85625 0.4515625 0.8546875 0.44375 0.846875 0.4359375 0.846875 0.4328125 0.8390625 0.4265625 0.8375 0.4203125 0.83125 0.4140625 0.8296875 0.40625 0.8265625 0.4046875 0.8265625 0.4 0.81875 0.3921875 0.81875 0.3859375 0.8171875 0.38125 0.8140625 0.3796875 0.8140625 0.375 0.809375 0.371875 0.809375 0.36875 0.80625 0.3671875 0.80625 0.3625 0.8015625 0.359375 0.8 0.35 0.79375 0.346875 0.7921875 0.3375 0.784375 0.3296875 0.784375 0.325 0.7671875 0.309375 0.7671875 0.303125 0.7625 0.2984375 0.7609375 0.3 0.7625 0.309375 0.7609375 0.3109375 0.7515625 0.309375 0.75 0.3140625 0.746875 0.3140625 0.74375 0.3109375 0.7421875 0.3015625 0.74375 0.28125 0.7375 0.2796875 0.7359375 0.271875 0.7296875 0.2734375 0.7296875 0.2890625 0.7328125 0.290625 0.7328125 0.3015625 0.7359375 0.303125 0.7375 0.3125 0.7375 0.3484375 0.740625 0.35 0.7421875 0.3859375 0.7453125 0.3875 0.7453125 0.3984375 0.7484375 0.4 0.75 0.41875 0.753125 0.4203125 0.7546875 0.4421875 0.7578125 0.44375 0.7578125 0.459375 0.7609375 0.4609375 0.7609375 0.484375 0.7625 0.496875 0.765625 0.4984375 0.765625 0.5171875 0.7671875 0.51875 0.7671875 0.5546875 0.7703125 0.55625 0.7703125 0.621875 0.7734375 0.6234375 0.7703125 0.625 0.7703125 0.6734375 0.7671875 0.675 0.765625 0.7421875 0.7625 0.74375 0.7609375 0.7796875 0.7578125 0.78125 0.7578125 0.79375 0.7546875 0.7953125 0.753125 0.8171875 0.75 0.81875 0.7484375 0.8359375 0.7453125 0.8375 0.7453125 0.846875 0.7421875 0.8484375 0.7421875 0.8609375 0.740625 0.86875 0.7375 0.8703125 0.7375 0.8796875 0.7359375 0.884375 0.7328125 0.8859375 0.7328125 0.8921875 0.7296875 0.89375 0.728125 0.9015625 0.725 0.903125 0.7234375 0.9109375 0.7203125 0.9125 0.7203125 0.91875 0.7171875 0.9203125 0.715625 0.9296875 0.7125 0.93125 0.7109375 0.9390625 0.7078125 0.940625 0.703125 0.9515625 0.7 0.953125 0.6984375 0.9609375 0.6953125 0.9625 0.6953125 0.9671875 0.6921875 0.96875 0.690625 0.9765625 0.6875 0.978125 0.6859375 0.984375 0.6796875 0.990625 0.678125 0.996875 0.5515625 0.9984375 0.55 0.996875 0.53125 0.996875 0.528125 0.9921875 0.5234375 0.996875 0.5171875 0.996875 0.5140625 0.99375 0.5140625 0.978125 0.5171875 0.9765625 0.5171875 0.9703125 0.521875 0.9671875 0.521875 0.9609375 0.525 0.959375 0.525 0.9484375 0.5265625 0.94375 0.5296875 0.9421875 0.5296875 0.9375 0.546875 0.9234375 0.546875 0.890625 0.5546875 0.88125 0.55625 0.8734375 0.5515625 0.871875 0.55 0.8765625 0.54375 0.8765625 0.5421875 0.8796875 0.521875 0.884375 0.5171875 0.8875 0.515625 0.8921875 0.5125 0.8921875 0.5046875 0.884375 0.4890625 0.884375 0.4875 0.878125 0.4828125 0.8734375 0.4671875 0.871875 0.465625 0.86875 0.4546875 0.8671875 0.4484375 0.8609375 0.4390625 0.859375 0.4375 0.85625 0.43125 0.8546875 0.428125 0.8484375 0.41875 0.846875 0.415625 0.8421875 0.4125 0.8421875 0.4078125 0.8359375 0.4015625 0.834375 0.3984375 0.8296875 0.39375 0.8296875 0.3921875 0.825 0.384375 0.821875 0.375 0.8109375 0.36875 0.809375 0.3609375 0.8015625 0.35625 0.8015625 0.35 0.79375 0.3390625 0.7890625 0.328125 0.7765625 0.309375 0.7671875 0.2859375 0.7421875 0.28125 0.7421875 0.2796875 0.7375 0.2734375 0.73125 0.26875 0.7296875 0.2671875 0.725 0.259375 0.71875 0.259375 0.715625 0.23125 0.6890625 0.2296875 0.6828125 0.221875 0.6765625 0.221875 0.6734375 0.2140625 0.6671875 0.2125 0.6625 0.20625 0.659375 0.1984375 0.6484375 0.19375 0.646875 0.1921875 0.640625 0.184375 0.634375 0.1796875 0.625 0.1734375 0.61875 0.16875 0.6171875 0.16875 0.6125 0.1515625 0.596875 0.15 0.590625 0.1375 0.5796875 0.1375 0.575 0.1265625 0.5671875 0.121875 0.5578125 0.1140625 0.5515625 0.1125 0.5453125 0.10625 0.5421875 0.1046875 0.5328125 0.1 0.5296875 0.1 0.525 0.0921875 0.5171875 0.0921875 0.5125 0.084375 0.50625 0.075 0.4875 0.071875 0.4859375 0.0671875 0.475 0.0640625 0.4734375 0.0625 0.465625 0.05625 0.459375 0.0546875 0.45 0.0515625 0.4484375 0.05 0.440625 0.04375 0.434375 0.04375 0.428125 0.0390625 0.4234375 0.0375 0.4125 0.03125 0.40625 0.03125 0.4 0.0296875 0.3953125 0.0265625 0.39375 0.025 0.3828125 0.01875 0.3765625 0.0171875 0.35625 0.0140625 0.3546875 0.0125 0.34375 0.009375 0.3421875 0.009375 0.325 0.00625 0.3234375 0.0046875 0.3171875 0.0046875 0.303125 0.0015625 0.3015625 0 0.296875 0.0015625 0.28125 0 0.1953125 0.0015625 0.19375 0.0015625 0.16875 0.0046875 0.1671875 0.00625 0.153125 0.009375 0.1515625 0.009375 0.1453125 0.0125 0.14375 0.0140625 0.1359375 0.0171875 0.134375 0.01875 0.1234375 0.025 0.1171875 0.025 0.1109375 0.03125 0.0984375 0.0359375 0.0984375 0.0390625 0.09375 0.0421875 0.09375 0.04375 0.090625 0.0484375 0.090625 0.05 0.0875 0.053125 0.0875 0.0546875 0.090625 0.0625 0.090625 0.0640625 0.09375 0.075 0.0953125 0.0765625 0.0984375 0.0859375 0.1 0.0875 0.103125 0.090625 0.103125 0.096875 0.1109375 0.103125 0.1125 0.1046875 0.1171875 0.1109375 0.1203125 0.1125 0.1234375 0.115625 0.1234375 0.11875 0.128125 0.1234375 0.128125 0.1578125 0.1625 0.1578125 0.1671875 0.165625 0.1734375 0.1671875 0.1796875 0.1734375 0.1828125 0.175 0.1890625 0.1828125 0.1953125 0.1875 0.2046875 0.2234375 0.240625 0.225 0.246875 0.240625 0.2625 0.240625 0.2671875 0.253125 0.278125 0.2546875 0.284375 0.2609375 0.2875 0.265625 0.296875 0.2734375 0.303125 0.275 0.309375 0.2796875 0.3125 0.2796875 0.3171875 0.2859375 0.3203125 0.2875 0.3265625 0.2953125 0.3328125 0.3 0.34375 0.3109375 0.353125 0.3125 0.359375 0.3171875 0.3625 0.3171875 0.3671875 0.3234375 0.3703125 0.325 0.3765625 0.3328125 0.3828125 0.3328125 0.3859375 0.340625 0.39375 0.340625 0.396875 0.3484375 0.403125 0.3546875 0.4171875 0.365625 0.428125 0.375 0.446875 0.38125 0.453125 0.3859375 0.453125 0.3875 0.44375 0.384375 0.4421875 0.384375 0.428125 0.38125 0.4265625 0.3796875 0.4171875 0.3796875 0.3984375 0.3765625 0.396875 0.375 0.3625 0.371875 0.3609375 0.371875 0.3484375 0.36875 0.346875 0.3671875 0.325 0.3640625 0.3234375 0.3625 0.18125 0.3640625 0.1796875 0.3640625 0.1578125 0.3671875 0.15625 0.36875 0.14375 0.36875 0.1203125 0.371875 0.11875 0.371875 0.1078125 0.375 0.10625 0.375 0.09375 0.3765625 0.0859375 0.3796875 0.084375 0.38125 0.065625 0.384375 0.0640625 0.384375 0.0578125 0.3875 0.05625 0.3890625 0.04375 0.3921875 0.0421875 0.39375 0.03125 0.396875 0.0296875 0.396875 0.025 0.4 0.0234375 0.4015625 0.0078125 0.4046875 0.00625 0.40625 0.0015625
Leaf_Phomopsis_Leaf_Phomopsis_5_jpg.rf.523482ef285bda41ac352880df336f26,MALFORMED,Invalid part count,3 0.1875 0 0.2484375 0 0.25 0.003125 0.259375 0.003125 0.2609375 0 0.28125 0 0.2859375 0.0078125 0.290625 0 0.29375 0 0.2953125 0.003125 0.2984375 0.003125 0.3 0 0.3046875 0 0.30625 0.003125 0.3140625 0.003125 0.31875 0.0109375 0.321875 0.0109375 0.3234375 0.0078125 0.3390625 0.00625 0.3453125 0 0.3515625 0 0.353125 0.003125 0.359375 0 0.3625 0.0109375 0.36875 0.00625 0.3765625 0.00625 0.378125 0.003125 0.3984375 0.003125 0.4 0.00625 0.40625 0.00625 0.4125 0 0.46875 0 0.4703125 0.003125 0.48125 0.003125 0.4828125 0.00625 0.4890625 0.00625 0.4953125 0 0.5921875 0 0.59375 0.00625 0.596875 0.0078125 0.5984375 0.0234375 0.6015625 0.025 0.6015625 0.0296875 0.6046875 0.03125 0.60625 0.0421875 0.609375 0.04375 0.6109375 0.05625 0.6140625 0.0578125 0.6140625 0.0640625 0.6171875 0.065625 0.61875 0.084375 0.621875 0.0859375 0.6234375 0.09375 0.6234375 0.10625 0.6265625 0.1078125 0.6265625 0.11875 0.6296875 0.1203125 0.6296875 0.14375 0.63125 0.15625 0.634375 0.1578125 0.634375 0.1796875 0.6359375 0.18125 0.634375 0.3234375 0.63125 0.325 0.6296875 0.346875 0.6265625 0.3484375 0.6265625 0.3609375 0.6234375 0.3625 0.621875 0.396875 0.61875 0.3984375 0.6171875 0.4265625 0.6140625 0.428125 0.6140625 0.4421875 0.6109375 0.44375 0.6125 0.453125 0.6171875 0.453125 0.6234375 0.446875 0.6328125 0.428125 0.64375 0.4171875 0.65 0.403125 0.6578125 0.396875 0.6578125 0.39375 0.665625 0.3859375 0.665625 0.3828125 0.6734375 0.3765625 0.675 0.3703125 0.68125 0.3671875 0.68125 0.3625 0.6859375 0.359375 0.6875 0.353125 0.6984375 0.34375 0.7 0.3375 0.7109375 0.3265625 0.7125 0.3203125 0.71875 0.3171875 0.71875 0.3125 0.7234375 0.309375 0.725 0.303125 0.7328125 0.296875 0.7375 0.2875 0.74375 0.284375 0.7453125 0.278125 0.7578125 0.2671875 0.7578125 0.2625 0.7734375 0.246875 0.775 0.240625 0.8109375 0.2046875 0.815625 0.1953125 0.8234375 0.1890625 0.825 0.1828125 0.8296875 0.18125 0.8328125 0.1734375 0.840625 0.1671875 0.840625 0.1625 0.875 0.128125 0.8796875 0.128125 0.8828125 0.1234375 0.8921875 0.11875 0.8953125 0.1125 0.9015625 0.1109375 0.9078125 0.103125 0.9109375 0.103125 0.9125 0.1 0.921875 0.0984375 0.9234375 0.0953125 0.934375 0.09375 0.9359375 0.090625 0.94375 0.090625 0.9453125 0.0875 0.9484375 0.0875 0.95 0.090625 0.9546875 0.090625 0.9625 0.0984375 0.9671875 0.0984375 0.96875 0.1046875 0.971875 0.10625 0.9734375 0.1171875 0.9796875 0.1234375 0.98125 0.134375 0.984375 0.1359375 0.9859375 0.14375 0.9890625 0.1453125 0.9890625 0.1515625 0.9921875 0.153125 0.99375 0.1671875 0.996875 0.16875 0.996875 0.19375 0.9984375 0.1953125 0.9984375 0.2515625 0.996875 0.253125 0.9984375 0.296875 0.996875 0.3015625 0.99375 0.303125 0.99375 0.3171875 0.9921875 0.3234375 0.9890625 0.325 0.9890625 0.3421875 0.9859375 0.34375 0.984375 0.3546875 0.98125 0.35625 0.9796875 0.3765625 0.9734375 0.3828125 0.971875 0.39375 0.96875 0.3953125 0.9671875 0.4 0.9671875 0.40625 0.9609375 0.4125 0.959375 0.4234375 0.95625 0.425 0.9546875 0.434375 0.9515625 0.4359375 0.946875 0.4484375 0.94375 0.45 0.9421875 0.459375 0.9359375 0.465625 0.934375 0.4734375 0.93125 0.475 0.9296875 0.48125 0.9234375 0.4875 0.9171875 0.5015625 0.90625 0.5125 0.90625 0.5171875 0.8984375 0.525 0.8984375 0.5296875 0.89375 0.5328125 0.8921875 0.5421875 0.8859375 0.5453125 0.884375 0.5515625 0.8765625 0.5578125 0.871875 0.5671875 0.8609375 0.575 0.8609375 0.5796875 0.8484375 0.590625 0.846875 0.596875 0.8296875 0.6125 0.8296875 0.6171875 0.825 0.61875 0.81875 0.625 0.8140625 0.634375 0.80625 0.640625 0.8046875 0.646875 0.8 0.6484375 0.796875 0.6546875 0.7859375 0.6625 0.784375 0.6671875 0.7765625 0.6734375 0.7765625 0.6765625 0.76875 0.6828125 0.7671875 0.6890625 0.7390625 0.715625 0.7390625 0.71875 0.73125 0.725 0.7296875 0.7296875 0.725 0.73125 0.71875 0.7375 0.7171875 0.7421875 0.7125 0.7421875 0.6890625 0.7671875 0.6703125 0.7765625 0.659375 0.7890625 0.6484375 0.79375 0.6421875 0.8015625 0.6375 0.8015625 0.6296875 0.809375 0.6234375 0.8109375 0.6140625 0.821875 0.6078125 0.8234375 0.6046875 0.8296875 0.6 0.8296875 0.596875 0.834375 0.590625 0.8359375 0.5796875 0.846875 0.5703125 0.8484375 0.5671875 0.8546875 0.5609375 0.85625 0.559375 0.859375 0.55 0.8609375 0.54375 0.8671875 0.5328125 0.86875 0.53125 0.871875 0.515625 0.8734375 0.5109375 0.878125 0.509375 0.884375 0.49375 0.884375 0.4859375 0.8921875 0.4828125 0.8921875 0.48125 0.8875 0.4765625 0.884375 0.4703125 0.884375 0.46875 0.88125 0.4484375 0.8765625 0.446875 0.871875 0.4421875 0.8734375 0.44375 0.88125 0.4515625 0.890625 0.4515625 0.9234375 0.46875 0.9375 0.46875 0.9421875 0.471875 0.94375 0.4734375 0.9484375 0.4734375 0.959375 0.4765625 0.9609375 0.4765625 0.9671875 0.48125 0.9703125 0.48125 0.9765625 0.484375 0.978125 0.484375 0.99375 0.48125 0.996875 0.475 0.996875 0.471875 0.9921875 0.4671875 0.996875 0.4484375 0.996875 0.446875 0.9984375 0.3203125 0.996875 0.31875 0.990625 0.315625 0.9890625 0.3109375 0.978125 0.3078125 0.9765625 0.30625 0.96875 0.303125 0.9671875 0.303125 0.9625 0.3 0.9609375 0.2984375 0.953125 0.2953125 0.9515625 0.29375 0.9453125 0.2875 0.9390625 0.2859375 0.93125 0.2828125 0.9296875 0.28125 0.9203125 0.278125 0.91875 0.278125 0.9125 0.275 0.9109375 0.2734375 0.903125 0.2703125 0.9015625 0.26875 0.89375 0.265625 0.8921875 0.265625 0.8859375 0.2625 0.884375 0.2609375 0.8703125 0.2578125 0.86875 0.25625 0.8609375 0.25625 0.8484375 0.253125 0.846875 0.253125 0.8375 0.25 0.8359375 0.2484375 0.8296875 0.2484375 0.81875 0.2453125 0.8171875 0.24375 0.7953125 0.240625 0.79375 0.240625 0.78125 0.2375 0.7796875 0.2359375 0.74375 0.2328125 0.7421875 0.23125 0.675 0.228125 0.6734375 0.228125 0.625 0.225 0.6234375 0.228125 0.621875 0.228125 0.55625 0.23125 0.5546875 0.23125 0.51875 0.2328125 0.5171875 0.2328125 0.4984375 0.2359375 0.496875 0.2375 0.484375 0.2375 0.4609375 0.240625 0.459375 0.240625 0.44375 0.24375 0.4421875 0.2453125 0.4203125 0.2484375 0.41875 0.25 0.4 0.253125 0.3984375 0.253125 0.3875 0.25625 0.3859375 0.25625 0.3625 0.2578125 0.35 0.2609375 0.3484375 0.2609375 0.3125 0.2625 0.303125 0.265625 0.3015625 0.265625 0.290625 0.26875 0.2890625 0.26875 0.2734375 0.2625 0.271875 0.2609375 0.2796875 0.2546875 0.28125 0.25625 0.3015625 0.2546875 0.3109375 0.2515625 0.3140625 0.2484375 0.3140625 0.246875 0.309375 0.2375 0.3109375 0.2359375 0.2984375 0.23125 0.303125 0.23125 0.309375 0.2140625 0.325 0.2140625 0.3296875 0.20625 0.3375 0.2046875 0.346875 0.1984375 0.35 0.196875 0.359375 0.1921875 0.3625 0.1921875 0.3671875 0.184375 0.375 0.184375 0.3796875 0.18125 0.38125 0.1796875 0.3859375 0.1796875 0.3921875 0.171875 0.4 0.171875 0.4046875 0.16875 0.40625 0.1671875 0.4140625 0.1609375 0.4203125 0.159375 0.4265625 0.1515625 0.4328125 0.1515625 0.4359375 0.14375 0.44375 0.1421875 0.4515625 0.1359375 0.45625 0.134375 0.4640625 0.13125 0.465625 0.1296875 0.4734375 0.1265625 0.475 0.1265625 0.4796875 0.1234375 0.48125 0.121875 0.49375 0.11875 0.4953125 0.1171875 0.509375 0.1140625 0.5109375 0.1140625 0.5171875 0.109375 0.5203125 0.109375 0.5265625 0.10625 0.528125 0.1046875 0.534375 0.0984375 0.540625 0.096875 0.546875 0.0921875 0.55 0.0921875 0.5546875 0.0828125 0.559375 0.0734375 0.56875 0.071875 0.5765625 0.053125 0.5859375 0.0515625 0.5890625 0.0453125 0.5890625 0.04375 0.5921875 0.0375 0.5921875 0.0328125 0.59375 0.03125 0.596875 0.021875 0.5984375 0 0.596875 0 0.48125 0.003125 0.4796875 0.003125 0.4609375 0 0.459375 0 0.43125 0.003125 0.4296875 0 0.4265625 0 0.3859375 0.003125 0.384375 0.003125 0.3734375 0 0.371875 0 0.28125 0.003125 0.2796875 0 0.2765625 0 0.228125 0.003125 0.2265625 0.003125 0.2203125 0.0078125 0.2171875 0.0078125 0.2125 0.0109375 0.2109375 0.0125 0.203125 0.01875 0.1984375 0.0203125 0.190625 0.0234375 0.1890625 0.025 0.18125 0.028125 0.1796875 0.028125 0.175 0.0328125 0.171875 0.0328125 0.16875 0.0359375 0.1671875 0.0359375 0.1625 0.040625 0.159375 0.05 0.140625 0.053125 0.1390625 0.053125 0.1328125 0.0609375 0.1265625 0.0625 0.1203125 0.06875 0.1171875 0.06875 0.1125 0.08125 0.1015625 0.0828125 0.09375 0.0859375 0.0921875 0.0875 0.0875 0.09375 0.084375 0.0953125 0.078125 0.1125 0.0609375 0.1171875 0.0609375 0.121875 0.05625 0.125 0.05 0.13125 0.0484375 0.1328125 0.04375 0.1359375 0.04375 0.140625 0.0375 0.146875 0.0359375 0.15 0.028125 0.1578125 0.021875 0.1578125 0.01875 0.1625 0.0171875 0.1625 0.0125 0.1734375 0.0109375 0.175 0.00625 0.1796875 0.00625 0.18125 0.003125 0.1875 0.0015625
Leaf_Phomopsis_Leaf_Phomopsis_5_jpg.rf.c9a0f77bc4f79f2fea1dea542361737b,MALFORMED,Invalid part count,3 0.1875 0 0.2484375 0 0.25 0.003125 0.259375 0.003125 0.2609375 0 0.28125 0 0.2859375 0.0078125 0.290625 0 0.29375 0 0.2953125 0.003125 0.2984375 0.003125 0.3 0 0.3046875 0 0.30625 0.003125 0.3140625 0.003125 0.31875 0.0109375 0.321875 0.0109375 0.3234375 0.0078125 0.3390625 0.00625 0.3453125 0 0.3515625 0 0.353125 0.003125 0.359375 0 0.3625 0.0109375 0.36875 0.00625 0.3765625 0.00625 0.378125 0.003125 0.3984375 0.003125 0.4 0.00625 0.40625 0.00625 0.4125 0 0.46875 0 0.4703125 0.003125 0.48125 0.003125 0.4828125 0.00625 0.4890625 0.00625 0.4953125 0 0.5921875 0 0.59375 0.00625 0.596875 0.0078125 0.5984375 0.0234375 0.6015625 0.025 0.6015625 0.0296875 0.6046875 0.03125 0.60625 0.0421875 0.609375 0.04375 0.6109375 0.05625 0.6140625 0.0578125 0.6140625 0.0640625 0.6171875 0.065625 0.61875 0.084375 0.621875 0.0859375 0.6234375 0.09375 0.6234375 0.10625 0.6265625 0.1078125 0.6265625 0.11875 0.6296875 0.1203125 0.6296875 0.14375 0.63125 0.15625 0.634375 0.1578125 0.634375 0.1796875 0.6359375 0.18125 0.634375 0.3234375 0.63125 0.325 0.6296875 0.346875 0.6265625 0.3484375 0.6265625 0.3609375 0.6234375 0.3625 0.621875 0.396875 0.61875 0.3984375 0.6171875 0.4265625 0.6140625 0.428125 0.6140625 0.4421875 0.6109375 0.44375 0.6125 0.453125 0.6171875 0.453125 0.6234375 0.446875 0.6328125 0.428125 0.64375 0.4171875 0.65 0.403125 0.6578125 0.396875 0.6578125 0.39375 0.665625 0.3859375 0.665625 0.3828125 0.6734375 0.3765625 0.675 0.3703125 0.68125 0.3671875 0.68125 0.3625 0.6859375 0.359375 0.6875 0.353125 0.6984375 0.34375 0.7 0.3375 0.7109375 0.3265625 0.7125 0.3203125 0.71875 0.3171875 0.71875 0.3125 0.7234375 0.309375 0.725 0.303125 0.7328125 0.296875 0.7375 0.2875 0.74375 0.284375 0.7453125 0.278125 0.7578125 0.2671875 0.7578125 0.2625 0.7734375 0.246875 0.775 0.240625 0.8109375 0.2046875 0.815625 0.1953125 0.8234375 0.1890625 0.825 0.1828125 0.8296875 0.18125 0.8328125 0.1734375 0.840625 0.1671875 0.840625 0.1625 0.875 0.128125 0.8796875 0.128125 0.8828125 0.1234375 0.8921875 0.11875 0.8953125 0.1125 0.9015625 0.1109375 0.9078125 0.103125 0.9109375 0.103125 0.9125 0.1 0.921875 0.0984375 0.9234375 0.0953125 0.934375 0.09375 0.9359375 0.090625 0.94375 0.090625 0.9453125 0.0875 0.9484375 0.0875 0.95 0.090625 0.9546875 0.090625 0.9625 0.0984375 0.9671875 0.0984375 0.96875 0.1046875 0.971875 0.10625 0.9734375 0.1171875 0.9796875 0.1234375 0.98125 0.134375 0.984375 0.1359375 0.9859375 0.14375 0.9890625 0.1453125 0.9890625 0.1515625 0.9921875 0.153125 0.99375 0.1671875 0.996875 0.16875 0.996875 0.19375 0.9984375 0.1953125 0.9984375 0.2515625 0.996875 0.253125 0.9984375 0.296875 0.996875 0.3015625 0.99375 0.303125 0.99375 0.3171875 0.9921875 0.3234375 0.9890625 0.325 0.9890625 0.3421875 0.9859375 0.34375 0.984375 0.3546875 0.98125 0.35625 0.9796875 0.3765625 0.9734375 0.3828125 0.971875 0.39375 0.96875 0.3953125 0.9671875 0.4 0.9671875 0.40625 0.9609375 0.4125 0.959375 0.4234375 0.95625 0.425 0.9546875 0.434375 0.9515625 0.4359375 0.946875 0.4484375 0.94375 0.45 0.9421875 0.459375 0.9359375 0.465625 0.934375 0.4734375 0.93125 0.475 0.9296875 0.48125 0.9234375 0.4875 0.9171875 0.5015625 0.90625 0.5125 0.90625 0.5171875 0.8984375 0.525 0.8984375 0.5296875 0.89375 0.5328125 0.8921875 0.5421875 0.8859375 0.5453125 0.884375 0.5515625 0.8765625 0.5578125 0.871875 0.5671875 0.8609375 0.575 0.8609375 0.5796875 0.8484375 0.590625 0.846875 0.596875 0.8296875 0.6125 0.8296875 0.6171875 0.825 0.61875 0.81875 0.625 0.8140625 0.634375 0.80625 0.640625 0.8046875 0.646875 0.8 0.6484375 0.796875 0.6546875 0.7859375 0.6625 0.784375 0.6671875 0.7765625 0.6734375 0.7765625 0.6765625 0.76875 0.6828125 0.7671875 0.6890625 0.7390625 0.715625 0.7390625 0.71875 0.73125 0.725 0.7296875 0.7296875 0.725 0.73125 0.71875 0.7375 0.7171875 0.7421875 0.7125 0.7421875 0.6890625 0.7671875 0.6703125 0.7765625 0.659375 0.7890625 0.6484375 0.79375 0.6421875 0.8015625 0.6375 0.8015625 0.6296875 0.809375 0.6234375 0.8109375 0.6140625 0.821875 0.6078125 0.8234375 0.6046875 0.8296875 0.6 0.8296875 0.596875 0.834375 0.590625 0.8359375 0.5796875 0.846875 0.5703125 0.8484375 0.5671875 0.8546875 0.5609375 0.85625 0.559375 0.859375 0.55 0.8609375 0.54375 0.8671875 0.5328125 0.86875 0.53125 0.871875 0.515625 0.8734375 0.5109375 0.878125 0.509375 0.884375 0.49375 0.884375 0.4859375 0.8921875 0.4828125 0.8921875 0.48125 0.8875 0.4765625 0.884375 0.4703125 0.884375 0.46875 0.88125 0.4484375 0.8765625 0.446875 0.871875 0.4421875 0.8734375 0.44375 0.88125 0.4515625 0.890625 0.4515625 0.9234375 0.46875 0.9375 0.46875 0.9421875 0.471875 0.94375 0.4734375 0.9484375 0.4734375 0.959375 0.4765625 0.9609375 0.4765625 0.9671875 0.48125 0.9703125 0.48125 0.9765625 0.484375 0.978125 0.484375 0.99375 0.48125 0.996875 0.475 0.996875 0.471875 0.9921875 0.4671875 0.996875 0.4484375 0.996875 0.446875 0.9984375 0.3203125 0.996875 0.31875 0.990625 0.315625 0.9890625 0.3109375 0.978125 0.3078125 0.9765625 0.30625 0.96875 0.303125 0.9671875 0.303125 0.9625 0.3 0.9609375 0.2984375 0.953125 0.2953125 0.9515625 0.29375 0.9453125 0.2875 0.9390625 0.2859375 0.93125 0.2828125 0.9296875 0.28125 0.9203125 0.278125 0.91875 0.278125 0.9125 0.275 0.9109375 0.2734375 0.903125 0.2703125 0.9015625 0.26875 0.89375 0.265625 0.8921875 0.265625 0.8859375 0.2625 0.884375 0.2609375 0.8703125 0.2578125 0.86875 0.25625 0.8609375 0.25625 0.8484375 0.253125 0.846875 0.253125 0.8375 0.25 0.8359375 0.2484375 0.8296875 0.2484375 0.81875 0.2453125 0.8171875 0.24375 0.7953125 0.240625 0.79375 0.240625 0.78125 0.2375 0.7796875 0.2359375 0.74375 0.2328125 0.7421875 0.23125 0.675 0.228125 0.6734375 0.228125 0.625 0.225 0.6234375 0.228125 0.621875 0.228125 0.55625 0.23125 0.5546875 0.23125 0.51875 0.2328125 0.5171875 0.2328125 0.4984375 0.2359375 0.496875 0.2375 0.484375 0.2375 0.4609375 0.240625 0.459375 0.240625 0.44375 0.24375 0.4421875 0.2453125 0.4203125 0.2484375 0.41875 0.25 0.4 0.253125 0.3984375 0.253125 0.3875 0.25625 0.3859375 0.25625 0.3625 0.2578125 0.35 0.2609375 0.3484375 0.2609375 0.3125 0.2625 0.303125 0.265625 0.3015625 0.265625 0.290625 0.26875 0.2890625 0.26875 0.2734375 0.2625 0.271875 0.2609375 0.2796875 0.2546875 0.28125 0.25625 0.3015625 0.2546875 0.3109375 0.2515625 0.3140625 0.2484375 0.3140625 0.246875 0.309375 0.2375 0.3109375 0.2359375 0.2984375 0.23125 0.303125 0.23125 0.309375 0.2140625 0.325 0.2140625 0.3296875 0.20625 0.3375 0.2046875 0.346875 0.1984375 0.35 0.196875 0.359375 0.1921875 0.3625 0.1921875 0.3671875 0.184375 0.375 0.184375 0.3796875 0.18125 0.38125 0.1796875 0.3859375 0.1796875 0.3921875 0.171875 0.4 0.171875 0.4046875 0.16875 0.40625 0.1671875 0.4140625 0.1609375 0.4203125 0.159375 0.4265625 0.1515625 0.4328125 0.1515625 0.4359375 0.14375 0.44375 0.1421875 0.4515625 0.1359375 0.45625 0.134375 0.4640625 0.13125 0.465625 0.1296875 0.4734375 0.1265625 0.475 0.1265625 0.4796875 0.1234375 0.48125 0.121875 0.49375 0.11875 0.4953125 0.1171875 0.509375 0.1140625 0.5109375 0.1140625 0.5171875 0.109375 0.5203125 0.109375 0.5265625 0.10625 0.528125 0.1046875 0.534375 0.0984375 0.540625 0.096875 0.546875 0.0921875 0.55 0.0921875 0.5546875 0.0828125 0.559375 0.0734375 0.56875 0.071875 0.5765625 0.053125 0.5859375 0.0515625 0.5890625 0.0453125 0.5890625 0.04375 0.5921875 0.0375 0.5921875 0.0328125 0.59375 0.03125 0.596875 0.021875 0.5984375 0 0.596875 0 0.48125 0.003125 0.4796875 0.003125 0.4609375 0 0.459375 0 0.43125 0.003125 0.4296875 0 0.4265625 0 0.3859375 0.003125 0.384375 0.003125 0.3734375 0 0.371875 0 0.28125 0.003125 0.2796875 0 0.2765625 0 0.228125 0.003125 0.2265625 0.003125 0.2203125 0.0078125 0.2171875 0.0078125 0.2125 0.0109375 0.2109375 0.0125 0.203125 0.01875 0.1984375 0.0203125 0.190625 0.0234375 0.1890625 0.025 0.18125 0.028125 0.1796875 0.028125 0.175 0.0328125 0.171875 0.0328125 0.16875 0.0359375 0.1671875 0.0359375 0.1625 0.040625 0.159375 0.05 0.140625 0.053125 0.1390625 0.053125 0.1328125 0.0609375 0.1265625 0.0625 0.1203125 0.06875 0.1171875 0.06875 0.1125 0.08125 0.1015625 0.0828125 0.09375 0.0859375 0.0921875 0.0875 0.0875 0.09375 0.084375 0.0953125 0.078125 0.1125 0.0609375 0.1171875 0.0609375 0.121875 0.05625 0.125 0.05 0.13125 0.0484375 0.1328125 0.04375 0.1359375 0.04375 0.140625 0.0375 0.146875 0.0359375 0.15 0.028125 0.1578125 0.021875 0.1578125 0.01875 0.1625 0.0171875 0.1625 0.0125 0.1734375 0.0109375 0.175 0.00625 0.1796875 0.00625 0.18125 0.003125 0.1875 0.0015625
Leaf_Phomopsis_Leaf_Phomopsis_6,MISSING_LABEL,,No label file
Leaf_Phomopsis_Leaf_Phomopsis_60,VALID,,
Leaf_Phomopsis_Leaf_Phomopsis_61,VALID,,
Leaf_Phomopsis_Leaf_Phomopsis_62,MISSING_LABEL,,No label file
Leaf_Phomopsis_Leaf_Phomopsis_63,MISSING_LABEL,,No label file
Leaf_Phomopsis_Leaf_Phomopsis_64,MISSING_LABEL,,No label file
Leaf_Phomopsis_Leaf_Phomopsis_65,MISSING_LABEL,,No label file
Leaf_Phomopsis_Leaf_Phomopsis_66,VALID,,
Leaf_Phomopsis_Leaf_Phomopsis_67,MISSING_LABEL,,No label file
Leaf_Phomopsis_Leaf_Phomopsis_68,MISSING_LABEL,,No label file
Leaf_Phomopsis_Leaf_Phomopsis_69,VALID,,
Leaf_Phomopsis_Leaf_Phomopsis_7,MISSING_LABEL,,No label file
Leaf_Phomopsis_Leaf_Phomopsis_70,MISSING_LABEL,,No label file
Leaf_Phomopsis_Leaf_Phomopsis_71,MISSING_LABEL,,No label file
Leaf_Phomopsis_Leaf_Phomopsis_72,MISSING_LABEL,,No label file
Leaf_Phomopsis_Leaf_Phomopsis_73,VALID,,
Leaf_Phomopsis_Leaf_Phomopsis_74,VALID,,
Leaf_Phomopsis_Leaf_Phomopsis_75,MISSING_LABEL,,No label file
Leaf_Phomopsis_Leaf_Phomopsis_76,MISSING_LABEL,,No label file
Leaf_Phomopsis_Leaf_Phomopsis_77,VALID,,
Leaf_Phomopsis_Leaf_Phomopsis_78,MISSING_LABEL,,No label file
Leaf_Phomopsis_Leaf_Phomopsis_79,MISSING_LABEL,,No label file
Leaf_Phomopsis_Leaf_Phomopsis_8,MISSING_LABEL,,No label file
Leaf_Phomopsis_Leaf_Phomopsis_80,MISSING_LABEL,,No label file
Leaf_Phomopsis_Leaf_Phomopsis_81,MISSING_LABEL,,No label file
Leaf_Phomopsis_Leaf_Phomopsis_82,MISSING_LABEL,,No label file
Leaf_Phomopsis_Leaf_Phomopsis_82_jpg.rf.18604c711c04abcc817a82c81aa0e20a,MALFORMED,Invalid part count,3 0.6828125 0 0.7265625 0 0.728125 0.003125 0.734375 0.003125 0.7359375 0.00625 0.7375 0.003125 0.74375 0.003125 0.7453125 0 0.8265625 0 0.828125 0.003125 0.84375 0.003125 0.8453125 0 0.9921875 0 0.99375 0.0046875 0.9984375 0.0078125 0.9984375 0.0484375 0.99375 0.053125 0.99375 0.059375 0.996875 0.0609375 0.9984375 0.06875 0.9984375 0.1171875 0.996875 0.11875 0.996875 0.134375 0.99375 0.1359375 0.99375 0.1546875 0.996875 0.15625 0.9984375 0.1609375 0.9984375 0.23125 0.996875 0.2328125 0.9984375 0.2359375 0.9984375 0.26875 0.996875 0.2703125 0.996875 0.2859375 0.9984375 0.2875 0.9984375 0.3140625 0.996875 0.315625 0.9984375 0.3203125 0.9984375 0.36875 0.996875 0.3703125 0.9984375 0.378125 0.9984375 0.3984375 0.996875 0.4 0.9984375 0.403125 0.9984375 0.4390625 0.996875 0.440625 0.9984375 0.4453125 0.9984375 0.5515625 0.996875 0.55625 0.99375 0.5578125 0.99375 0.58125 0.9921875 0.5828125 0.99375 0.596875 0.996875 0.5984375 0.9984375 0.60625 0.996875 0.6078125 0.9984375 0.6109375 0.996875 0.6640625 0.99375 0.665625 0.99375 0.66875 0.996875 0.6703125 0.996875 0.6734375 0.99375 0.675 0.99375 0.68125 0.996875 0.6828125 0.9984375 0.709375 0.99375 0.721875 0.9984375 0.725 0.9984375 0.7421875 0.996875 0.74375 0.9984375 0.759375 0.9890625 0.765625 0.9890625 0.76875 0.9921875 0.7703125 0.99375 0.7890625 0.996875 0.790625 0.996875 0.796875 0.99375 0.7984375 0.99375 0.821875 0.996875 0.8234375 0.9984375 0.83125 0.9984375 0.8546875 0.996875 0.85625 0.996875 0.8734375 0.99375 0.875 0.99375 0.8859375 0.996875 0.8875 0.996875 0.9046875 0.9984375 0.90625 0.9984375 0.98125 0.996875 0.9828125 0.9984375 0.99375 0.99375 0.99375 0.9921875 0.996875 0.9703125 0.996875 0.96875 0.9984375 0.9609375 0.9984375 0.95625 0.99375 0.9546875 0.996875 0.9125 0.996875 0.90625 0.9875 0.9 0.984375 0.8984375 0.978125 0.8703125 0.9515625 0.86875 0.9453125 0.8625 0.9421875 0.8609375 0.9375 0.853125 0.93125 0.8484375 0.9203125 0.8453125 0.91875 0.84375 0.9109375 0.8375 0.9046875 0.8375 0.9 0.8328125 0.896875 0.828125 0.8859375 0.8203125 0.8796875 0.81875 0.8703125 0.8125 0.8640625 0.8109375 0.85625 0.8078125 0.8546875 0.80625 0.8453125 0.803125 0.84375 0.803125 0.8375 0.8 0.8359375 0.7984375 0.828125 0.7953125 0.8265625 0.7953125 0.8203125 0.79375 0.815625 0.790625 0.8140625 0.790625 0.8078125 0.7875 0.80625 0.7859375 0.7984375 0.7828125 0.796875 0.78125 0.7828125 0.778125 0.78125 0.778125 0.775 0.775 0.7734375 0.775 0.765625 0.7734375 0.7609375 0.7703125 0.759375 0.7703125 0.75 0.76875 0.7453125 0.765625 0.74375 0.765625 0.7359375 0.7625 0.734375 0.7609375 0.7234375 0.7578125 0.721875 0.75625 0.7 0.753125 0.6984375 0.753125 0.690625 0.75 0.6890625 0.7484375 0.6734375 0.7453125 0.671875 0.74375 0.65625 0.740625 0.6546875 0.740625 0.640625 0.7375 0.6390625 0.7359375 0.63125 0.7375 0.625 0.7359375 0.615625 0.7328125 0.6140625 0.73125 0.5953125 0.7234375 0.5859375 0.71875 0.590625 0.7171875 0.60625 0.7140625 0.6078125 0.7140625 0.621875 0.7109375 0.6234375 0.709375 0.6359375 0.709375 0.6515625 0.70625 0.653125 0.70625 0.6640625 0.7046875 0.671875 0.7015625 0.6734375 0.7015625 0.684375 0.6984375 0.6859375 0.696875 0.6984375 0.69375 0.7 0.6921875 0.70625 0.6890625 0.7078125 0.6890625 0.7140625 0.6859375 0.715625 0.684375 0.7296875 0.68125 0.73125 0.6796875 0.7421875 0.6765625 0.74375 0.6765625 0.7484375 0.6734375 0.75 0.671875 0.7796875 0.66875 0.78125 0.6671875 0.7921875 0.6640625 0.79375 0.6640625 0.7984375 0.6609375 0.8 0.659375 0.809375 0.6546875 0.8125 0.6546875 0.8171875 0.646875 0.825 0.646875 0.8296875 0.6421875 0.8328125 0.6421875 0.8390625 0.6375 0.8390625 0.634375 0.8484375 0.63125 0.85 0.6296875 0.88125 0.6265625 0.8828125 0.6265625 0.9015625 0.61875 0.9078125 0.6171875 0.9140625 0.6109375 0.91875 0.609375 0.9265625 0.5984375 0.9359375 0.590625 0.934375 0.5796875 0.921875 0.5625 0.9171875 0.5609375 0.9140625 0.5484375 0.909375 0.546875 0.90625 0.5359375 0.9046875 0.5296875 0.896875 0.525 0.896875 0.5234375 0.8875 0.5171875 0.88125 0.5078125 0.8765625 0.5046875 0.871875 0.4984375 0.871875 0.496875 0.86875 0.49375 0.86875 0.4921875 0.871875 0.4859375 0.871875 0.484375 0.86875 0.48125 0.871875 0.4796875 0.86875 0.475 0.86875 0.4734375 0.871875 0.471875 0.86875 0.45625 0.8671875 0.4515625 0.871875 0.4453125 0.871875 0.44375 0.86875 0.4359375 0.8671875 0.43125 0.871875 0.4234375 0.8734375 0.421875 0.8765625 0.41875 0.8734375 0.4171875 0.8765625 0.4125 0.8765625 0.4109375 0.88125 0.4078125 0.8796875 0.4046875 0.8859375 0.3828125 0.884375 0.38125 0.8734375 0.375 0.871875 0.3703125 0.8671875 0.36875 0.8609375 0.365625 0.859375 0.365625 0.85 0.3625 0.8484375 0.3609375 0.840625 0.3578125 0.8390625 0.35625 0.8234375 0.353125 0.821875 0.353125 0.815625 0.35 0.8140625 0.3484375 0.803125 0.3453125 0.8015625 0.34375 0.7859375 0.3375 0.7796875 0.3375 0.775 0.340625 0.7734375 0.340625 0.7578125 0.3375 0.75625 0.3359375 0.703125 0.3328125 0.7015625 0.3328125 0.690625 0.3359375 0.6890625 0.3328125 0.6859375 0.3359375 0.684375 0.3359375 0.68125 0.3328125 0.6796875 0.3328125 0.675 0.3359375 0.6734375 0.3375 0.6640625 0.3359375 0.653125 0.3328125 0.6515625 0.3328125 0.6 0.3359375 0.5984375 0.3359375 0.5953125 0.3328125 0.59375 0.3328125 0.5859375 0.3359375 0.584375 0.3375 0.5734375 0.3359375 0.5375 0.3375 0.5359375 0.3375 0.5125 0.340625 0.5109375 0.340625 0.5 0.34375 0.4984375 0.3453125 0.4375 0.3484375 0.4359375 0.35 0.415625 0.353125 0.4140625 0.353125 0.3984375 0.35625 0.396875 0.3578125 0.3703125 0.3609375 0.36875 0.3625 0.353125 0.365625 0.3515625 0.365625 0.3453125 0.36875 0.34375 0.3703125 0.33125 0.3734375 0.3296875 0.375 0.3125 0.378125 0.3109375 0.378125 0.30625 0.38125 0.3046875 0.3828125 0.290625 0.3859375 0.2890625 0.3875 0.2734375 0.390625 0.271875 0.390625 0.265625 0.39375 0.2640625 0.3953125 0.25 0.3984375 0.2484375 0.4 0.2359375 0.40625 0.2296875 0.40625 0.2234375 0.4078125 0.21875 0.4109375 0.2171875 0.4109375 0.2109375 0.41875 0.2015625 0.4203125 0.19375 0.4234375 0.1921875 0.425 0.1828125 0.43125 0.1765625 0.4328125 0.1703125 0.4375 0.1671875 0.4375 0.1625 0.44375 0.15625 0.4453125 0.15 0.45625 0.1390625 0.45625 0.1328125 0.4609375 0.1296875 0.4609375 0.125 0.465625 0.121875 0.465625 0.11875 0.4734375 0.1109375 0.4734375 0.1078125 0.490625 0.0921875 0.490625 0.0875 0.496875 0.0859375 0.5 0.078125 0.509375 0.0734375 0.5203125 0.0625 0.5265625 0.0609375 0.5359375 0.053125 0.5421875 0.053125 0.55 0.0453125 0.55625 0.04375 0.5625 0.0375 0.5671875 0.0375 0.5703125 0.0328125 0.5796875 0.03125 0.5859375 0.025 0.6015625 0.0234375 0.60625 0.028125 0.609375 0.028125 0.6171875 0.0359375 0.61875 0.0421875 0.625 0.0484375 0.6296875 0.05 0.6328125 0.05625 0.6390625 0.0578125 0.6546875 0.0734375 0.6609375 0.0859375 0.6609375 0.096875 0.6671875 0.1 0.6703125 0.0765625 0.6703125 0.05625 0.6734375 0.0546875 0.675 0.0234375 0.678125 0.021875 0.678125 0.0078125 0.68125 0.00625 0.6828125 0.0015625
Leaf_Phomopsis_Leaf_Phomopsis_82_jpg.rf.1f5a27c9c5c5040a50599dddb24d67aa,MALFORMED,Invalid part count,3 0.00625 0 0.153125 0 0.1546875 0.003125 0.1703125 0.003125 0.171875 0 0.253125 0 0.2546875 0.003125 0.2609375 0.003125 0.2625 0.00625 0.2640625 0.003125 0.2703125 0.003125 0.271875 0 0.315625 0 0.3171875 0.00625 0.3203125 0.0078125 0.3203125 0.021875 0.3234375 0.0234375 0.325 0.0546875 0.328125 0.05625 0.328125 0.0765625 0.33125 0.1 0.3375 0.096875 0.3375 0.0859375 0.34375 0.0734375 0.359375 0.0578125 0.365625 0.05625 0.36875 0.05 0.3734375 0.0484375 0.3796875 0.0421875 0.38125 0.0359375 0.396875 0.0234375 0.4078125 0.0234375 0.421875 0.0328125 0.428125 0.0328125 0.43125 0.0375 0.4359375 0.0375 0.4421875 0.04375 0.453125 0.0484375 0.45625 0.053125 0.4625 0.053125 0.4640625 0.05625 0.4828125 0.065625 0.4890625 0.0734375 0.4953125 0.075 0.5 0.084375 0.5078125 0.0875 0.5078125 0.0921875 0.525 0.1078125 0.525 0.1109375 0.5328125 0.11875 0.5328125 0.121875 0.5375 0.125 0.5375 0.1296875 0.5421875 0.1328125 0.5421875 0.1390625 0.55 0.1453125 0.5546875 0.15625 0.5609375 0.1625 0.5609375 0.1671875 0.565625 0.1703125 0.5671875 0.1765625 0.5734375 0.1828125 0.575 0.1921875 0.578125 0.19375 0.5796875 0.2015625 0.5875 0.2109375 0.5875 0.2171875 0.590625 0.21875 0.5921875 0.2296875 0.5984375 0.2359375 0.6 0.2484375 0.603125 0.25 0.6046875 0.25625 0.6046875 0.2640625 0.6078125 0.265625 0.6078125 0.271875 0.6109375 0.2734375 0.6125 0.2890625 0.615625 0.290625 0.6171875 0.3046875 0.6203125 0.30625 0.6203125 0.3109375 0.6234375 0.3125 0.625 0.3296875 0.628125 0.33125 0.6296875 0.34375 0.6328125 0.3453125 0.6328125 0.3515625 0.6359375 0.353125 0.6375 0.36875 0.640625 0.3703125 0.6421875 0.396875 0.6453125 0.3984375 0.6453125 0.4140625 0.6484375 0.415625 0.65 0.4359375 0.653125 0.4375 0.6546875 0.4984375 0.6578125 0.5 0.6578125 0.5109375 0.6609375 0.5125 0.6609375 0.5359375 0.6625 0.5375 0.6609375 0.5734375 0.6625 0.584375 0.665625 0.5859375 0.665625 0.59375 0.6625 0.5953125 0.6625 0.5984375 0.665625 0.6 0.665625 0.6515625 0.6625 0.653125 0.6609375 0.6625 0.6625 0.6734375 0.665625 0.675 0.665625 0.6796875 0.6625 0.68125 0.6625 0.684375 0.665625 0.6859375 0.6625 0.6875 0.665625 0.690625 0.665625 0.7015625 0.6625 0.703125 0.6609375 0.75625 0.6578125 0.7578125 0.6578125 0.7734375 0.6609375 0.775 0.6609375 0.7796875 0.6546875 0.7859375 0.653125 0.8015625 0.65 0.803125 0.6484375 0.8140625 0.6453125 0.815625 0.6453125 0.821875 0.6421875 0.8234375 0.640625 0.8390625 0.6375 0.840625 0.6359375 0.8484375 0.6328125 0.85 0.6328125 0.859375 0.6296875 0.8609375 0.628125 0.8671875 0.6234375 0.871875 0.6171875 0.8734375 0.615625 0.884375 0.59375 0.8859375 0.5921875 0.88125 0.590625 0.8796875 0.5875 0.88125 0.5859375 0.8765625 0.58125 0.8765625 0.5796875 0.8734375 0.5765625 0.8765625 0.575 0.8734375 0.5671875 0.871875 0.5625 0.8671875 0.5546875 0.86875 0.553125 0.871875 0.546875 0.871875 0.5421875 0.8671875 0.5265625 0.86875 0.525 0.871875 0.5234375 0.86875 0.51875 0.86875 0.5171875 0.871875 0.515625 0.86875 0.5125 0.871875 0.50625 0.871875 0.5046875 0.86875 0.5015625 0.86875 0.5 0.871875 0.49375 0.871875 0.490625 0.8765625 0.48125 0.88125 0.475 0.8875 0.4734375 0.896875 0.46875 0.896875 0.4625 0.9046875 0.4515625 0.90625 0.45 0.909375 0.4421875 0.9109375 0.4359375 0.9171875 0.41875 0.921875 0.4078125 0.934375 0.403125 0.9359375 0.396875 0.934375 0.3890625 0.9265625 0.3875 0.91875 0.38125 0.9140625 0.3796875 0.9078125 0.371875 0.9015625 0.371875 0.8828125 0.36875 0.88125 0.3671875 0.85 0.3640625 0.8484375 0.3625 0.840625 0.35625 0.8390625 0.35625 0.8328125 0.3515625 0.8296875 0.3515625 0.825 0.346875 0.821875 0.346875 0.81875 0.34375 0.8171875 0.34375 0.8125 0.3390625 0.809375 0.3375 0.8 0.334375 0.7984375 0.334375 0.79375 0.33125 0.7921875 0.3296875 0.78125 0.3265625 0.7796875 0.325 0.75 0.321875 0.7484375 0.321875 0.74375 0.31875 0.7421875 0.3171875 0.73125 0.3140625 0.7296875 0.3125 0.715625 0.309375 0.7140625 0.309375 0.7078125 0.3015625 0.6984375 0.3015625 0.690625 0.3 0.6859375 0.296875 0.684375 0.296875 0.6734375 0.29375 0.671875 0.2921875 0.653125 0.2890625 0.6515625 0.2890625 0.6359375 0.2875 0.6234375 0.284375 0.621875 0.284375 0.6078125 0.28125 0.60625 0.2796875 0.590625 0.275 0.5859375 0.2671875 0.5953125 0.265625 0.6140625 0.2625 0.615625 0.2609375 0.625 0.2625 0.628125 0.2609375 0.6390625 0.2578125 0.640625 0.2578125 0.6546875 0.2546875 0.65625 0.2546875 0.6640625 0.253125 0.671875 0.25 0.6734375 0.2484375 0.6890625 0.2453125 0.690625 0.2453125 0.6984375 0.2421875 0.7 0.240625 0.721875 0.2375 0.7234375 0.2359375 0.734375 0.2328125 0.7359375 0.2328125 0.74375 0.2296875 0.7453125 0.228125 0.75 0.228125 0.759375 0.225 0.7609375 0.2234375 0.7734375 0.2203125 0.775 0.2203125 0.78125 0.2171875 0.7828125 0.215625 0.796875 0.2125 0.7984375 0.2109375 0.80625 0.2078125 0.8078125 0.2078125 0.8140625 0.2046875 0.815625 0.203125 0.8265625 0.2 0.828125 0.1984375 0.8359375 0.1953125 0.8375 0.1953125 0.84375 0.1921875 0.8453125 0.190625 0.8546875 0.1875 0.85625 0.1859375 0.8640625 0.1796875 0.8703125 0.178125 0.8796875 0.1703125 0.8859375 0.165625 0.896875 0.1609375 0.9 0.1609375 0.9046875 0.1546875 0.9109375 0.153125 0.91875 0.15 0.9203125 0.1453125 0.93125 0.1375 0.9375 0.1359375 0.9421875 0.1296875 0.9453125 0.128125 0.9515625 0.1 0.978125 0.0984375 0.984375 0.09375 0.9859375 0.0859375 0.996875 0.04375 0.996875 0.0421875 0.99375 0.0375 0.9984375 0.0296875 0.9984375 0.028125 0.996875 0.00625 0.996875 0.0046875 0.99375 0 0.99375 0.0015625 0.9859375 0 0.98125 0 0.90625 0.0015625 0.9046875 0.0015625 0.8875 0.0046875 0.8859375 0.0046875 0.875 0.0015625 0.8734375 0.0015625 0.85625 0 0.8546875 0 0.83125 0.0015625 0.8234375 0.0046875 0.821875 0.0046875 0.7984375 0.0015625 0.796875 0.0015625 0.790625 0.0046875 0.7890625 0.00625 0.7703125 0.009375 0.76875 0.00625 0.7625 0 0.759375 0.0015625 0.74375 0 0.7421875 0 0.725 0.0046875 0.721875 0 0.709375 0.0015625 0.6828125 0.0046875 0.68125 0.0046875 0.675 0.0015625 0.6734375 0.0046875 0.665625 0.0015625 0.6640625 0.0015625 0.640625 0 0.6390625 0.0015625 0.6078125 0 0.60625 0.0015625 0.5984375 0.0046875 0.596875 0.00625 0.584375 0.0046875 0.5578125 0.0015625 0.55625 0 0.5515625 0 0.4453125 0.0015625 0.44375 0 0.4390625 0 0.403125 0.0015625 0.4015625 0 0.3984375 0 0.378125 0.0015625 0.3765625 0 0.36875 0 0.3203125 0.0015625 0.31875 0 0.3140625 0 0.2875 0.0015625 0.2859375 0 0.1609375 0.0015625 0.15625 0.0046875 0.1546875 0.0046875 0.1359375 0.0015625 0.134375 0.0015625 0.11875 0 0.1171875 0 0.06875 0.0015625 0.0609375 0.0046875 0.059375 0.0046875 0.053125 0 0.0484375 0 0.0078125 0.00625 0.0015625
Leaf_Phomopsis_Leaf_Phomopsis_82_jpg.rf.e7cb80d4cadd05487394776aaad28663,MALFORMED,Invalid part count,3 0.6828125 0 0.7265625 0 0.728125 0.003125 0.734375 0.003125 0.7359375 0.00625 0.7375 0.003125 0.74375 0.003125 0.7453125 0 0.8265625 0 0.828125 0.003125 0.84375 0.003125 0.8453125 0 0.9921875 0 0.99375 0.0046875 0.9984375 0.0078125 0.9984375 0.0484375 0.99375 0.053125 0.99375 0.059375 0.996875 0.0609375 0.9984375 0.06875 0.9984375 0.1171875 0.996875 0.11875 0.996875 0.134375 0.99375 0.1359375 0.99375 0.1546875 0.996875 0.15625 0.9984375 0.1609375 0.9984375 0.23125 0.996875 0.2328125 0.9984375 0.2359375 0.9984375 0.26875 0.996875 0.2703125 0.996875 0.2859375 0.9984375 0.2875 0.9984375 0.3140625 0.996875 0.315625 0.9984375 0.3203125 0.9984375 0.36875 0.996875 0.3703125 0.9984375 0.378125 0.9984375 0.3984375 0.996875 0.4 0.9984375 0.403125 0.9984375 0.4390625 0.996875 0.440625 0.9984375 0.4453125 0.9984375 0.5515625 0.996875 0.55625 0.99375 0.5578125 0.99375 0.58125 0.9921875 0.5828125 0.99375 0.596875 0.996875 0.5984375 0.9984375 0.60625 0.996875 0.6078125 0.9984375 0.6109375 0.996875 0.6640625 0.99375 0.665625 0.99375 0.66875 0.996875 0.6703125 0.996875 0.6734375 0.99375 0.675 0.99375 0.68125 0.996875 0.6828125 0.9984375 0.709375 0.99375 0.721875 0.9984375 0.725 0.9984375 0.7421875 0.996875 0.74375 0.9984375 0.759375 0.9890625 0.765625 0.9890625 0.76875 0.9921875 0.7703125 0.99375 0.7890625 0.996875 0.790625 0.996875 0.796875 0.99375 0.7984375 0.99375 0.821875 0.996875 0.8234375 0.9984375 0.83125 0.9984375 0.8546875 0.996875 0.85625 0.996875 0.8734375 0.99375 0.875 0.99375 0.8859375 0.996875 0.8875 0.996875 0.9046875 0.9984375 0.90625 0.9984375 0.98125 0.996875 0.9828125 0.9984375 0.99375 0.99375 0.99375 0.9921875 0.996875 0.9703125 0.996875 0.96875 0.9984375 0.9609375 0.9984375 0.95625 0.99375 0.9546875 0.996875 0.9125 0.996875 0.90625 0.9875 0.9 0.984375 0.8984375 0.978125 0.8703125 0.9515625 0.86875 0.9453125 0.8625 0.9421875 0.8609375 0.9375 0.853125 0.93125 0.8484375 0.9203125 0.8453125 0.91875 0.84375 0.9109375 0.8375 0.9046875 0.8375 0.9 0.8328125 0.896875 0.828125 0.8859375 0.8203125 0.8796875 0.81875 0.8703125 0.8125 0.8640625 0.8109375 0.85625 0.8078125 0.8546875 0.80625 0.8453125 0.803125 0.84375 0.803125 0.8375 0.8 0.8359375 0.7984375 0.828125 0.7953125 0.8265625 0.7953125 0.8203125 0.79375 0.815625 0.790625 0.8140625 0.790625 0.8078125 0.7875 0.80625 0.7859375 0.7984375 0.7828125 0.796875 0.78125 0.7828125 0.778125 0.78125 0.778125 0.775 0.775 0.7734375 0.775 0.765625 0.7734375 0.7609375 0.7703125 0.759375 0.7703125 0.75 0.76875 0.7453125 0.765625 0.74375 0.765625 0.7359375 0.7625 0.734375 0.7609375 0.7234375 0.7578125 0.721875 0.75625 0.7 0.753125 0.6984375 0.753125 0.690625 0.75 0.6890625 0.7484375 0.6734375 0.7453125 0.671875 0.74375 0.65625 0.740625 0.6546875 0.740625 0.640625 0.7375 0.6390625 0.7359375 0.63125 0.7375 0.625 0.7359375 0.615625 0.7328125 0.6140625 0.73125 0.5953125 0.7234375 0.5859375 0.71875 0.590625 0.7171875 0.60625 0.7140625 0.6078125 0.7140625 0.621875 0.7109375 0.6234375 0.709375 0.6359375 0.709375 0.6515625 0.70625 0.653125 0.70625 0.6640625 0.7046875 0.671875 0.7015625 0.6734375 0.7015625 0.684375 0.6984375 0.6859375 0.696875 0.6984375 0.69375 0.7 0.6921875 0.70625 0.6890625 0.7078125 0.6890625 0.7140625 0.6859375 0.715625 0.684375 0.7296875 0.68125 0.73125 0.6796875 0.7421875 0.6765625 0.74375 0.6765625 0.7484375 0.6734375 0.75 0.671875 0.7796875 0.66875 0.78125 0.6671875 0.7921875 0.6640625 0.79375 0.6640625 0.7984375 0.6609375 0.8 0.659375 0.809375 0.6546875 0.8125 0.6546875 0.8171875 0.646875 0.825 0.646875 0.8296875 0.6421875 0.8328125 0.6421875 0.8390625 0.6375 0.8390625 0.634375 0.8484375 0.63125 0.85 0.6296875 0.88125 0.6265625 0.8828125 0.6265625 0.9015625 0.61875 0.9078125 0.6171875 0.9140625 0.6109375 0.91875 0.609375 0.9265625 0.5984375 0.9359375 0.590625 0.934375 0.5796875 0.921875 0.5625 0.9171875 0.5609375 0.9140625 0.5484375 0.909375 0.546875 0.90625 0.5359375 0.9046875 0.5296875 0.896875 0.525 0.896875 0.5234375 0.8875 0.5171875 0.88125 0.5078125 0.8765625 0.5046875 0.871875 0.4984375 0.871875 0.496875 0.86875 0.49375 0.86875 0.4921875 0.871875 0.4859375 0.871875 0.484375 0.86875 0.48125 0.871875 0.4796875 0.86875 0.475 0.86875 0.4734375 0.871875 0.471875 0.86875 0.45625 0.8671875 0.4515625 0.871875 0.4453125 0.871875 0.44375 0.86875 0.4359375 0.8671875 0.43125 0.871875 0.4234375 0.8734375 0.421875 0.8765625 0.41875 0.8734375 0.4171875 0.8765625 0.4125 0.8765625 0.4109375 0.88125 0.4078125 0.8796875 0.4046875 0.8859375 0.3828125 0.884375 0.38125 0.8734375 0.375 0.871875 0.3703125 0.8671875 0.36875 0.8609375 0.365625 0.859375 0.365625 0.85 0.3625 0.8484375 0.3609375 0.840625 0.3578125 0.8390625 0.35625 0.8234375 0.353125 0.821875 0.353125 0.815625 0.35 0.8140625 0.3484375 0.803125 0.3453125 0.8015625 0.34375 0.7859375 0.3375 0.7796875 0.3375 0.775 0.340625 0.7734375 0.340625 0.7578125 0.3375 0.75625 0.3359375 0.703125 0.3328125 0.7015625 0.3328125 0.690625 0.3359375 0.6890625 0.3328125 0.6859375 0.3359375 0.684375 0.3359375 0.68125 0.3328125 0.6796875 0.3328125 0.675 0.3359375 0.6734375 0.3375 0.6640625 0.3359375 0.653125 0.3328125 0.6515625 0.3328125 0.6 0.3359375 0.5984375 0.3359375 0.5953125 0.3328125 0.59375 0.3328125 0.5859375 0.3359375 0.584375 0.3375 0.5734375 0.3359375 0.5375 0.3375 0.5359375 0.3375 0.5125 0.340625 0.5109375 0.340625 0.5 0.34375 0.4984375 0.3453125 0.4375 0.3484375 0.4359375 0.35 0.415625 0.353125 0.4140625 0.353125 0.3984375 0.35625 0.396875 0.3578125 0.3703125 0.3609375 0.36875 0.3625 0.353125 0.365625 0.3515625 0.365625 0.3453125 0.36875 0.34375 0.3703125 0.33125 0.3734375 0.3296875 0.375 0.3125 0.378125 0.3109375 0.378125 0.30625 0.38125 0.3046875 0.3828125 0.290625 0.3859375 0.2890625 0.3875 0.2734375 0.390625 0.271875 0.390625 0.265625 0.39375 0.2640625 0.3953125 0.25 0.3984375 0.2484375 0.4 0.2359375 0.40625 0.2296875 0.40625 0.2234375 0.4078125 0.21875 0.4109375 0.2171875 0.4109375 0.2109375 0.41875 0.2015625 0.4203125 0.19375 0.4234375 0.1921875 0.425 0.1828125 0.43125 0.1765625 0.4328125 0.1703125 0.4375 0.1671875 0.4375 0.1625 0.44375 0.15625 0.4453125 0.15 0.45625 0.1390625 0.45625 0.1328125 0.4609375 0.1296875 0.4609375 0.125 0.465625 0.121875 0.465625 0.11875 0.4734375 0.1109375 0.4734375 0.1078125 0.490625 0.0921875 0.490625 0.0875 0.496875 0.0859375 0.5 0.078125 0.509375 0.0734375 0.5203125 0.0625 0.5265625 0.0609375 0.5359375 0.053125 0.5421875 0.053125 0.55 0.0453125 0.55625 0.04375 0.5625 0.0375 0.5671875 0.0375 0.5703125 0.0328125 0.5796875 0.03125 0.5859375 0.025 0.6015625 0.0234375 0.60625 0.028125 0.609375 0.028125 0.6171875 0.0359375 0.61875 0.0421875 0.625 0.0484375 0.6296875 0.05 0.6328125 0.05625 0.6390625 0.0578125 0.6546875 0.0734375 0.6609375 0.0859375 0.6609375 0.096875 0.6671875 0.1 0.6703125 0.0765625 0.6703125 0.05625 0.6734375 0.0546875 0.675 0.0234375 0.678125 0.021875 0.678125 0.0078125 0.68125 0.00625 0.6828125 0.0015625
Leaf_Phomopsis_Leaf_Phomopsis_83,MISSING_LABEL,,No label file
Leaf_Phomopsis_Leaf_Phomopsis_84,MISSING_LABEL,,No label file
Leaf_Phomopsis_Leaf_Phomopsis_85,MISSING_LABEL,,No label file
Leaf_Phomopsis_Leaf_Phomopsis_86,MISSING_LABEL,,No label file
Leaf_Phomopsis_Leaf_Phomopsis_87,VALID,,
Leaf_Phomopsis_Leaf_Phomopsis_88,MISSING_LABEL,,No label file
Leaf_Phomopsis_Leaf_Phomopsis_89,VALID,,
Leaf_Phomopsis_Leaf_Phomopsis_9,MISSING_LABEL,,No label file
Leaf_Phomopsis_Leaf_Phomopsis_90,MISSING_LABEL,,No label file
Leaf_Phomopsis_Leaf_Phomopsis_91,MISSING_LABEL,,No label file
Leaf_Phomopsis_Leaf_Phomopsis_92,MISSING_LABEL,,No label file
Leaf_Phomopsis_Leaf_Phomopsis_93,MISSING_LABEL,,No label file
Leaf_Phomopsis_Leaf_Phomopsis_94,MISSING_LABEL,,No label file
Leaf_Phomopsis_Leaf_Phomopsis_95,MISSING_LABEL,,No label file
Leaf_Phomopsis_Leaf_Phomopsis_96,MISSING_LABEL,,No label file
Leaf_Phomopsis_Leaf_Phomopsis_97,MISSING_LABEL,,No label file
Leaf_Phomopsis_Leaf_Phomopsis_98,MISSING_LABEL,,No label file
Leaf_Phomopsis_Leaf_Phomopsis_99,MISSING_LABEL,,No label file
Leaf_Rhizoctonia_Leaf_Rhizoctonia_1,MISSING_LABEL,,No label file
Leaf_Rhizoctonia_Leaf_Rhizoctonia_10,MISSING_LABEL,,No label file
Leaf_Rhizoctonia_Leaf_Rhizoctonia_100,MISSING_LABEL,,No label file
Leaf_Rhizoctonia_Leaf_Rhizoctonia_101,MISSING_LABEL,,No label file
Leaf_Rhizoctonia_Leaf_Rhizoctonia_102,MISSING_LABEL,,No label file
Leaf_Rhizoctonia_Leaf_Rhizoctonia_103,MISSING_LABEL,,No label file
Leaf_Rhizoctonia_Leaf_Rhizoctonia_104,MISSING_LABEL,,No label file
Leaf_Rhizoctonia_Leaf_Rhizoctonia_105,MISSING_LABEL,,No label file
Leaf_Rhizoctonia_Leaf_Rhizoctonia_106,MISSING_LABEL,,No label file
Leaf_Rhizoctonia_Leaf_Rhizoctonia_107,MISSING_LABEL,,No label file
Leaf_Rhizoctonia_Leaf_Rhizoctonia_108,MISSING_LABEL,,No label file
Leaf_Rhizoctonia_Leaf_Rhizoctonia_109,MISSING_LABEL,,No label file
Leaf_Rhizoctonia_Leaf_Rhizoctonia_11,MISSING_LABEL,,No label file
Leaf_Rhizoctonia_Leaf_Rhizoctonia_110,MISSING_LABEL,,No label file
Leaf_Rhizoctonia_Leaf_Rhizoctonia_111,MISSING_LABEL,,No label file
Leaf_Rhizoctonia_Leaf_Rhizoctonia_112,MISSING_LABEL,,No label file
Leaf_Rhizoctonia_Leaf_Rhizoctonia_113,MISSING_LABEL,,No label file
Leaf_Rhizoctonia_Leaf_Rhizoctonia_114,MISSING_LABEL,,No label file
Leaf_Rhizoctonia_Leaf_Rhizoctonia_115,MISSING_LABEL,,No label file
Leaf_Rhizoctonia_Leaf_Rhizoctonia_116,MISSING_LABEL,,No label file
Leaf_Rhizoctonia_Leaf_Rhizoctonia_117,MISSING_LABEL,,No label file
Leaf_Rhizoctonia_Leaf_Rhizoctonia_118,MISSING_LABEL,,No label file
Leaf_Rhizoctonia_Leaf_Rhizoctonia_119,MISSING_LABEL,,No label file
Leaf_Rhizoctonia_Leaf_Rhizoctonia_12,MISSING_LABEL,,No label file
Leaf_Rhizoctonia_Leaf_Rhizoctonia_120,MISSING_LABEL,,No label file
Leaf_Rhizoctonia_Leaf_Rhizoctonia_121,MISSING_LABEL,,No label file
Leaf_Rhizoctonia_Leaf_Rhizoctonia_122,MISSING_LABEL,,No label file
Leaf_Rhizoctonia_Leaf_Rhizoctonia_123,MISSING_LABEL,,No label file
Leaf_Rhizoctonia_Leaf_Rhizoctonia_124,VALID,,
Leaf_Rhizoctonia_Leaf_Rhizoctonia_125,MISSING_LABEL,,No label file
Leaf_Rhizoctonia_Leaf_Rhizoctonia_126,MISSING_LABEL,,No label file
Leaf_Rhizoctonia_Leaf_Rhizoctonia_126_jpg.rf.67609adab3593924a5b11d3ca0d85124,MALFORMED,Invalid part count,3 0.00625 0 0.0109375 0 0.0125 0.003125 0.0171875 0.003125 0.01875 0 0.0390625 0 0.0453125 0.00625 0.0546875 0.0078125 0.0625 0.015625 0.0671875 0.015625 0.0828125 0.03125 0.096875 0.0375 0.103125 0.04375 0.109375 0.0453125 0.1109375 0.0484375 0.11875 0.05 0.1234375 0.05625 0.134375 0.0609375 0.140625 0.0734375 0.159375 0.0828125 0.1703125 0.09375 0.184375 0.1 0.1859375 0.1046875 0.1921875 0.1078125 0.2 0.11875 0.2046875 0.1203125 0.2078125 0.125 0.2109375 0.125 0.2125 0.13125 0.221875 0.1328125 0.2359375 0.1484375 0.2421875 0.15 0.24375 0.1546875 0.25 0.1609375 0.2546875 0.1625 0.2609375 0.1734375 0.2671875 0.175 0.26875 0.1796875 0.275 0.1859375 0.28125 0.1875 0.2953125 0.203125 0.2984375 0.203125 0.3015625 0.2109375 0.30625 0.2125 0.30625 0.2171875 0.3140625 0.225 0.3140625 0.234375 0.3171875 0.2359375 0.31875 0.25 0.3171875 0.2640625 0.3109375 0.2703125 0.309375 0.284375 0.3109375 0.2890625 0.3140625 0.290625 0.3140625 0.2984375 0.3171875 0.3 0.3171875 0.30625 0.3234375 0.315625 0.3296875 0.315625 0.33125 0.31875 0.3328125 0.315625 0.3515625 0.315625 0.353125 0.31875 0.3609375 0.3203125 0.3640625 0.3265625 0.371875 0.3328125 0.371875 0.3359375 0.3765625 0.3375 0.3765625 0.3421875 0.3796875 0.34375 0.38125 0.3484375 0.384375 0.3453125 0.3859375 0.3484375 0.3921875 0.3484375 0.396875 0.35 0.3984375 0.353125 0.4046875 0.353125 0.415625 0.36875 0.4265625 0.3703125 0.428125 0.3734375 0.434375 0.375 0.4359375 0.3796875 0.4421875 0.3828125 0.44375 0.3859375 0.4515625 0.3875 0.4578125 0.39375 0.4671875 0.3953125 0.46875 0.3984375 0.4765625 0.4 0.4859375 0.4109375 0.4921875 0.4125 0.496875 0.421875 0.503125 0.428125 0.5109375 0.428125 0.5125 0.43125 0.5171875 0.43125 0.5203125 0.4359375 0.5296875 0.4375 0.53125 0.440625 0.5484375 0.4453125 0.55 0.4484375 0.5546875 0.45 0.559375 0.459375 0.5671875 0.465625 0.5734375 0.4796875 0.5796875 0.4828125 0.5859375 0.496875 0.5921875 0.5 0.5921875 0.5046875 0.596875 0.5078125 0.5984375 0.5171875 0.609375 0.525 0.6140625 0.534375 0.6265625 0.5453125 0.6265625 0.5484375 0.6390625 0.5609375 0.6390625 0.5640625 0.659375 0.5828125 0.6609375 0.5890625 0.6671875 0.59375 0.6671875 0.596875 0.671875 0.6 0.6734375 0.6046875 0.6796875 0.6078125 0.6890625 0.61875 0.6890625 0.621875 0.709375 0.640625 0.7109375 0.646875 0.7171875 0.65 0.71875 0.6546875 0.7265625 0.6609375 0.7265625 0.6640625 0.734375 0.6703125 0.7359375 0.6765625 0.746875 0.6859375 0.7484375 0.6921875 0.75625 0.7 0.75625 0.7046875 0.7625 0.7109375 0.7671875 0.7125 0.7671875 0.7171875 0.7796875 0.728125 0.78125 0.734375 0.7859375 0.7375 0.7859375 0.7421875 0.7921875 0.7453125 0.7984375 0.759375 0.8046875 0.7625 0.8109375 0.7765625 0.8171875 0.78125 0.81875 0.7890625 0.8296875 0.7984375 0.8359375 0.8109375 0.846875 0.8203125 0.8484375 0.8296875 0.8546875 0.8328125 0.85625 0.8390625 0.8640625 0.8453125 0.86875 0.85625 0.8765625 0.8625 0.8765625 0.8671875 0.8859375 0.875 0.8859375 0.8796875 0.8921875 0.8828125 0.8921875 0.8890625 0.8984375 0.9015625 0.90625 0.9078125 0.90625 0.9109375 0.909375 0.9125 0.909375 0.9171875 0.9140625 0.9203125 0.9140625 0.9234375 0.921875 0.93125 0.9234375 0.9390625 0.934375 0.95 0.934375 0.9546875 0.9390625 0.9578125 0.9390625 0.9609375 0.9421875 0.9625 0.9421875 0.9671875 0.946875 0.9703125 0.9484375 0.9765625 0.9515625 0.978125 0.95625 0.9890625 0.959375 0.990625 0.959375 0.996875 0.9515625 0.9984375 0.6703125 0.9984375 0.66875 0.996875 0.628125 0.996875 0.6265625 0.9984375 0.621875 0.996875 0.60625 0.996875 0.6046875 0.9984375 0.5984375 0.996875 0.596875 0.9984375 0.540625 0.9984375 0.5390625 0.996875 0.5265625 0.9984375 0.5234375 0.996875 0.5109375 0.9984375 0.509375 0.996875 0.5046875 0.9984375 0.44375 0.9984375 0.4421875 0.996875 0.4359375 0.9984375 0.434375 0.996875 0.3953125 0.996875 0.39375 0.9984375 0.378125 0.9984375 0.3765625 0.996875 0.3734375 0.9984375 0.35 0.9984375 0.3484375 0.996875 0.346875 0.9984375 0.1359375 0.9984375 0.134375 0.996875 0.1296875 0.9984375 0.05625 0.9984375 0.0546875 0.996875 0.003125 0.9984375 0 0.996875 0 0.3359375 0.003125 0.334375 0.003125 0.33125 0 0.3296875 0 0.3203125 0.003125 0.31875 0 0.3171875 0 0.1109375 0.003125 0.109375 0 0.10625 0 0.003125 0.00625 0.0015625
Leaf_Rhizoctonia_Leaf_Rhizoctonia_126_jpg.rf.906db9f6a7337ab69c190495e0dcefd1,MALFORMED,Invalid part count,3 0.00625 0 0.0109375 0 0.0125 0.003125 0.0171875 0.003125 0.01875 0 0.0390625 0 0.0453125 0.00625 0.0546875 0.0078125 0.0625 0.015625 0.0671875 0.015625 0.0828125 0.03125 0.096875 0.0375 0.103125 0.04375 0.109375 0.0453125 0.1109375 0.0484375 0.11875 0.05 0.1234375 0.05625 0.134375 0.0609375 0.140625 0.0734375 0.159375 0.0828125 0.1703125 0.09375 0.184375 0.1 0.1859375 0.1046875 0.1921875 0.1078125 0.2 0.11875 0.2046875 0.1203125 0.2078125 0.125 0.2109375 0.125 0.2125 0.13125 0.221875 0.1328125 0.2359375 0.1484375 0.2421875 0.15 0.24375 0.1546875 0.25 0.1609375 0.2546875 0.1625 0.2609375 0.1734375 0.2671875 0.175 0.26875 0.1796875 0.275 0.1859375 0.28125 0.1875 0.2953125 0.203125 0.2984375 0.203125 0.3015625 0.2109375 0.30625 0.2125 0.30625 0.2171875 0.3140625 0.225 0.3140625 0.234375 0.3171875 0.2359375 0.31875 0.25 0.3171875 0.2640625 0.3109375 0.2703125 0.309375 0.284375 0.3109375 0.2890625 0.3140625 0.290625 0.3140625 0.2984375 0.3171875 0.3 0.3171875 0.30625 0.3234375 0.315625 0.3296875 0.315625 0.33125 0.31875 0.3328125 0.315625 0.3515625 0.315625 0.353125 0.31875 0.3609375 0.3203125 0.3640625 0.3265625 0.371875 0.3328125 0.371875 0.3359375 0.3765625 0.3375 0.3765625 0.3421875 0.3796875 0.34375 0.38125 0.3484375 0.384375 0.3453125 0.3859375 0.3484375 0.3921875 0.3484375 0.396875 0.35 0.3984375 0.353125 0.4046875 0.353125 0.415625 0.36875 0.4265625 0.3703125 0.428125 0.3734375 0.434375 0.375 0.4359375 0.3796875 0.4421875 0.3828125 0.44375 0.3859375 0.4515625 0.3875 0.4578125 0.39375 0.4671875 0.3953125 0.46875 0.3984375 0.4765625 0.4 0.4859375 0.4109375 0.4921875 0.4125 0.496875 0.421875 0.503125 0.428125 0.5109375 0.428125 0.5125 0.43125 0.5171875 0.43125 0.5203125 0.4359375 0.5296875 0.4375 0.53125 0.440625 0.5484375 0.4453125 0.55 0.4484375 0.5546875 0.45 0.559375 0.459375 0.5671875 0.465625 0.5734375 0.4796875 0.5796875 0.4828125 0.5859375 0.496875 0.5921875 0.5 0.5921875 0.5046875 0.596875 0.5078125 0.5984375 0.5171875 0.609375 0.525 0.6140625 0.534375 0.6265625 0.5453125 0.6265625 0.5484375 0.6390625 0.5609375 0.6390625 0.5640625 0.659375 0.5828125 0.6609375 0.5890625 0.6671875 0.59375 0.6671875 0.596875 0.671875 0.6 0.6734375 0.6046875 0.6796875 0.6078125 0.6890625 0.61875 0.6890625 0.621875 0.709375 0.640625 0.7109375 0.646875 0.7171875 0.65 0.71875 0.6546875 0.7265625 0.6609375 0.7265625 0.6640625 0.734375 0.6703125 0.7359375 0.6765625 0.746875 0.6859375 0.7484375 0.6921875 0.75625 0.7 0.75625 0.7046875 0.7625 0.7109375 0.7671875 0.7125 0.7671875 0.7171875 0.7796875 0.728125 0.78125 0.734375 0.7859375 0.7375 0.7859375 0.7421875 0.7921875 0.7453125 0.7984375 0.759375 0.8046875 0.7625 0.8109375 0.7765625 0.8171875 0.78125 0.81875 0.7890625 0.8296875 0.7984375 0.8359375 0.8109375 0.846875 0.8203125 0.8484375 0.8296875 0.8546875 0.8328125 0.85625 0.8390625 0.8640625 0.8453125 0.86875 0.85625 0.8765625 0.8625 0.8765625 0.8671875 0.8859375 0.875 0.8859375 0.8796875 0.8921875 0.8828125 0.8921875 0.8890625 0.8984375 0.9015625 0.90625 0.9078125 0.90625 0.9109375 0.909375 0.9125 0.909375 0.9171875 0.9140625 0.9203125 0.9140625 0.9234375 0.921875 0.93125 0.9234375 0.9390625 0.934375 0.95 0.934375 0.9546875 0.9390625 0.9578125 0.9390625 0.9609375 0.9421875 0.9625 0.9421875 0.9671875 0.946875 0.9703125 0.9484375 0.9765625 0.9515625 0.978125 0.95625 0.9890625 0.959375 0.990625 0.959375 0.996875 0.9515625 0.9984375 0.6703125 0.9984375 0.66875 0.996875 0.628125 0.996875 0.6265625 0.9984375 0.621875 0.996875 0.60625 0.996875 0.6046875 0.9984375 0.5984375 0.996875 0.596875 0.9984375 0.540625 0.9984375 0.5390625 0.996875 0.5265625 0.9984375 0.5234375 0.996875 0.5109375 0.9984375 0.509375 0.996875 0.5046875 0.9984375 0.44375 0.9984375 0.4421875 0.996875 0.4359375 0.9984375 0.434375 0.996875 0.3953125 0.996875 0.39375 0.9984375 0.378125 0.9984375 0.3765625 0.996875 0.3734375 0.9984375 0.35 0.9984375 0.3484375 0.996875 0.346875 0.9984375 0.1359375 0.9984375 0.134375 0.996875 0.1296875 0.9984375 0.05625 0.9984375 0.0546875 0.996875 0.003125 0.9984375 0 0.996875 0 0.3359375 0.003125 0.334375 0.003125 0.33125 0 0.3296875 0 0.3203125 0.003125 0.31875 0 0.3171875 0 0.1109375 0.003125 0.109375 0 0.10625 0 0.003125 0.00625 0.0015625
Leaf_Rhizoctonia_Leaf_Rhizoctonia_126_jpg.rf.ea4e4dd8c6c6bacc0b6ebdfbbdaa0a73,MALFORMED,Invalid part count,3 0.959375 0 0.9796875 0 0.98125 0.003125 0.9921875 0 0.99375 0.003125 0.9984375 0.003125 0.9984375 0.10625 0.9953125 0.1078125 0.9984375 0.1109375 0.9984375 0.3171875 0.9953125 0.31875 0.9984375 0.3203125 0.9984375 0.3296875 0.9953125 0.33125 0.9953125 0.334375 0.9984375 0.3359375 0.9984375 0.996875 0.9953125 0.9984375 0.95 0.9984375 0.9484375 0.996875 0.9421875 0.9984375 0.86875 0.9984375 0.8671875 0.996875 0.8625 0.9984375 0.6515625 0.9984375 0.65 0.996875 0.6484375 0.9984375 0.625 0.9984375 0.6234375 0.996875 0.6203125 0.9984375 0.6046875 0.9984375 0.603125 0.996875 0.5640625 0.996875 0.5625 0.9984375 0.5609375 0.996875 0.5546875 0.9984375 0.49375 0.9984375 0.4921875 0.996875 0.4875 0.9984375 0.4859375 0.996875 0.4734375 0.9984375 0.4703125 0.996875 0.4578125 0.9984375 0.4015625 0.9984375 0.4 0.996875 0.3984375 0.9984375 0.3921875 0.996875 0.3765625 0.996875 0.375 0.9984375 0.3703125 0.996875 0.046875 0.9984375 0.0390625 0.996875 0.0390625 0.990625 0.0421875 0.9890625 0.04375 0.9828125 0.05 0.9765625 0.0515625 0.9703125 0.05625 0.9671875 0.05625 0.9625 0.059375 0.9609375 0.059375 0.9578125 0.0640625 0.9546875 0.0640625 0.95 0.071875 0.94375 0.0765625 0.93125 0.0796875 0.9296875 0.084375 0.9203125 0.0890625 0.9171875 0.0890625 0.9125 0.0921875 0.9109375 0.0921875 0.9078125 0.1 0.9015625 0.1015625 0.8953125 0.1046875 0.89375 0.10625 0.8828125 0.1125 0.8796875 0.1125 0.875 0.121875 0.8671875 0.121875 0.8625 0.1296875 0.85625 0.134375 0.8453125 0.1421875 0.8390625 0.14375 0.8328125 0.15 0.8296875 0.1515625 0.8203125 0.1625 0.8109375 0.16875 0.7984375 0.1796875 0.7890625 0.18125 0.78125 0.1875 0.7765625 0.19375 0.7625 0.2 0.759375 0.20625 0.7453125 0.2125 0.7421875 0.2125 0.7375 0.2171875 0.734375 0.21875 0.728125 0.23125 0.7171875 0.23125 0.7125 0.2359375 0.7109375 0.2421875 0.7046875 0.2421875 0.7 0.246875 0.696875 0.2515625 0.6859375 0.2625 0.6765625 0.2640625 0.6703125 0.271875 0.6640625 0.271875 0.6609375 0.2796875 0.6546875 0.28125 0.65 0.2875 0.646875 0.2890625 0.640625 0.309375 0.621875 0.3140625 0.6125 0.325 0.6046875 0.3265625 0.6 0.33125 0.596875 0.33125 0.59375 0.3375 0.5890625 0.3390625 0.5828125 0.359375 0.5640625 0.359375 0.5609375 0.3671875 0.5546875 0.371875 0.5453125 0.384375 0.534375 0.3890625 0.525 0.4 0.5171875 0.4015625 0.5078125 0.40625 0.5046875 0.40625 0.5 0.4125 0.496875 0.41875 0.4828125 0.425 0.4796875 0.43125 0.465625 0.4390625 0.459375 0.44375 0.45 0.4484375 0.4484375 0.45 0.4453125 0.4609375 0.44375 0.4625 0.440625 0.4671875 0.440625 0.46875 0.4375 0.478125 0.4359375 0.48125 0.43125 0.4859375 0.43125 0.4875 0.428125 0.4953125 0.428125 0.5015625 0.421875 0.50625 0.4125 0.5125 0.4109375 0.521875 0.4 0.5296875 0.3984375 0.53125 0.3953125 0.540625 0.39375 0.546875 0.3875 0.5546875 0.3859375 0.55625 0.3828125 0.5625 0.3796875 0.5640625 0.375 0.5703125 0.3734375 0.571875 0.3703125 0.5828125 0.36875 0.59375 0.353125 0.6 0.353125 0.6015625 0.35 0.6125 0.3484375 0.6140625 0.3453125 0.6171875 0.3484375 0.61875 0.34375 0.621875 0.3421875 0.621875 0.3375 0.6265625 0.3359375 0.6265625 0.3328125 0.634375 0.3265625 0.6375 0.3203125 0.6453125 0.31875 0.646875 0.315625 0.665625 0.315625 0.6671875 0.31875 0.66875 0.315625 0.675 0.315625 0.68125 0.30625 0.68125 0.3 0.684375 0.2984375 0.684375 0.290625 0.6875 0.2890625 0.6890625 0.284375 0.6875 0.2703125 0.68125 0.2640625 0.6796875 0.2515625 0.68125 0.2359375 0.684375 0.234375 0.684375 0.225 0.6921875 0.2171875 0.6921875 0.2125 0.696875 0.2109375 0.7 0.203125 0.703125 0.203125 0.7171875 0.1875 0.7234375 0.1859375 0.7296875 0.1796875 0.73125 0.175 0.7375 0.1734375 0.74375 0.1625 0.7484375 0.1609375 0.7546875 0.1546875 0.75625 0.15 0.7625 0.1484375 0.7765625 0.1328125 0.7859375 0.13125 0.7875 0.125 0.790625 0.125 0.79375 0.1203125 0.7984375 0.11875 0.8015625 0.1125 0.8125 0.1046875 0.8140625 0.1 0.828125 0.09375 0.8390625 0.0828125 0.8578125 0.0734375 0.8640625 0.0609375 0.875 0.05625 0.8796875 0.05 0.8875 0.0484375 0.8890625 0.0453125 0.8953125 0.04375 0.896875 0.040625 0.9078125 0.0359375 0.909375 0.0328125 0.915625 0.03125 0.93125 0.015625 0.9359375 0.015625 0.94375 0.0078125 0.953125 0.00625 0.9546875 0.003125 0.959375 0.0015625
Leaf_Rhizoctonia_Leaf_Rhizoctonia_127,MISSING_LABEL,,No label file
Leaf_Rhizoctonia_Leaf_Rhizoctonia_128,MISSING_LABEL,,No label file
Leaf_Rhizoctonia_Leaf_Rhizoctonia_129,VALID,,
Leaf_Rhizoctonia_Leaf_Rhizoctonia_13,MISSING_LABEL,,No label file
Leaf_Rhizoctonia_Leaf_Rhizoctonia_130,MISSING_LABEL,,No label file
Leaf_Rhizoctonia_Leaf_Rhizoctonia_131,MISSING_LABEL,,No label file
Leaf_Rhizoctonia_Leaf_Rhizoctonia_132,MISSING_LABEL,,No label file
Leaf_Rhizoctonia_Leaf_Rhizoctonia_133,MISSING_LABEL,,No label file
Leaf_Rhizoctonia_Leaf_Rhizoctonia_134,MISSING_LABEL,,No label file
Leaf_Rhizoctonia_Leaf_Rhizoctonia_135,MISSING_LABEL,,No label file
Leaf_Rhizoctonia_Leaf_Rhizoctonia_136,MISSING_LABEL,,No label file
Leaf_Rhizoctonia_Leaf_Rhizoctonia_137,MISSING_LABEL,,No label file
Leaf_Rhizoctonia_Leaf_Rhizoctonia_138,MISSING_LABEL,,No label file
Leaf_Rhizoctonia_Leaf_Rhizoctonia_139,MISSING_LABEL,,No label file
Leaf_Rhizoctonia_Leaf_Rhizoctonia_14,VALID,,
Leaf_Rhizoctonia_Leaf_Rhizoctonia_140,MISSING_LABEL,,No label file
Leaf_Rhizoctonia_Leaf_Rhizoctonia_141,MISSING_LABEL,,No label file
Leaf_Rhizoctonia_Leaf_Rhizoctonia_142,MISSING_LABEL,,No label file
Leaf_Rhizoctonia_Leaf_Rhizoctonia_143,MISSING_LABEL,,No label file
Leaf_Rhizoctonia_Leaf_Rhizoctonia_144,MISSING_LABEL,,No label file
Leaf_Rhizoctonia_Leaf_Rhizoctonia_145,MISSING_LABEL,,No label file
Leaf_Rhizoctonia_Leaf_Rhizoctonia_146,MISSING_LABEL,,No label file
Leaf_Rhizoctonia_Leaf_Rhizoctonia_147,VALID,,
Leaf_Rhizoctonia_Leaf_Rhizoctonia_148,MISSING_LABEL,,No label file
Leaf_Rhizoctonia_Leaf_Rhizoctonia_149,MISSING_LABEL,,No label file
Leaf_Rhizoctonia_Leaf_Rhizoctonia_15,MISSING_LABEL,,No label file
Leaf_Rhizoctonia_Leaf_Rhizoctonia_150,MISSING_LABEL,,No label file
Leaf_Rhizoctonia_Leaf_Rhizoctonia_151,MISSING_LABEL,,No label file
Leaf_Rhizoctonia_Leaf_Rhizoctonia_152,MISSING_LABEL,,No label file
Leaf_Rhizoctonia_Leaf_Rhizoctonia_153,MISSING_LABEL,,No label file
Leaf_Rhizoctonia_Leaf_Rhizoctonia_154,MISSING_LABEL,,No label file
Leaf_Rhizoctonia_Leaf_Rhizoctonia_155,MISSING_LABEL,,No label file
Leaf_Rhizoctonia_Leaf_Rhizoctonia_156,MISSING_LABEL,,No label file
Leaf_Rhizoctonia_Leaf_Rhizoctonia_157,MISSING_LABEL,,No label file
Leaf_Rhizoctonia_Leaf_Rhizoctonia_158,MISSING_LABEL,,No label file
Leaf_Rhizoctonia_Leaf_Rhizoctonia_159,MISSING_LABEL,,No label file
Leaf_Rhizoctonia_Leaf_Rhizoctonia_16,MISSING_LABEL,,No label file
Leaf_Rhizoctonia_Leaf_Rhizoctonia_160,MISSING_LABEL,,No label file
Leaf_Rhizoctonia_Leaf_Rhizoctonia_161,MISSING_LABEL,,No label file
Leaf_Rhizoctonia_Leaf_Rhizoctonia_162,MISSING_LABEL,,No label file
Leaf_Rhizoctonia_Leaf_Rhizoctonia_163,MISSING_LABEL,,No label file
Leaf_Rhizoctonia_Leaf_Rhizoctonia_164,MISSING_LABEL,,No label file
Leaf_Rhizoctonia_Leaf_Rhizoctonia_165,MISSING_LABEL,,No label file
Leaf_Rhizoctonia_Leaf_Rhizoctonia_166,VALID,,
Leaf_Rhizoctonia_Leaf_Rhizoctonia_167,MISSING_LABEL,,No label file
Leaf_Rhizoctonia_Leaf_Rhizoctonia_168,MISSING_LABEL,,No label file
Leaf_Rhizoctonia_Leaf_Rhizoctonia_169,MISSING_LABEL,,No label file
Leaf_Rhizoctonia_Leaf_Rhizoctonia_17,MISSING_LABEL,,No label file
Leaf_Rhizoctonia_Leaf_Rhizoctonia_170,MISSING_LABEL,,No label file
Leaf_Rhizoctonia_Leaf_Rhizoctonia_171,VALID,,
Leaf_Rhizoctonia_Leaf_Rhizoctonia_172,VALID,,
Leaf_Rhizoctonia_Leaf_Rhizoctonia_173,MISSING_LABEL,,No label file
Leaf_Rhizoctonia_Leaf_Rhizoctonia_174,MISSING_LABEL,,No label file
Leaf_Rhizoctonia_Leaf_Rhizoctonia_175,MISSING_LABEL,,No label file
Leaf_Rhizoctonia_Leaf_Rhizoctonia_176,MISSING_LABEL,,No label file
Leaf_Rhizoctonia_Leaf_Rhizoctonia_177,MISSING_LABEL,,No label file
Leaf_Rhizoctonia_Leaf_Rhizoctonia_178,MISSING_LABEL,,No label file
Leaf_Rhizoctonia_Leaf_Rhizoctonia_179,MISSING_LABEL,,No label file
Leaf_Rhizoctonia_Leaf_Rhizoctonia_18,MISSING_LABEL,,No label file
Leaf_Rhizoctonia_Leaf_Rhizoctonia_180,MISSING_LABEL,,No label file
Leaf_Rhizoctonia_Leaf_Rhizoctonia_181,MISSING_LABEL,,No label file
Leaf_Rhizoctonia_Leaf_Rhizoctonia_182,MISSING_LABEL,,No label file
Leaf_Rhizoctonia_Leaf_Rhizoctonia_183,VALID,,
Leaf_Rhizoctonia_Leaf_Rhizoctonia_184,MISSING_LABEL,,No label file
Leaf_Rhizoctonia_Leaf_Rhizoctonia_185,VALID,,
Leaf_Rhizoctonia_Leaf_Rhizoctonia_186,VALID,,
Leaf_Rhizoctonia_Leaf_Rhizoctonia_187,VALID,,
Leaf_Rhizoctonia_Leaf_Rhizoctonia_188,VALID,,
Leaf_Rhizoctonia_Leaf_Rhizoctonia_189,MISSING_LABEL,,No label file
Leaf_Rhizoctonia_Leaf_Rhizoctonia_19,MISSING_LABEL,,No label file
Leaf_Rhizoctonia_Leaf_Rhizoctonia_190,MISSING_LABEL,,No label file
Leaf_Rhizoctonia_Leaf_Rhizoctonia_191,MISSING_LABEL,,No label file
Leaf_Rhizoctonia_Leaf_Rhizoctonia_192,MISSING_LABEL,,No label file
Leaf_Rhizoctonia_Leaf_Rhizoctonia_193,MISSING_LABEL,,No label file
Leaf_Rhizoctonia_Leaf_Rhizoctonia_194,MISSING_LABEL,,No label file
Leaf_Rhizoctonia_Leaf_Rhizoctonia_195,MISSING_LABEL,,No label file
Leaf_Rhizoctonia_Leaf_Rhizoctonia_196,MISSING_LABEL,,No label file
Leaf_Rhizoctonia_Leaf_Rhizoctonia_197,MISSING_LABEL,,No label file
Leaf_Rhizoctonia_Leaf_Rhizoctonia_198,MISSING_LABEL,,No label file
Leaf_Rhizoctonia_Leaf_Rhizoctonia_199,MISSING_LABEL,,No label file
Leaf_Rhizoctonia_Leaf_Rhizoctonia_2,MISSING_LABEL,,No label file
Leaf_Rhizoctonia_Leaf_Rhizoctonia_20,VALID,,
Leaf_Rhizoctonia_Leaf_Rhizoctonia_200,MISSING_LABEL,,No label file
Leaf_Rhizoctonia_Leaf_Rhizoctonia_201,MISSING_LABEL,,No label file
Leaf_Rhizoctonia_Leaf_Rhizoctonia_202,MISSING_LABEL,,No label file
Leaf_Rhizoctonia_Leaf_Rhizoctonia_203,MISSING_LABEL,,No label file
Leaf_Rhizoctonia_Leaf_Rhizoctonia_204,MISSING_LABEL,,No label file
Leaf_Rhizoctonia_Leaf_Rhizoctonia_205,MISSING_LABEL,,No label file
Leaf_Rhizoctonia_Leaf_Rhizoctonia_206,MISSING_LABEL,,No label file
Leaf_Rhizoctonia_Leaf_Rhizoctonia_207,MISSING_LABEL,,No label file
Leaf_Rhizoctonia_Leaf_Rhizoctonia_208,MISSING_LABEL,,No label file
Leaf_Rhizoctonia_Leaf_Rhizoctonia_209,MISSING_LABEL,,No label file
Leaf_Rhizoctonia_Leaf_Rhizoctonia_21,MISSING_LABEL,,No label file
Leaf_Rhizoctonia_Leaf_Rhizoctonia_210,MISSING_LABEL,,No label file
Leaf_Rhizoctonia_Leaf_Rhizoctonia_211,MISSING_LABEL,,No label file
Leaf_Rhizoctonia_Leaf_Rhizoctonia_212,VALID,,
Leaf_Rhizoctonia_Leaf_Rhizoctonia_213,VALID,,
Leaf_Rhizoctonia_Leaf_Rhizoctonia_214,MISSING_LABEL,,No label file
Leaf_Rhizoctonia_Leaf_Rhizoctonia_215,VALID,,
Leaf_Rhizoctonia_Leaf_Rhizoctonia_216,VALID,,
Leaf_Rhizoctonia_Leaf_Rhizoctonia_217,MISSING_LABEL,,No label file
Leaf_Rhizoctonia_Leaf_Rhizoctonia_218,MISSING_LABEL,,No label file
Leaf_Rhizoctonia_Leaf_Rhizoctonia_219,MISSING_LABEL,,No label file
Leaf_Rhizoctonia_Leaf_Rhizoctonia_22,MISSING_LABEL,,No label file
Leaf_Rhizoctonia_Leaf_Rhizoctonia_220,MISSING_LABEL,,No label file
Leaf_Rhizoctonia_Leaf_Rhizoctonia_221,MISSING_LABEL,,No label file
Leaf_Rhizoctonia_Leaf_Rhizoctonia_222,MISSING_LABEL,,No label file
Leaf_Rhizoctonia_Leaf_Rhizoctonia_223,MISSING_LABEL,,No label file
Leaf_Rhizoctonia_Leaf_Rhizoctonia_224,MISSING_LABEL,,No label file
Leaf_Rhizoctonia_Leaf_Rhizoctonia_225,MISSING_LABEL,,No label file
Leaf_Rhizoctonia_Leaf_Rhizoctonia_226,MISSING_LABEL,,No label file
Leaf_Rhizoctonia_Leaf_Rhizoctonia_227,MISSING_LABEL,,No label file
Leaf_Rhizoctonia_Leaf_Rhizoctonia_228,MISSING_LABEL,,No label file
Leaf_Rhizoctonia_Leaf_Rhizoctonia_229,MISSING_LABEL,,No label file
Leaf_Rhizoctonia_Leaf_Rhizoctonia_23,MISSING_LABEL,,No label file
Leaf_Rhizoctonia_Leaf_Rhizoctonia_230,MISSING_LABEL,,No label file
Leaf_Rhizoctonia_Leaf_Rhizoctonia_231,MISSING_LABEL,,No label file
Leaf_Rhizoctonia_Leaf_Rhizoctonia_232,MISSING_LABEL,,No label file
Leaf_Rhizoctonia_Leaf_Rhizoctonia_233,MISSING_LABEL,,No label file
Leaf_Rhizoctonia_Leaf_Rhizoctonia_234,MISSING_LABEL,,No label file
Leaf_Rhizoctonia_Leaf_Rhizoctonia_235,MISSING_LABEL,,No label file
Leaf_Rhizoctonia_Leaf_Rhizoctonia_236,MISSING_LABEL,,No label file
Leaf_Rhizoctonia_Leaf_Rhizoctonia_237,MISSING_LABEL,,No label file
Leaf_Rhizoctonia_Leaf_Rhizoctonia_238,MISSING_LABEL,,No label file
Leaf_Rhizoctonia_Leaf_Rhizoctonia_239,MISSING_LABEL,,No label file
Leaf_Rhizoctonia_Leaf_Rhizoctonia_24,MISSING_LABEL,,No label file
Leaf_Rhizoctonia_Leaf_Rhizoctonia_240,MISSING_LABEL,,No label file
Leaf_Rhizoctonia_Leaf_Rhizoctonia_241,MISSING_LABEL,,No label file
Leaf_Rhizoctonia_Leaf_Rhizoctonia_242,MISSING_LABEL,,No label file
Leaf_Rhizoctonia_Leaf_Rhizoctonia_243,MISSING_LABEL,,No label file
Leaf_Rhizoctonia_Leaf_Rhizoctonia_244,MISSING_LABEL,,No label file
Leaf_Rhizoctonia_Leaf_Rhizoctonia_245,MISSING_LABEL,,No label file
Leaf_Rhizoctonia_Leaf_Rhizoctonia_246,MISSING_LABEL,,No label file
Leaf_Rhizoctonia_Leaf_Rhizoctonia_247,MISSING_LABEL,,No label file
Leaf_Rhizoctonia_Leaf_Rhizoctonia_248,MISSING_LABEL,,No label file
Leaf_Rhizoctonia_Leaf_Rhizoctonia_249,MISSING_LABEL,,No label file
Leaf_Rhizoctonia_Leaf_Rhizoctonia_249_jpg.rf.1f0938388a50d99bc2754818f1ed6b7e,MALFORMED,Invalid part count,4 0.2671875 0 0.2859375 0 0.2875 0.003125 0.3 0.003125 0.3015625 0.00625 0.3046875 0.00625 0.30625 0.003125 0.3171875 0.003125 0.31875 0 0.3421875 0 0.34375 0.003125 0.3546875 0.003125 0.35625 0.00625 0.3703125 0.00625 0.3765625 0 0.3953125 0 0.396875 0.003125 0.428125 0.003125 0.4296875 0 0.440625 0 0.4421875 0.003125 0.515625 0.003125 0.51875 0.0078125 0.525 0.0078125 0.5265625 0.0109375 0.5328125 0.0125 0.5390625 0.0203125 0.5484375 0.025 0.55 0.0296875 0.55625 0.0359375 0.5609375 0.0359375 0.5921875 0.06875 0.5984375 0.0703125 0.6046875 0.0796875 0.615625 0.0875 0.6203125 0.096875 0.625 0.0984375 0.625 0.1015625 0.6328125 0.1078125 0.6375 0.1171875 0.64375 0.1234375 0.6484375 0.125 0.65 0.1296875 0.6546875 0.1328125 0.6546875 0.1359375 0.665625 0.1453125 0.6671875 0.1515625 0.6734375 0.1578125 0.6796875 0.171875 0.6828125 0.1734375 0.6875 0.184375 0.690625 0.1859375 0.6921875 0.1921875 0.7 0.2 0.7 0.2046875 0.7046875 0.2078125 0.7046875 0.2109375 0.7109375 0.215625 0.7125 0.221875 0.715625 0.2234375 0.7171875 0.23125 0.7203125 0.2328125 0.725 0.24375 0.728125 0.2453125 0.7296875 0.2546875 0.7328125 0.25625 0.7359375 0.2671875 0.740625 0.2703125 0.7421875 0.28125 0.7484375 0.2875 0.75 0.2984375 0.753125 0.3 0.7546875 0.309375 0.7578125 0.3109375 0.7578125 0.31875 0.7609375 0.3203125 0.7625 0.3359375 0.765625 0.3375 0.7671875 0.3515625 0.7703125 0.353125 0.7703125 0.3640625 0.7734375 0.365625 0.775 0.384375 0.778125 0.3859375 0.7796875 0.4046875 0.7828125 0.40625 0.7828125 0.4109375 0.7859375 0.4125 0.7875 0.4296875 0.790625 0.43125 0.7921875 0.44375 0.7953125 0.4453125 0.7953125 0.4546875 0.7984375 0.45625 0.8 0.471875 0.803125 0.4734375 0.8046875 0.4921875 0.8078125 0.49375 0.8078125 0.4984375 0.8109375 0.5 0.8125 0.5359375 0.815625 0.5375 0.8171875 0.5484375 0.8203125 0.55 0.8203125 0.55625 0.8234375 0.5578125 0.825 0.56875 0.828125 0.5703125 0.8296875 0.5859375 0.8328125 0.5875 0.8328125 0.63125 0.8296875 0.6328125 0.828125 0.6484375 0.825 0.65 0.8234375 0.659375 0.8203125 0.6609375 0.8203125 0.66875 0.8171875 0.6703125 0.815625 0.6796875 0.8125 0.68125 0.8109375 0.6921875 0.8046875 0.6984375 0.8046875 0.7046875 0.803125 0.7109375 0.8 0.7125 0.7984375 0.7234375 0.7953125 0.725 0.7953125 0.7296875 0.7921875 0.73125 0.790625 0.7359375 0.790625 0.7421875 0.7875 0.74375 0.7859375 0.7484375 0.7859375 0.759375 0.7828125 0.7609375 0.7828125 0.7671875 0.7796875 0.76875 0.778125 0.8296875 0.775 0.83125 0.775 0.8609375 0.7734375 0.871875 0.7703125 0.8734375 0.7703125 0.88125 0.7734375 0.8828125 0.775 0.896875 0.778125 0.8984375 0.7796875 0.9234375 0.7828125 0.925 0.7828125 0.9359375 0.7859375 0.9375 0.7875 0.9609375 0.790625 0.9625 0.7921875 0.9921875 0.790625 0.99375 0.76875 0.99375 0.7640625 0.9921875 0.7625 0.9890625 0.7515625 0.9890625 0.75 0.98125 0.7484375 0.9859375 0.7453125 0.9875 0.7453125 0.99375 0.7390625 0.99375 0.7375 0.996875 0.7015625 0.996875 0.7 0.99375 0.696875 0.99375 0.6953125 0.996875 0.68125 0.996875 0.6796875 0.99375 0.66875 0.99375 0.6671875 0.996875 0.65 0.996875 0.6484375 0.99375 0.64375 0.99375 0.6421875 0.996875 0.6375 0.996875 0.6359375 0.99375 0.63125 0.99375 0.6296875 0.996875 0.61875 0.996875 0.6171875 0.99375 0.6078125 0.9921875 0.6046875 0.99375 0.59375 0.9921875 0.5890625 0.99375 0.5875 0.996875 0.559375 0.996875 0.5578125 0.99375 0.53125 0.99375 0.5296875 0.996875 0.5265625 0.996875 0.525 0.99375 0.5234375 0.996875 0.496875 0.996875 0.4875 0.9890625 0.4859375 0.99375 0.4796875 0.99375 0.478125 0.996875 0.45625 0.996875 0.4546875 0.99375 0.446875 0.99375 0.44375 0.996875 0.4421875 0.99375 0.4375 0.9921875 0.4375 0.9859375 0.434375 0.984375 0.434375 0.978125 0.43125 0.9765625 0.43125 0.953125 0.4296875 0.9515625 0.43125 0.9453125 0.4296875 0.9375 0.4265625 0.9359375 0.425 0.9109375 0.421875 0.909375 0.421875 0.9 0.41875 0.8984375 0.4171875 0.8859375 0.4140625 0.884375 0.4125 0.865625 0.409375 0.8640625 0.4125 0.8578125 0.409375 0.85625 0.409375 0.84375 0.40625 0.8421875 0.4046875 0.81875 0.4015625 0.8171875 0.4 0.7875 0.396875 0.7859375 0.396875 0.7734375 0.39375 0.771875 0.3921875 0.7375 0.3890625 0.7359375 0.3890625 0.7328125 0.3921875 0.73125 0.3921875 0.725 0.3890625 0.7234375 0.3875 0.70625 0.384375 0.7046875 0.384375 0.6875 0.3796875 0.684375 0.3796875 0.675 0.3765625 0.6734375 0.3765625 0.6703125 0.371875 0.6671875 0.371875 0.6625 0.36875 0.6609375 0.3671875 0.6484375 0.3640625 0.646875 0.3625 0.63125 0.359375 0.6296875 0.359375 0.625 0.35625 0.6234375 0.3546875 0.6109375 0.3515625 0.609375 0.35 0.59375 0.346875 0.5921875 0.346875 0.5875 0.34375 0.5859375 0.3421875 0.578125 0.3390625 0.5765625 0.3375 0.5625 0.33125 0.55625 0.3296875 0.5453125 0.3265625 0.54375 0.325 0.5359375 0.31875 0.53125 0.3171875 0.5234375 0.3140625 0.521875 0.3125 0.5109375 0.309375 0.509375 0.309375 0.4984375 0.30625 0.496875 0.3046875 0.490625 0.3015625 0.4890625 0.3 0.48125 0.296875 0.4796875 0.296875 0.4703125 0.29375 0.46875 0.29375 0.4609375 0.2921875 0.453125 0.2890625 0.4515625 0.2875 0.4359375 0.284375 0.434375 0.284375 0.4125 0.28125 0.4109375 0.2796875 0.3953125 0.2765625 0.39375 0.275 0.375 0.271875 0.3734375 0.271875 0.36875 0.26875 0.3671875 0.2671875 0.3484375 0.2640625 0.346875 0.2625 0.33125 0.259375 0.3296875 0.259375 0.3203125 0.25625 0.31875 0.2546875 0.303125 0.2515625 0.3015625 0.25 0.2828125 0.246875 0.28125 0.246875 0.2734375 0.24375 0.271875 0.24375 0.2625 0.2421875 0.253125 0.2390625 0.2515625 0.2375 0.2328125 0.234375 0.23125 0.234375 0.2125 0.23125 0.2109375 0.2296875 0.175 0.2265625 0.1734375 0.225 0.1109375 0.2265625 0.109375 0.2265625 0.0859375 0.2296875 0.084375 0.2296875 0.0359375 0.2265625 0.034375 0.2265625 0.028125 0.2296875 0.0265625 0.23125 0.003125 0.2484375 0.003125 0.25 0.00625 0.2515625 0.003125 0.2671875 0.0015625
Leaf_Rhizoctonia_Leaf_Rhizoctonia_249_jpg.rf.4aeac5432e7fa9cda0e8a41e98046956,MALFORMED,Invalid part count,4 0.5578125 0 0.56875 0 0.5703125 0.003125 0.6015625 0.003125 0.603125 0 0.621875 0 0.628125 0.00625 0.6421875 0.00625 0.64375 0.003125 0.6546875 0.003125 0.65625 0 0.6796875 0 0.68125 0.003125 0.6921875 0.003125 0.69375 0.00625 0.696875 0.00625 0.6984375 0.003125 0.7109375 0.003125 0.7125 0 0.73125 0 0.7328125 0.003125 0.746875 0.003125 0.7484375 0.00625 0.75 0.003125 0.7671875 0.003125 0.76875 0.0265625 0.771875 0.028125 0.771875 0.034375 0.76875 0.0359375 0.76875 0.084375 0.771875 0.0859375 0.771875 0.109375 0.7734375 0.1109375 0.771875 0.1734375 0.76875 0.175 0.7671875 0.2109375 0.7640625 0.2125 0.7640625 0.23125 0.7609375 0.2328125 0.759375 0.2515625 0.75625 0.253125 0.7546875 0.2625 0.7546875 0.271875 0.7515625 0.2734375 0.7515625 0.28125 0.7484375 0.2828125 0.746875 0.3015625 0.74375 0.303125 0.7421875 0.31875 0.7390625 0.3203125 0.7390625 0.3296875 0.7359375 0.33125 0.734375 0.346875 0.73125 0.3484375 0.7296875 0.3671875 0.7265625 0.36875 0.7265625 0.3734375 0.7234375 0.375 0.721875 0.39375 0.71875 0.3953125 0.7171875 0.4109375 0.7140625 0.4125 0.7140625 0.434375 0.7109375 0.4359375 0.7109375 0.44375 0.709375 0.4515625 0.70625 0.453125 0.7046875 0.46875 0.7015625 0.4703125 0.7015625 0.4796875 0.6984375 0.48125 0.696875 0.4890625 0.6890625 0.4984375 0.6890625 0.509375 0.6859375 0.5109375 0.684375 0.521875 0.68125 0.5234375 0.6796875 0.53125 0.6734375 0.5359375 0.671875 0.54375 0.66875 0.5453125 0.6671875 0.55625 0.6609375 0.5625 0.659375 0.5765625 0.65625 0.578125 0.6546875 0.5859375 0.6515625 0.5875 0.6515625 0.5921875 0.6484375 0.59375 0.646875 0.609375 0.64375 0.6109375 0.6421875 0.6234375 0.6390625 0.625 0.6390625 0.6296875 0.6359375 0.63125 0.634375 0.646875 0.63125 0.6484375 0.6296875 0.6609375 0.6265625 0.6625 0.6265625 0.6671875 0.61875 0.675 0.61875 0.684375 0.6140625 0.6875 0.6140625 0.7046875 0.6109375 0.70625 0.6109375 0.71875 0.609375 0.7234375 0.60625 0.725 0.60625 0.73125 0.609375 0.7328125 0.609375 0.7359375 0.60625 0.7375 0.6046875 0.771875 0.6015625 0.7734375 0.6015625 0.7859375 0.5984375 0.7875 0.596875 0.8171875 0.59375 0.81875 0.59375 0.834375 0.5921875 0.8421875 0.5890625 0.84375 0.5890625 0.85625 0.5859375 0.8578125 0.5890625 0.8640625 0.5859375 0.865625 0.584375 0.884375 0.58125 0.8859375 0.58125 0.89375 0.5796875 0.8984375 0.5765625 0.9 0.5765625 0.909375 0.5734375 0.9109375 0.571875 0.9359375 0.56875 0.9375 0.5671875 0.9453125 0.56875 0.9484375 0.5671875 0.9765625 0.5640625 0.978125 0.5609375 0.9921875 0.55625 0.99375 0.5546875 0.996875 0.5515625 0.99375 0.54375 0.99375 0.5421875 0.996875 0.5203125 0.996875 0.51875 0.99375 0.5125 0.99375 0.5109375 0.9890625 0.5015625 0.996875 0.475 0.996875 0.4734375 0.99375 0.471875 0.996875 0.46875 0.996875 0.4671875 0.99375 0.440625 0.99375 0.4390625 0.996875 0.4109375 0.996875 0.409375 0.99375 0.4046875 0.9921875 0.38125 0.99375 0.3796875 0.996875 0.36875 0.996875 0.3671875 0.99375 0.3625 0.99375 0.3609375 0.996875 0.35625 0.996875 0.3546875 0.99375 0.35 0.99375 0.3484375 0.996875 0.33125 0.996875 0.3296875 0.99375 0.31875 0.99375 0.3171875 0.996875 0.303125 0.996875 0.3015625 0.99375 0.2984375 0.99375 0.296875 0.996875 0.2609375 0.996875 0.259375 0.99375 0.253125 0.99375 0.253125 0.9875 0.25 0.9859375 0.2484375 0.98125 0.246875 0.9890625 0.2359375 0.9890625 0.234375 0.9921875 0.2296875 0.99375 0.2078125 0.99375 0.20625 0.9921875 0.2078125 0.9625 0.2109375 0.9609375 0.2125 0.9375 0.215625 0.9359375 0.215625 0.925 0.21875 0.9234375 0.2203125 0.8984375 0.2234375 0.896875 0.225 0.8828125 0.228125 0.88125 0.228125 0.8734375 0.225 0.871875 0.2234375 0.8609375 0.2234375 0.83125 0.2203125 0.8296875 0.21875 0.76875 0.215625 0.7671875 0.215625 0.7609375 0.2125 0.759375 0.2109375 0.74375 0.2078125 0.7421875 0.20625 0.73125 0.203125 0.7296875 0.203125 0.725 0.2 0.7234375 0.1984375 0.7125 0.1953125 0.7109375 0.19375 0.6984375 0.1875 0.6921875 0.1859375 0.68125 0.1828125 0.6796875 0.18125 0.6703125 0.178125 0.66875 0.178125 0.6609375 0.175 0.659375 0.1734375 0.65 0.1703125 0.6484375 0.16875 0.6328125 0.165625 0.63125 0.165625 0.5875 0.16875 0.5859375 0.1703125 0.5703125 0.1734375 0.56875 0.175 0.5578125 0.178125 0.55625 0.178125 0.55 0.18125 0.5484375 0.1828125 0.5375 0.1859375 0.5359375 0.1875 0.5 0.190625 0.4984375 0.190625 0.49375 0.19375 0.4921875 0.1953125 0.4734375 0.1984375 0.471875 0.1984375 0.4625 0.2 0.45625 0.203125 0.4546875 0.203125 0.4453125 0.20625 0.44375 0.2078125 0.43125 0.2109375 0.4296875 0.2125 0.4125 0.215625 0.4109375 0.215625 0.40625 0.21875 0.4046875 0.2203125 0.3859375 0.2234375 0.384375 0.225 0.365625 0.228125 0.3640625 0.228125 0.353125 0.23125 0.3515625 0.2328125 0.3375 0.2359375 0.3359375 0.2375 0.3203125 0.240625 0.31875 0.240625 0.3109375 0.24375 0.309375 0.2453125 0.3 0.2484375 0.2984375 0.25 0.2875 0.25625 0.28125 0.2578125 0.2703125 0.2625 0.2671875 0.2625 0.2625 0.265625 0.2609375 0.265625 0.25625 0.26875 0.2546875 0.2703125 0.2453125 0.2734375 0.24375 0.275 0.2375 0.28125 0.23125 0.2828125 0.2234375 0.2859375 0.221875 0.2875 0.215625 0.2984375 0.2046875 0.2984375 0.2 0.30625 0.1921875 0.3078125 0.1859375 0.3109375 0.184375 0.3125 0.178125 0.31875 0.171875 0.3203125 0.165625 0.3234375 0.1640625 0.325 0.1578125 0.33125 0.1515625 0.3328125 0.1453125 0.34375 0.1359375 0.34375 0.1328125 0.3484375 0.1296875 0.35 0.125 0.3546875 0.1234375 0.3609375 0.1171875 0.365625 0.1078125 0.3734375 0.1015625 0.3734375 0.0984375 0.378125 0.096875 0.3828125 0.0875 0.3921875 0.08125 0.4 0.0703125 0.40625 0.06875 0.4375 0.0359375 0.4421875 0.0359375 0.4484375 0.0296875 0.45 0.025 0.459375 0.0203125 0.465625 0.0125 0.471875 0.0109375 0.4734375 0.0078125 0.4796875 0.0078125 0.4828125 0.003125 0.55625 0.003125 0.5578125 0.0015625
Leaf_Rhizoctonia_Leaf_Rhizoctonia_249_jpg.rf.7a37bae3a7e1c034bdc12705c7ddbdbb,MALFORMED,Invalid part count,4 0.2671875 0 0.2859375 0 0.2875 0.003125 0.3 0.003125 0.3015625 0.00625 0.3046875 0.00625 0.30625 0.003125 0.3171875 0.003125 0.31875 0 0.3421875 0 0.34375 0.003125 0.3546875 0.003125 0.35625 0.00625 0.3703125 0.00625 0.3765625 0 0.3953125 0 0.396875 0.003125 0.428125 0.003125 0.4296875 0 0.440625 0 0.4421875 0.003125 0.515625 0.003125 0.51875 0.0078125 0.525 0.0078125 0.5265625 0.0109375 0.5328125 0.0125 0.5390625 0.0203125 0.5484375 0.025 0.55 0.0296875 0.55625 0.0359375 0.5609375 0.0359375 0.5921875 0.06875 0.5984375 0.0703125 0.6046875 0.0796875 0.615625 0.0875 0.6203125 0.096875 0.625 0.0984375 0.625 0.1015625 0.6328125 0.1078125 0.6375 0.1171875 0.64375 0.1234375 0.6484375 0.125 0.65 0.1296875 0.6546875 0.1328125 0.6546875 0.1359375 0.665625 0.1453125 0.6671875 0.1515625 0.6734375 0.1578125 0.6796875 0.171875 0.6828125 0.1734375 0.6875 0.184375 0.690625 0.1859375 0.6921875 0.1921875 0.7 0.2 0.7 0.2046875 0.7046875 0.2078125 0.7046875 0.2109375 0.7109375 0.215625 0.7125 0.221875 0.715625 0.2234375 0.7171875 0.23125 0.7203125 0.2328125 0.725 0.24375 0.728125 0.2453125 0.7296875 0.2546875 0.7328125 0.25625 0.7359375 0.2671875 0.740625 0.2703125 0.7421875 0.28125 0.7484375 0.2875 0.75 0.2984375 0.753125 0.3 0.7546875 0.309375 0.7578125 0.3109375 0.7578125 0.31875 0.7609375 0.3203125 0.7625 0.3359375 0.765625 0.3375 0.7671875 0.3515625 0.7703125 0.353125 0.7703125 0.3640625 0.7734375 0.365625 0.775 0.384375 0.778125 0.3859375 0.7796875 0.4046875 0.7828125 0.40625 0.7828125 0.4109375 0.7859375 0.4125 0.7875 0.4296875 0.790625 0.43125 0.7921875 0.44375 0.7953125 0.4453125 0.7953125 0.4546875 0.7984375 0.45625 0.8 0.471875 0.803125 0.4734375 0.8046875 0.4921875 0.8078125 0.49375 0.8078125 0.4984375 0.8109375 0.5 0.8125 0.5359375 0.815625 0.5375 0.8171875 0.5484375 0.8203125 0.55 0.8203125 0.55625 0.8234375 0.5578125 0.825 0.56875 0.828125 0.5703125 0.8296875 0.5859375 0.8328125 0.5875 0.8328125 0.63125 0.8296875 0.6328125 0.828125 0.6484375 0.825 0.65 0.8234375 0.659375 0.8203125 0.6609375 0.8203125 0.66875 0.8171875 0.6703125 0.815625 0.6796875 0.8125 0.68125 0.8109375 0.6921875 0.8046875 0.6984375 0.8046875 0.7046875 0.803125 0.7109375 0.8 0.7125 0.7984375 0.7234375 0.7953125 0.725 0.7953125 0.7296875 0.7921875 0.73125 0.790625 0.7359375 0.790625 0.7421875 0.7875 0.74375 0.7859375 0.7484375 0.7859375 0.759375 0.7828125 0.7609375 0.7828125 0.7671875 0.7796875 0.76875 0.778125 0.8296875 0.775 0.83125 0.775 0.8609375 0.7734375 0.871875 0.7703125 0.8734375 0.7703125 0.88125 0.7734375 0.8828125 0.775 0.896875 0.778125 0.8984375 0.7796875 0.9234375 0.7828125 0.925 0.7828125 0.9359375 0.7859375 0.9375 0.7875 0.9609375 0.790625 0.9625 0.7921875 0.9921875 0.790625 0.99375 0.76875 0.99375 0.7640625 0.9921875 0.7625 0.9890625 0.7515625 0.9890625 0.75 0.98125 0.7484375 0.9859375 0.7453125 0.9875 0.7453125 0.99375 0.7390625 0.99375 0.7375 0.996875 0.7015625 0.996875 0.7 0.99375 0.696875 0.99375 0.6953125 0.996875 0.68125 0.996875 0.6796875 0.99375 0.66875 0.99375 0.6671875 0.996875 0.65 0.996875 0.6484375 0.99375 0.64375 0.99375 0.6421875 0.996875 0.6375 0.996875 0.6359375 0.99375 0.63125 0.99375 0.6296875 0.996875 0.61875 0.996875 0.6171875 0.99375 0.6078125 0.9921875 0.6046875 0.99375 0.59375 0.9921875 0.5890625 0.99375 0.5875 0.996875 0.559375 0.996875 0.5578125 0.99375 0.53125 0.99375 0.5296875 0.996875 0.5265625 0.996875 0.525 0.99375 0.5234375 0.996875 0.496875 0.996875 0.4875 0.9890625 0.4859375 0.99375 0.4796875 0.99375 0.478125 0.996875 0.45625 0.996875 0.4546875 0.99375 0.446875 0.99375 0.44375 0.996875 0.4421875 0.99375 0.4375 0.9921875 0.4375 0.9859375 0.434375 0.984375 0.434375 0.978125 0.43125 0.9765625 0.43125 0.953125 0.4296875 0.9515625 0.43125 0.9453125 0.4296875 0.9375 0.4265625 0.9359375 0.425 0.9109375 0.421875 0.909375 0.421875 0.9 0.41875 0.8984375 0.4171875 0.8859375 0.4140625 0.884375 0.4125 0.865625 0.409375 0.8640625 0.4125 0.8578125 0.409375 0.85625 0.409375 0.84375 0.40625 0.8421875 0.4046875 0.81875 0.4015625 0.8171875 0.4 0.7875 0.396875 0.7859375 0.396875 0.7734375 0.39375 0.771875 0.3921875 0.7375 0.3890625 0.7359375 0.3890625 0.7328125 0.3921875 0.73125 0.3921875 0.725 0.3890625 0.7234375 0.3875 0.70625 0.384375 0.7046875 0.384375 0.6875 0.3796875 0.684375 0.3796875 0.675 0.3765625 0.6734375 0.3765625 0.6703125 0.371875 0.6671875 0.371875 0.6625 0.36875 0.6609375 0.3671875 0.6484375 0.3640625 0.646875 0.3625 0.63125 0.359375 0.6296875 0.359375 0.625 0.35625 0.6234375 0.3546875 0.6109375 0.3515625 0.609375 0.35 0.59375 0.346875 0.5921875 0.346875 0.5875 0.34375 0.5859375 0.3421875 0.578125 0.3390625 0.5765625 0.3375 0.5625 0.33125 0.55625 0.3296875 0.5453125 0.3265625 0.54375 0.325 0.5359375 0.31875 0.53125 0.3171875 0.5234375 0.3140625 0.521875 0.3125 0.5109375 0.309375 0.509375 0.309375 0.4984375 0.30625 0.496875 0.3046875 0.490625 0.3015625 0.4890625 0.3 0.48125 0.296875 0.4796875 0.296875 0.4703125 0.29375 0.46875 0.29375 0.4609375 0.2921875 0.453125 0.2890625 0.4515625 0.2875 0.4359375 0.284375 0.434375 0.284375 0.4125 0.28125 0.4109375 0.2796875 0.3953125 0.2765625 0.39375 0.275 0.375 0.271875 0.3734375 0.271875 0.36875 0.26875 0.3671875 0.2671875 0.3484375 0.2640625 0.346875 0.2625 0.33125 0.259375 0.3296875 0.259375 0.3203125 0.25625 0.31875 0.2546875 0.303125 0.2515625 0.3015625 0.25 0.2828125 0.246875 0.28125 0.246875 0.2734375 0.24375 0.271875 0.24375 0.2625 0.2421875 0.253125 0.2390625 0.2515625 0.2375 0.2328125 0.234375 0.23125 0.234375 0.2125 0.23125 0.2109375 0.2296875 0.175 0.2265625 0.1734375 0.225 0.1109375 0.2265625 0.109375 0.2265625 0.0859375 0.2296875 0.084375 0.2296875 0.0359375 0.2265625 0.034375 0.2265625 0.028125 0.2296875 0.0265625 0.23125 0.003125 0.2484375 0.003125 0.25 0.00625 0.2515625 0.003125 0.2671875 0.0015625
Leaf_Rhizoctonia_Leaf_Rhizoctonia_25,MISSING_LABEL,,No label file
Leaf_Rhizoctonia_Leaf_Rhizoctonia_250,MISSING_LABEL,,No label file
Leaf_Rhizoctonia_Leaf_Rhizoctonia_251,MISSING_LABEL,,No label file
Leaf_Rhizoctonia_Leaf_Rhizoctonia_252,MISSING_LABEL,,No label file
Leaf_Rhizoctonia_Leaf_Rhizoctonia_253,MISSING_LABEL,,No label file
Leaf_Rhizoctonia_Leaf_Rhizoctonia_254,MISSING_LABEL,,No label file
Leaf_Rhizoctonia_Leaf_Rhizoctonia_255,MISSING_LABEL,,No label file
Leaf_Rhizoctonia_Leaf_Rhizoctonia_256,MISSING_LABEL,,No label file
Leaf_Rhizoctonia_Leaf_Rhizoctonia_257,MISSING_LABEL,,No label file
Leaf_Rhizoctonia_Leaf_Rhizoctonia_258,MISSING_LABEL,,No label file
Leaf_Rhizoctonia_Leaf_Rhizoctonia_259,MISSING_LABEL,,No label file
Leaf_Rhizoctonia_Leaf_Rhizoctonia_26,MISSING_LABEL,,No label file
Leaf_Rhizoctonia_Leaf_Rhizoctonia_260,MISSING_LABEL,,No label file
Leaf_Rhizoctonia_Leaf_Rhizoctonia_261,MISSING_LABEL,,No label file
Leaf_Rhizoctonia_Leaf_Rhizoctonia_262,MISSING_LABEL,,No label file
Leaf_Rhizoctonia_Leaf_Rhizoctonia_263,VALID,,
Leaf_Rhizoctonia_Leaf_Rhizoctonia_264,MISSING_LABEL,,No label file
Leaf_Rhizoctonia_Leaf_Rhizoctonia_265,VALID,,
Leaf_Rhizoctonia_Leaf_Rhizoctonia_266,MISSING_LABEL,,No label file
Leaf_Rhizoctonia_Leaf_Rhizoctonia_267,MISSING_LABEL,,No label file
Leaf_Rhizoctonia_Leaf_Rhizoctonia_268,MISSING_LABEL,,No label file
Leaf_Rhizoctonia_Leaf_Rhizoctonia_269,MISSING_LABEL,,No label file
Leaf_Rhizoctonia_Leaf_Rhizoctonia_27,MISSING_LABEL,,No label file
Leaf_Rhizoctonia_Leaf_Rhizoctonia_270,MISSING_LABEL,,No label file
Leaf_Rhizoctonia_Leaf_Rhizoctonia_271,MISSING_LABEL,,No label file
Leaf_Rhizoctonia_Leaf_Rhizoctonia_272,MISSING_LABEL,,No label file
Leaf_Rhizoctonia_Leaf_Rhizoctonia_273,MISSING_LABEL,,No label file
Leaf_Rhizoctonia_Leaf_Rhizoctonia_274,MISSING_LABEL,,No label file
Leaf_Rhizoctonia_Leaf_Rhizoctonia_275,MISSING_LABEL,,No label file
Leaf_Rhizoctonia_Leaf_Rhizoctonia_276,MISSING_LABEL,,No label file
Leaf_Rhizoctonia_Leaf_Rhizoctonia_277,MISSING_LABEL,,No label file
Leaf_Rhizoctonia_Leaf_Rhizoctonia_277_jpg.rf.10c77f019f5b4ffd6a632a80a53e83db,MALFORMED,Invalid part count,5 0.5328125 0.3 0.5515625 0.3 0.553125 0.303125 0.5671875 0.303125 0.56875 0.3 0.5765625 0.3 0.578125 0.303125 0.61875 0.303125 0.6203125 0.30625 0.6296875 0.30625 0.634375 0.3078125 0.6359375 0.3109375 0.646875 0.3125 0.65 0.31875 0.6609375 0.3203125 0.6625 0.325 0.66875 0.325 0.6703125 0.33125 0.6734375 0.328125 0.68125 0.328125 0.690625 0.3359375 0.6984375 0.3359375 0.703125 0.328125 0.7140625 0.328125 0.715625 0.325 0.7265625 0.325 0.728125 0.328125 0.734375 0.328125 0.7359375 0.33125 0.7390625 0.33125 0.740625 0.328125 0.7546875 0.328125 0.75625 0.325 0.7734375 0.325 0.775 0.328125 0.7796875 0.328125 0.78125 0.325 0.7875 0.3234375 0.79375 0.325 0.8140625 0.3234375 0.821875 0.325 0.8234375 0.328125 0.83125 0.328125 0.840625 0.3359375 0.8671875 0.3359375 0.86875 0.3328125 0.8796875 0.3328125 0.884375 0.3375 0.884375 0.3546875 0.88125 0.35625 0.8796875 0.36875 0.8734375 0.375 0.8734375 0.384375 0.871875 0.3890625 0.86875 0.390625 0.8671875 0.4015625 0.8609375 0.4078125 0.859375 0.4171875 0.85625 0.41875 0.8546875 0.43125 0.8515625 0.4328125 0.8515625 0.4390625 0.8484375 0.440625 0.846875 0.4515625 0.84375 0.453125 0.8421875 0.4609375 0.8390625 0.4625 0.8390625 0.4671875 0.834375 0.4703125 0.8296875 0.48125 0.8234375 0.4875 0.8234375 0.49375 0.8171875 0.503125 0.8171875 0.509375 0.8109375 0.515625 0.8046875 0.5296875 0.7984375 0.5328125 0.796875 0.5390625 0.79375 0.540625 0.7921875 0.5484375 0.7859375 0.553125 0.784375 0.559375 0.7796875 0.5625 0.7796875 0.5671875 0.775 0.56875 0.76875 0.575 0.7671875 0.5796875 0.7625 0.58125 0.75625 0.5875 0.75625 0.5921875 0.7484375 0.5984375 0.746875 0.60625 0.74375 0.6078125 0.7421875 0.6140625 0.7359375 0.61875 0.734375 0.6296875 0.73125 0.63125 0.73125 0.634375 0.7265625 0.6359375 0.7171875 0.6546875 0.7140625 0.65625 0.7140625 0.6609375 0.709375 0.665625 0.709375 0.6765625 0.70625 0.678125 0.7046875 0.684375 0.7 0.6859375 0.696875 0.6921875 0.69375 0.69375 0.6921875 0.7046875 0.684375 0.7125 0.684375 0.71875 0.68125 0.7203125 0.6796875 0.7265625 0.66875 0.7390625 0.6640625 0.740625 0.6609375 0.746875 0.65625 0.7484375 0.6546875 0.759375 0.6484375 0.7625 0.646875 0.7734375 0.64375 0.775 0.6421875 0.7796875 0.6359375 0.7828125 0.634375 0.7890625 0.6265625 0.796875 0.621875 0.7984375 0.621875 0.8015625 0.61875 0.8015625 0.6171875 0.8046875 0.6 0.8046875 0.5984375 0.8015625 0.59375 0.8015625 0.5921875 0.7984375 0.5859375 0.7984375 0.58125 0.796875 0.5796875 0.79375 0.5734375 0.79375 0.5703125 0.7921875 0.5671875 0.7859375 0.5578125 0.784375 0.5421875 0.76875 0.5375 0.76875 0.53125 0.7609375 0.525 0.759375 0.5234375 0.753125 0.5203125 0.7515625 0.5203125 0.74375 0.5234375 0.7421875 0.525 0.73125 0.528125 0.7296875 0.528125 0.7203125 0.53125 0.71875 0.5328125 0.703125 0.5359375 0.7015625 0.5375 0.6828125 0.540625 0.68125 0.5390625 0.6734375 0.5359375 0.675 0.534375 0.68125 0.5265625 0.6734375 0.5140625 0.675 0.5140625 0.6796875 0.50625 0.6859375 0.5046875 0.6984375 0.5015625 0.7 0.5015625 0.70625 0.4984375 0.7078125 0.496875 0.7265625 0.49375 0.728125 0.4890625 0.7390625 0.478125 0.734375 0.4765625 0.73125 0.465625 0.7296875 0.4640625 0.7265625 0.45625 0.7265625 0.4546875 0.7234375 0.4375 0.721875 0.4359375 0.71875 0.4125 0.7171875 0.40625 0.7203125 0.409375 0.7234375 0.409375 0.7296875 0.4125 0.7359375 0.421875 0.740625 0.428125 0.7484375 0.43125 0.7484375 0.4328125 0.753125 0.4390625 0.753125 0.4421875 0.759375 0.446875 0.7609375 0.4546875 0.76875 0.45625 0.7734375 0.4640625 0.775 0.4703125 0.7828125 0.4734375 0.7828125 0.475 0.7875 0.4796875 0.7875 0.48125 0.796875 0.4796875 0.8015625 0.4765625 0.803125 0.4765625 0.8296875 0.4734375 0.83125 0.4734375 0.846875 0.4765625 0.8484375 0.4734375 0.85 0.471875 0.86875 0.46875 0.8703125 0.4671875 0.88125 0.4640625 0.8828125 0.46875 0.8953125 0.4703125 0.8875 0.4734375 0.8859375 0.475 0.8703125 0.4859375 0.859375 0.4875 0.853125 0.49375 0.846875 0.49375 0.840625 0.5 0.83125 0.5 0.8234375 0.503125 0.821875 0.50625 0.815625 0.5109375 0.815625 0.5125 0.8125 0.515625 0.815625 0.521875 0.815625 0.5234375 0.81875 0.5296875 0.81875 0.5359375 0.8203125 0.5375 0.8234375 0.5484375 0.825 0.55 0.828125 0.5640625 0.828125 0.565625 0.83125 0.5796875 0.8328125 0.58125 0.8359375 0.5859375 0.8375 0.5859375 0.846875 0.58125 0.85 0.5796875 0.859375 0.5734375 0.8609375 0.571875 0.86875 0.56875 0.8703125 0.5671875 0.8796875 0.5640625 0.88125 0.559375 0.89375 0.55625 0.8953125 0.5546875 0.9046875 0.55 0.9046875 0.546875 0.909375 0.5375 0.9140625 0.5375 0.9 0.53125 0.89375 0.525 0.89375 0.51875 0.9 0.5171875 0.909375 0.50625 0.9125 0.5046875 0.91875 0.5015625 0.9203125 0.5015625 0.9265625 0.49375 0.934375 0.4875 0.9359375 0.484375 0.9421875 0.4734375 0.946875 0.4734375 0.940625 0.4703125 0.9390625 0.46875 0.93125 0.46875 0.90625 0.465625 0.9046875 0.4640625 0.8984375 0.4609375 0.9 0.459375 0.9046875 0.4484375 0.9046875 0.446875 0.9015625 0.4328125 0.9015625 0.43125 0.8984375 0.40625 0.896875 0.4046875 0.89375 0.3984375 0.89375 0.396875 0.896875 0.3859375 0.896875 0.38125 0.8984375 0.3796875 0.9015625 0.3734375 0.9015625 0.371875 0.9046875 0.3609375 0.90625 0.3328125 0.9046875 0.3328125 0.9 0.328125 0.896875 0.328125 0.890625 0.325 0.8890625 0.3234375 0.88125 0.3203125 0.8796875 0.31875 0.8578125 0.3125 0.8546875 0.3109375 0.840625 0.3078125 0.8390625 0.30625 0.83125 0.303125 0.8296875 0.303125 0.825 0.2984375 0.821875 0.29375 0.8109375 0.290625 0.809375 0.290625 0.803125 0.2875 0.8015625 0.2859375 0.79375 0.2828125 0.7921875 0.28125 0.78125 0.278125 0.7796875 0.278125 0.7703125 0.275 0.76875 0.2734375 0.759375 0.2734375 0.73125 0.2703125 0.7296875 0.2703125 0.7078125 0.2734375 0.70625 0.275 0.6734375 0.278125 0.671875 0.278125 0.665625 0.28125 0.6640625 0.2828125 0.65625 0.2859375 0.6546875 0.2875 0.6453125 0.290625 0.64375 0.2953125 0.63125 0.2984375 0.6296875 0.3 0.615625 0.303125 0.6140625 0.3078125 0.603125 0.3109375 0.6015625 0.3125 0.59375 0.31875 0.5890625 0.3203125 0.5828125 0.3359375 0.56875 0.3375 0.5625 0.34375 0.559375 0.35 0.5453125 0.35625 0.5421875 0.3578125 0.5328125 0.3625 0.5296875 0.3625 0.525 0.3703125 0.5171875 0.3703125 0.5125 0.3796875 0.50625 0.3875 0.4953125 0.39375 0.4921875 0.3953125 0.4875 0.403125 0.48125 0.403125 0.478125 0.4109375 0.471875 0.4125 0.465625 0.4203125 0.459375 0.425 0.45 0.43125 0.446875 0.4328125 0.440625 0.453125 0.421875 0.4578125 0.4109375 0.46875 0.4015625 0.4703125 0.3953125 0.475 0.3921875 0.475 0.3875 0.48125 0.384375 0.4875 0.3703125 0.490625 0.36875 0.4953125 0.3578125 0.4984375 0.35625 0.5 0.3484375 0.50625 0.3421875 0.50625 0.3375 0.5109375 0.334375 0.5125 0.328125 0.5203125 0.321875 0.5203125 0.31875 0.5234375 0.3171875 0.5234375 0.3125 0.528125 0.309375 0.528125 0.30625 0.5328125 0.3015625
Leaf_Rhizoctonia_Leaf_Rhizoctonia_277_jpg.rf.5202b9764f50213d5a9ceb02edb851af,MALFORMED,Invalid part count,5 0.5328125 0.3 0.5515625 0.3 0.553125 0.303125 0.5671875 0.303125 0.56875 0.3 0.5765625 0.3 0.578125 0.303125 0.61875 0.303125 0.6203125 0.30625 0.6296875 0.30625 0.634375 0.3078125 0.6359375 0.3109375 0.646875 0.3125 0.65 0.31875 0.6609375 0.3203125 0.6625 0.325 0.66875 0.325 0.6703125 0.33125 0.6734375 0.328125 0.68125 0.328125 0.690625 0.3359375 0.6984375 0.3359375 0.703125 0.328125 0.7140625 0.328125 0.715625 0.325 0.7265625 0.325 0.728125 0.328125 0.734375 0.328125 0.7359375 0.33125 0.7390625 0.33125 0.740625 0.328125 0.7546875 0.328125 0.75625 0.325 0.7734375 0.325 0.775 0.328125 0.7796875 0.328125 0.78125 0.325 0.7875 0.3234375 0.79375 0.325 0.8140625 0.3234375 0.821875 0.325 0.8234375 0.328125 0.83125 0.328125 0.840625 0.3359375 0.8671875 0.3359375 0.86875 0.3328125 0.8796875 0.3328125 0.884375 0.3375 0.884375 0.3546875 0.88125 0.35625 0.8796875 0.36875 0.8734375 0.375 0.8734375 0.384375 0.871875 0.3890625 0.86875 0.390625 0.8671875 0.4015625 0.8609375 0.4078125 0.859375 0.4171875 0.85625 0.41875 0.8546875 0.43125 0.8515625 0.4328125 0.8515625 0.4390625 0.8484375 0.440625 0.846875 0.4515625 0.84375 0.453125 0.8421875 0.4609375 0.8390625 0.4625 0.8390625 0.4671875 0.834375 0.4703125 0.8296875 0.48125 0.8234375 0.4875 0.8234375 0.49375 0.8171875 0.503125 0.8171875 0.509375 0.8109375 0.515625 0.8046875 0.5296875 0.7984375 0.5328125 0.796875 0.5390625 0.79375 0.540625 0.7921875 0.5484375 0.7859375 0.553125 0.784375 0.559375 0.7796875 0.5625 0.7796875 0.5671875 0.775 0.56875 0.76875 0.575 0.7671875 0.5796875 0.7625 0.58125 0.75625 0.5875 0.75625 0.5921875 0.7484375 0.5984375 0.746875 0.60625 0.74375 0.6078125 0.7421875 0.6140625 0.7359375 0.61875 0.734375 0.6296875 0.73125 0.63125 0.73125 0.634375 0.7265625 0.6359375 0.7171875 0.6546875 0.7140625 0.65625 0.7140625 0.6609375 0.709375 0.665625 0.709375 0.6765625 0.70625 0.678125 0.7046875 0.684375 0.7 0.6859375 0.696875 0.6921875 0.69375 0.69375 0.6921875 0.7046875 0.684375 0.7125 0.684375 0.71875 0.68125 0.7203125 0.6796875 0.7265625 0.66875 0.7390625 0.6640625 0.740625 0.6609375 0.746875 0.65625 0.7484375 0.6546875 0.759375 0.6484375 0.7625 0.646875 0.7734375 0.64375 0.775 0.6421875 0.7796875 0.6359375 0.7828125 0.634375 0.7890625 0.6265625 0.796875 0.621875 0.7984375 0.621875 0.8015625 0.61875 0.8015625 0.6171875 0.8046875 0.6 0.8046875 0.5984375 0.8015625 0.59375 0.8015625 0.5921875 0.7984375 0.5859375 0.7984375 0.58125 0.796875 0.5796875 0.79375 0.5734375 0.79375 0.5703125 0.7921875 0.5671875 0.7859375 0.5578125 0.784375 0.5421875 0.76875 0.5375 0.76875 0.53125 0.7609375 0.525 0.759375 0.5234375 0.753125 0.5203125 0.7515625 0.5203125 0.74375 0.5234375 0.7421875 0.525 0.73125 0.528125 0.7296875 0.528125 0.7203125 0.53125 0.71875 0.5328125 0.703125 0.5359375 0.7015625 0.5375 0.6828125 0.540625 0.68125 0.5390625 0.6734375 0.5359375 0.675 0.534375 0.68125 0.5265625 0.6734375 0.5140625 0.675 0.5140625 0.6796875 0.50625 0.6859375 0.5046875 0.6984375 0.5015625 0.7 0.5015625 0.70625 0.4984375 0.7078125 0.496875 0.7265625 0.49375 0.728125 0.4890625 0.7390625 0.478125 0.734375 0.4765625 0.73125 0.465625 0.7296875 0.4640625 0.7265625 0.45625 0.7265625 0.4546875 0.7234375 0.4375 0.721875 0.4359375 0.71875 0.4125 0.7171875 0.40625 0.7203125 0.409375 0.7234375 0.409375 0.7296875 0.4125 0.7359375 0.421875 0.740625 0.428125 0.7484375 0.43125 0.7484375 0.4328125 0.753125 0.4390625 0.753125 0.4421875 0.759375 0.446875 0.7609375 0.4546875 0.76875 0.45625 0.7734375 0.4640625 0.775 0.4703125 0.7828125 0.4734375 0.7828125 0.475 0.7875 0.4796875 0.7875 0.48125 0.796875 0.4796875 0.8015625 0.4765625 0.803125 0.4765625 0.8296875 0.4734375 0.83125 0.4734375 0.846875 0.4765625 0.8484375 0.4734375 0.85 0.471875 0.86875 0.46875 0.8703125 0.4671875 0.88125 0.4640625 0.8828125 0.46875 0.8953125 0.4703125 0.8875 0.4734375 0.8859375 0.475 0.8703125 0.4859375 0.859375 0.4875 0.853125 0.49375 0.846875 0.49375 0.840625 0.5 0.83125 0.5 0.8234375 0.503125 0.821875 0.50625 0.815625 0.5109375 0.815625 0.5125 0.8125 0.515625 0.815625 0.521875 0.815625 0.5234375 0.81875 0.5296875 0.81875 0.5359375 0.8203125 0.5375 0.8234375 0.5484375 0.825 0.55 0.828125 0.5640625 0.828125 0.565625 0.83125 0.5796875 0.8328125 0.58125 0.8359375 0.5859375 0.8375 0.5859375 0.846875 0.58125 0.85 0.5796875 0.859375 0.5734375 0.8609375 0.571875 0.86875 0.56875 0.8703125 0.5671875 0.8796875 0.5640625 0.88125 0.559375 0.89375 0.55625 0.8953125 0.5546875 0.9046875 0.55 0.9046875 0.546875 0.909375 0.5375 0.9140625 0.5375 0.9 0.53125 0.89375 0.525 0.89375 0.51875 0.9 0.5171875 0.909375 0.50625 0.9125 0.5046875 0.91875 0.5015625 0.9203125 0.5015625 0.9265625 0.49375 0.934375 0.4875 0.9359375 0.484375 0.9421875 0.4734375 0.946875 0.4734375 0.940625 0.4703125 0.9390625 0.46875 0.93125 0.46875 0.90625 0.465625 0.9046875 0.4640625 0.8984375 0.4609375 0.9 0.459375 0.9046875 0.4484375 0.9046875 0.446875 0.9015625 0.4328125 0.9015625 0.43125 0.8984375 0.40625 0.896875 0.4046875 0.89375 0.3984375 0.89375 0.396875 0.896875 0.3859375 0.896875 0.38125 0.8984375 0.3796875 0.9015625 0.3734375 0.9015625 0.371875 0.9046875 0.3609375 0.90625 0.3328125 0.9046875 0.3328125 0.9 0.328125 0.896875 0.328125 0.890625 0.325 0.8890625 0.3234375 0.88125 0.3203125 0.8796875 0.31875 0.8578125 0.3125 0.8546875 0.3109375 0.840625 0.3078125 0.8390625 0.30625 0.83125 0.303125 0.8296875 0.303125 0.825 0.2984375 0.821875 0.29375 0.8109375 0.290625 0.809375 0.290625 0.803125 0.2875 0.8015625 0.2859375 0.79375 0.2828125 0.7921875 0.28125 0.78125 0.278125 0.7796875 0.278125 0.7703125 0.275 0.76875 0.2734375 0.759375 0.2734375 0.73125 0.2703125 0.7296875 0.2703125 0.7078125 0.2734375 0.70625 0.275 0.6734375 0.278125 0.671875 0.278125 0.665625 0.28125 0.6640625 0.2828125 0.65625 0.2859375 0.6546875 0.2875 0.6453125 0.290625 0.64375 0.2953125 0.63125 0.2984375 0.6296875 0.3 0.615625 0.303125 0.6140625 0.3078125 0.603125 0.3109375 0.6015625 0.3125 0.59375 0.31875 0.5890625 0.3203125 0.5828125 0.3359375 0.56875 0.3375 0.5625 0.34375 0.559375 0.35 0.5453125 0.35625 0.5421875 0.3578125 0.5328125 0.3625 0.5296875 0.3625 0.525 0.3703125 0.5171875 0.3703125 0.5125 0.3796875 0.50625 0.3875 0.4953125 0.39375 0.4921875 0.3953125 0.4875 0.403125 0.48125 0.403125 0.478125 0.4109375 0.471875 0.4125 0.465625 0.4203125 0.459375 0.425 0.45 0.43125 0.446875 0.4328125 0.440625 0.453125 0.421875 0.4578125 0.4109375 0.46875 0.4015625 0.4703125 0.3953125 0.475 0.3921875 0.475 0.3875 0.48125 0.384375 0.4875 0.3703125 0.490625 0.36875 0.4953125 0.3578125 0.4984375 0.35625 0.5 0.3484375 0.50625 0.3421875 0.50625 0.3375 0.5109375 0.334375 0.5125 0.328125 0.5203125 0.321875 0.5203125 0.31875 0.5234375 0.3171875 0.5234375 0.3125 0.528125 0.309375 0.528125 0.30625 0.5328125 0.3015625
Leaf_Rhizoctonia_Leaf_Rhizoctonia_277_jpg.rf.9e7872c72145abe84fc7b1c320ec894f,MALFORMED,Invalid part count,5 0.421875 0.3 0.4296875 0.3 0.43125 0.303125 0.4453125 0.303125 0.446875 0.3 0.465625 0.3 0.4703125 0.309375 0.475 0.3125 0.475 0.3171875 0.478125 0.31875 0.478125 0.321875 0.4859375 0.328125 0.4875 0.334375 0.4921875 0.3375 0.4921875 0.3421875 0.4984375 0.3484375 0.5 0.35625 0.503125 0.3578125 0.5046875 0.3640625 0.5109375 0.3703125 0.5171875 0.384375 0.5234375 0.3875 0.5234375 0.3921875 0.528125 0.3953125 0.5296875 0.4015625 0.540625 0.4109375 0.5453125 0.421875 0.565625 0.440625 0.5671875 0.446875 0.5734375 0.45 0.578125 0.459375 0.5859375 0.465625 0.5875 0.471875 0.5953125 0.478125 0.5953125 0.48125 0.603125 0.4875 0.6046875 0.4921875 0.6109375 0.4953125 0.6171875 0.5046875 0.628125 0.5125 0.628125 0.5171875 0.6328125 0.5203125 0.6328125 0.5234375 0.6359375 0.525 0.6359375 0.5296875 0.640625 0.5328125 0.6421875 0.5421875 0.6484375 0.5453125 0.6546875 0.559375 0.6609375 0.5625 0.6625 0.56875 0.678125 0.5828125 0.6796875 0.5890625 0.6859375 0.59375 0.6875 0.6015625 0.690625 0.603125 0.6921875 0.609375 0.6984375 0.615625 0.7 0.6296875 0.703125 0.63125 0.7046875 0.6390625 0.7109375 0.6453125 0.7125 0.6546875 0.715625 0.65625 0.7171875 0.6640625 0.7203125 0.665625 0.7203125 0.671875 0.7234375 0.6734375 0.725 0.70625 0.728125 0.7078125 0.728125 0.7296875 0.725 0.73125 0.7234375 0.76875 0.7203125 0.7703125 0.7203125 0.7796875 0.7171875 0.78125 0.715625 0.7921875 0.7125 0.79375 0.7109375 0.8015625 0.7078125 0.803125 0.7078125 0.809375 0.7046875 0.8109375 0.7 0.821875 0.6953125 0.825 0.6953125 0.8296875 0.6921875 0.83125 0.690625 0.8390625 0.6875 0.840625 0.6859375 0.8546875 0.6796875 0.8578125 0.678125 0.8796875 0.675 0.88125 0.6734375 0.8890625 0.6703125 0.890625 0.6703125 0.896875 0.665625 0.9 0.665625 0.9046875 0.6578125 0.90625 0.6265625 0.9046875 0.625 0.9015625 0.61875 0.9015625 0.6171875 0.8984375 0.6125 0.896875 0.6015625 0.896875 0.6 0.89375 0.59375 0.89375 0.5921875 0.896875 0.5671875 0.8984375 0.565625 0.9015625 0.5515625 0.9015625 0.55 0.9046875 0.5390625 0.9046875 0.5375 0.9 0.534375 0.8984375 0.5328125 0.9046875 0.5296875 0.90625 0.5296875 0.93125 0.528125 0.9390625 0.525 0.940625 0.525 0.946875 0.5140625 0.9421875 0.5109375 0.9359375 0.5046875 0.934375 0.496875 0.9265625 0.496875 0.9203125 0.49375 0.91875 0.4921875 0.9125 0.48125 0.909375 0.48125 0.903125 0.4734375 0.89375 0.4671875 0.89375 0.4609375 0.9 0.4609375 0.9140625 0.4515625 0.909375 0.4484375 0.9046875 0.44375 0.9046875 0.4421875 0.8953125 0.4390625 0.89375 0.4375 0.8859375 0.43125 0.8796875 0.43125 0.875 0.4296875 0.8703125 0.4265625 0.86875 0.425 0.8609375 0.41875 0.859375 0.41875 0.853125 0.4125 0.846875 0.4125 0.8375 0.4171875 0.8359375 0.41875 0.8328125 0.4328125 0.83125 0.434375 0.828125 0.4484375 0.828125 0.45 0.825 0.4609375 0.8234375 0.4625 0.8203125 0.475 0.81875 0.4765625 0.815625 0.4828125 0.815625 0.4859375 0.8125 0.4875 0.815625 0.4921875 0.815625 0.4953125 0.821875 0.4984375 0.8234375 0.4984375 0.83125 0.5046875 0.840625 0.5046875 0.846875 0.5109375 0.853125 0.5125 0.859375 0.5234375 0.8703125 0.525 0.8859375 0.528125 0.8875 0.5296875 0.8953125 0.534375 0.8828125 0.53125 0.88125 0.5296875 0.8703125 0.5265625 0.86875 0.525 0.85 0.521875 0.8484375 0.525 0.846875 0.525 0.83125 0.521875 0.8296875 0.521875 0.803125 0.51875 0.8015625 0.5171875 0.796875 0.51875 0.7875 0.5234375 0.7875 0.525 0.7828125 0.528125 0.7828125 0.534375 0.775 0.5421875 0.7734375 0.54375 0.76875 0.5515625 0.7609375 0.5546875 0.7609375 0.559375 0.753125 0.565625 0.753125 0.5671875 0.7484375 0.5703125 0.7484375 0.5765625 0.740625 0.5859375 0.7359375 0.5890625 0.7296875 0.5890625 0.7234375 0.5921875 0.7203125 0.5859375 0.7171875 0.5625 0.71875 0.5609375 0.721875 0.54375 0.7234375 0.5421875 0.7265625 0.534375 0.7265625 0.5328125 0.7296875 0.521875 0.73125 0.5203125 0.734375 0.509375 0.7390625 0.5046875 0.728125 0.5015625 0.7265625 0.5 0.7078125 0.496875 0.70625 0.496875 0.7 0.49375 0.6984375 0.4921875 0.6859375 0.484375 0.6796875 0.484375 0.675 0.471875 0.6734375 0.4640625 0.68125 0.4625 0.675 0.459375 0.6734375 0.4578125 0.68125 0.4609375 0.6828125 0.4625 0.7015625 0.465625 0.703125 0.4671875 0.71875 0.4703125 0.7203125 0.4703125 0.7296875 0.4734375 0.73125 0.475 0.7421875 0.478125 0.74375 0.478125 0.7515625 0.475 0.753125 0.4734375 0.759375 0.4671875 0.7609375 0.4609375 0.76875 0.45625 0.76875 0.440625 0.784375 0.43125 0.7859375 0.428125 0.7921875 0.425 0.79375 0.41875 0.79375 0.4171875 0.796875 0.40625 0.7984375 0.4046875 0.8015625 0.4 0.8015625 0.3984375 0.8046875 0.38125 0.8046875 0.3796875 0.8015625 0.3765625 0.8015625 0.3765625 0.7984375 0.371875 0.796875 0.3640625 0.7890625 0.3625 0.7828125 0.35625 0.7796875 0.3546875 0.775 0.3515625 0.7734375 0.35 0.7625 0.34375 0.759375 0.3421875 0.7484375 0.3375 0.746875 0.334375 0.740625 0.3296875 0.7390625 0.31875 0.7265625 0.3171875 0.7203125 0.3140625 0.71875 0.3140625 0.7125 0.30625 0.7046875 0.3046875 0.69375 0.3015625 0.6921875 0.2984375 0.6859375 0.29375 0.684375 0.2921875 0.678125 0.2890625 0.6765625 0.2890625 0.665625 0.284375 0.6609375 0.284375 0.65625 0.28125 0.6546875 0.271875 0.6359375 0.2671875 0.634375 0.2671875 0.63125 0.2640625 0.6296875 0.2625 0.61875 0.25625 0.6140625 0.2546875 0.6078125 0.2515625 0.60625 0.25 0.5984375 0.2421875 0.5921875 0.2421875 0.5875 0.2359375 0.58125 0.23125 0.5796875 0.2296875 0.575 0.2234375 0.56875 0.21875 0.5671875 0.21875 0.5625 0.2140625 0.559375 0.2125 0.553125 0.20625 0.5484375 0.2046875 0.540625 0.2015625 0.5390625 0.2 0.5328125 0.19375 0.5296875 0.1875 0.515625 0.18125 0.509375 0.18125 0.503125 0.1765625 0.4984375 0.175 0.4875 0.16875 0.48125 0.1640625 0.4703125 0.159375 0.4671875 0.159375 0.4625 0.15625 0.4609375 0.1546875 0.453125 0.1515625 0.4515625 0.15 0.440625 0.146875 0.4390625 0.146875 0.4328125 0.14375 0.43125 0.1421875 0.4265625 0.1421875 0.41875 0.1390625 0.4171875 0.1375 0.4078125 0.13125 0.4015625 0.1296875 0.390625 0.1265625 0.3890625 0.125 0.384375 0.125 0.375 0.11875 0.36875 0.1171875 0.35625 0.1140625 0.3546875 0.1140625 0.3375 0.11875 0.3328125 0.1296875 0.3328125 0.13125 0.3359375 0.1578125 0.3359375 0.1671875 0.328125 0.175 0.328125 0.1765625 0.325 0.2109375 0.3234375 0.2171875 0.325 0.21875 0.328125 0.2234375 0.328125 0.225 0.325 0.2421875 0.325 0.24375 0.328125 0.2578125 0.328125 0.259375 0.33125 0.2625 0.33125 0.2640625 0.328125 0.2703125 0.328125 0.271875 0.325 0.2828125 0.325 0.284375 0.328125 0.2953125 0.328125 0.3 0.3359375 0.3078125 0.3359375 0.3171875 0.328125 0.325 0.328125 0.328125 0.33125 0.3296875 0.325 0.3359375 0.325 0.3375 0.3203125 0.3484375 0.31875 0.3515625 0.3125 0.3625 0.3109375 0.3640625 0.3078125 0.36875 0.30625 0.378125 0.30625 0.3796875 0.303125 0.4203125 0.303125 0.421875 0.3015625
Leaf_Rhizoctonia_Leaf_Rhizoctonia_278,MISSING_LABEL,,No label file
Leaf_Rhizoctonia_Leaf_Rhizoctonia_279,MISSING_LABEL,,No label file
Leaf_Rhizoctonia_Leaf_Rhizoctonia_28,MISSING_LABEL,,No label file
Leaf_Rhizoctonia_Leaf_Rhizoctonia_280,MISSING_LABEL,,No label file
Leaf_Rhizoctonia_Leaf_Rhizoctonia_281,MISSING_LABEL,,No label file
Leaf_Rhizoctonia_Leaf_Rhizoctonia_282,MISSING_LABEL,,No label file
Leaf_Rhizoctonia_Leaf_Rhizoctonia_283,MISSING_LABEL,,No label file
Leaf_Rhizoctonia_Leaf_Rhizoctonia_284,MISSING_LABEL,,No label file
Leaf_Rhizoctonia_Leaf_Rhizoctonia_285,MISSING_LABEL,,No label file
Leaf_Rhizoctonia_Leaf_Rhizoctonia_286,MISSING_LABEL,,No label file
Leaf_Rhizoctonia_Leaf_Rhizoctonia_287,MISSING_LABEL,,No label file
Leaf_Rhizoctonia_Leaf_Rhizoctonia_288,MISSING_LABEL,,No label file
Leaf_Rhizoctonia_Leaf_Rhizoctonia_289,MISSING_LABEL,,No label file
Leaf_Rhizoctonia_Leaf_Rhizoctonia_29,MISSING_LABEL,,No label file
Leaf_Rhizoctonia_Leaf_Rhizoctonia_290,MISSING_LABEL,,No label file
Leaf_Rhizoctonia_Leaf_Rhizoctonia_291,VALID,,
Leaf_Rhizoctonia_Leaf_Rhizoctonia_292,MISSING_LABEL,,No label file
Leaf_Rhizoctonia_Leaf_Rhizoctonia_293,MISSING_LABEL,,No label file
Leaf_Rhizoctonia_Leaf_Rhizoctonia_294,MISSING_LABEL,,No label file
Leaf_Rhizoctonia_Leaf_Rhizoctonia_295,MISSING_LABEL,,No label file
Leaf_Rhizoctonia_Leaf_Rhizoctonia_296,MISSING_LABEL,,No label file
Leaf_Rhizoctonia_Leaf_Rhizoctonia_297,MISSING_LABEL,,No label file
Leaf_Rhizoctonia_Leaf_Rhizoctonia_298,MISSING_LABEL,,No label file
Leaf_Rhizoctonia_Leaf_Rhizoctonia_299,MISSING_LABEL,,No label file
Leaf_Rhizoctonia_Leaf_Rhizoctonia_3,MISSING_LABEL,,No label file
Leaf_Rhizoctonia_Leaf_Rhizoctonia_30,MISSING_LABEL,,No label file
Leaf_Rhizoctonia_Leaf_Rhizoctonia_300,MISSING_LABEL,,No label file
Leaf_Rhizoctonia_Leaf_Rhizoctonia_301,MISSING_LABEL,,No label file
Leaf_Rhizoctonia_Leaf_Rhizoctonia_302,MISSING_LABEL,,No label file
Leaf_Rhizoctonia_Leaf_Rhizoctonia_303,MISSING_LABEL,,No label file
Leaf_Rhizoctonia_Leaf_Rhizoctonia_304,MISSING_LABEL,,No label file
Leaf_Rhizoctonia_Leaf_Rhizoctonia_305,MISSING_LABEL,,No label file
Leaf_Rhizoctonia_Leaf_Rhizoctonia_306,MISSING_LABEL,,No label file
Leaf_Rhizoctonia_Leaf_Rhizoctonia_307,MISSING_LABEL,,No label file
Leaf_Rhizoctonia_Leaf_Rhizoctonia_308,MISSING_LABEL,,No label file
Leaf_Rhizoctonia_Leaf_Rhizoctonia_309,MISSING_LABEL,,No label file
Leaf_Rhizoctonia_Leaf_Rhizoctonia_31,MISSING_LABEL,,No label file
Leaf_Rhizoctonia_Leaf_Rhizoctonia_310,MISSING_LABEL,,No label file
Leaf_Rhizoctonia_Leaf_Rhizoctonia_311,MISSING_LABEL,,No label file
Leaf_Rhizoctonia_Leaf_Rhizoctonia_312,MISSING_LABEL,,No label file
Leaf_Rhizoctonia_Leaf_Rhizoctonia_313,MISSING_LABEL,,No label file
Leaf_Rhizoctonia_Leaf_Rhizoctonia_314,MISSING_LABEL,,No label file
Leaf_Rhizoctonia_Leaf_Rhizoctonia_315,MISSING_LABEL,,No label file
Leaf_Rhizoctonia_Leaf_Rhizoctonia_316,MISSING_LABEL,,No label file
Leaf_Rhizoctonia_Leaf_Rhizoctonia_317,MISSING_LABEL,,No label file
Leaf_Rhizoctonia_Leaf_Rhizoctonia_318,MISSING_LABEL,,No label file
Leaf_Rhizoctonia_Leaf_Rhizoctonia_319,MISSING_LABEL,,No label file
Leaf_Rhizoctonia_Leaf_Rhizoctonia_32,MISSING_LABEL,,No label file
Leaf_Rhizoctonia_Leaf_Rhizoctonia_320,MISSING_LABEL,,No label file
Leaf_Rhizoctonia_Leaf_Rhizoctonia_321,MISSING_LABEL,,No label file
Leaf_Rhizoctonia_Leaf_Rhizoctonia_322,MISSING_LABEL,,No label file
Leaf_Rhizoctonia_Leaf_Rhizoctonia_323,MISSING_LABEL,,No label file
Leaf_Rhizoctonia_Leaf_Rhizoctonia_324,MISSING_LABEL,,No label file
Leaf_Rhizoctonia_Leaf_Rhizoctonia_325,MISSING_LABEL,,No label file
Leaf_Rhizoctonia_Leaf_Rhizoctonia_326,VALID,,
Leaf_Rhizoctonia_Leaf_Rhizoctonia_327,VALID,,
Leaf_Rhizoctonia_Leaf_Rhizoctonia_328,MISSING_LABEL,,No label file
Leaf_Rhizoctonia_Leaf_Rhizoctonia_329,MISSING_LABEL,,No label file
Leaf_Rhizoctonia_Leaf_Rhizoctonia_33,MISSING_LABEL,,No label file
Leaf_Rhizoctonia_Leaf_Rhizoctonia_330,MISSING_LABEL,,No label file
Leaf_Rhizoctonia_Leaf_Rhizoctonia_331,MISSING_LABEL,,No label file
Leaf_Rhizoctonia_Leaf_Rhizoctonia_332,MISSING_LABEL,,No label file
Leaf_Rhizoctonia_Leaf_Rhizoctonia_333,MISSING_LABEL,,No label file
Leaf_Rhizoctonia_Leaf_Rhizoctonia_334,MISSING_LABEL,,No label file
Leaf_Rhizoctonia_Leaf_Rhizoctonia_335,MISSING_LABEL,,No label file
Leaf_Rhizoctonia_Leaf_Rhizoctonia_336,MISSING_LABEL,,No label file
Leaf_Rhizoctonia_Leaf_Rhizoctonia_337,MISSING_LABEL,,No label file
Leaf_Rhizoctonia_Leaf_Rhizoctonia_338,MISSING_LABEL,,No label file
Leaf_Rhizoctonia_Leaf_Rhizoctonia_339,MISSING_LABEL,,No label file
Leaf_Rhizoctonia_Leaf_Rhizoctonia_34,VALID,,
Leaf_Rhizoctonia_Leaf_Rhizoctonia_340,MISSING_LABEL,,No label file
Leaf_Rhizoctonia_Leaf_Rhizoctonia_341,MISSING_LABEL,,No label file
Leaf_Rhizoctonia_Leaf_Rhizoctonia_342,MISSING_LABEL,,No label file
Leaf_Rhizoctonia_Leaf_Rhizoctonia_343,MISSING_LABEL,,No label file
Leaf_Rhizoctonia_Leaf_Rhizoctonia_344,MISSING_LABEL,,No label file
Leaf_Rhizoctonia_Leaf_Rhizoctonia_345,MISSING_LABEL,,No label file
Leaf_Rhizoctonia_Leaf_Rhizoctonia_346,MISSING_LABEL,,No label file
Leaf_Rhizoctonia_Leaf_Rhizoctonia_347,MISSING_LABEL,,No label file
Leaf_Rhizoctonia_Leaf_Rhizoctonia_348,MISSING_LABEL,,No label file
Leaf_Rhizoctonia_Leaf_Rhizoctonia_349,MISSING_LABEL,,No label file
Leaf_Rhizoctonia_Leaf_Rhizoctonia_35,VALID,,
Leaf_Rhizoctonia_Leaf_Rhizoctonia_350,MISSING_LABEL,,No label file
Leaf_Rhizoctonia_Leaf_Rhizoctonia_351,MISSING_LABEL,,No label file
Leaf_Rhizoctonia_Leaf_Rhizoctonia_352,MISSING_LABEL,,No label file
Leaf_Rhizoctonia_Leaf_Rhizoctonia_353,MISSING_LABEL,,No label file
Leaf_Rhizoctonia_Leaf_Rhizoctonia_354,MISSING_LABEL,,No label file
Leaf_Rhizoctonia_Leaf_Rhizoctonia_355,MISSING_LABEL,,No label file
Leaf_Rhizoctonia_Leaf_Rhizoctonia_356,MISSING_LABEL,,No label file
Leaf_Rhizoctonia_Leaf_Rhizoctonia_357,MISSING_LABEL,,No label file
Leaf_Rhizoctonia_Leaf_Rhizoctonia_358,VALID,,
Leaf_Rhizoctonia_Leaf_Rhizoctonia_359,MISSING_LABEL,,No label file
Leaf_Rhizoctonia_Leaf_Rhizoctonia_36,MISSING_LABEL,,No label file
Leaf_Rhizoctonia_Leaf_Rhizoctonia_360,MISSING_LABEL,,No label file
Leaf_Rhizoctonia_Leaf_Rhizoctonia_361,MISSING_LABEL,,No label file
Leaf_Rhizoctonia_Leaf_Rhizoctonia_362,MISSING_LABEL,,No label file
Leaf_Rhizoctonia_Leaf_Rhizoctonia_363,MISSING_LABEL,,No label file
Leaf_Rhizoctonia_Leaf_Rhizoctonia_364,MISSING_LABEL,,No label file
Leaf_Rhizoctonia_Leaf_Rhizoctonia_365,MISSING_LABEL,,No label file
Leaf_Rhizoctonia_Leaf_Rhizoctonia_366,MISSING_LABEL,,No label file
Leaf_Rhizoctonia_Leaf_Rhizoctonia_367,MISSING_LABEL,,No label file
Leaf_Rhizoctonia_Leaf_Rhizoctonia_368,MISSING_LABEL,,No label file
Leaf_Rhizoctonia_Leaf_Rhizoctonia_369,MISSING_LABEL,,No label file
Leaf_Rhizoctonia_Leaf_Rhizoctonia_37,MISSING_LABEL,,No label file
Leaf_Rhizoctonia_Leaf_Rhizoctonia_370,MISSING_LABEL,,No label file
Leaf_Rhizoctonia_Leaf_Rhizoctonia_371,MISSING_LABEL,,No label file
Leaf_Rhizoctonia_Leaf_Rhizoctonia_372,MISSING_LABEL,,No label file
Leaf_Rhizoctonia_Leaf_Rhizoctonia_373,MISSING_LABEL,,No label file
Leaf_Rhizoctonia_Leaf_Rhizoctonia_374,MISSING_LABEL,,No label file
Leaf_Rhizoctonia_Leaf_Rhizoctonia_375,MISSING_LABEL,,No label file
Leaf_Rhizoctonia_Leaf_Rhizoctonia_376,MISSING_LABEL,,No label file
Leaf_Rhizoctonia_Leaf_Rhizoctonia_377,MISSING_LABEL,,No label file
Leaf_Rhizoctonia_Leaf_Rhizoctonia_378,MISSING_LABEL,,No label file
Leaf_Rhizoctonia_Leaf_Rhizoctonia_379,MISSING_LABEL,,No label file
Leaf_Rhizoctonia_Leaf_Rhizoctonia_38,MISSING_LABEL,,No label file
Leaf_Rhizoctonia_Leaf_Rhizoctonia_380,MISSING_LABEL,,No label file
Leaf_Rhizoctonia_Leaf_Rhizoctonia_381,MISSING_LABEL,,No label file
Leaf_Rhizoctonia_Leaf_Rhizoctonia_382,VALID,,
Leaf_Rhizoctonia_Leaf_Rhizoctonia_383,VALID,,
Leaf_Rhizoctonia_Leaf_Rhizoctonia_384,MISSING_LABEL,,No label file
Leaf_Rhizoctonia_Leaf_Rhizoctonia_385,MISSING_LABEL,,No label file
Leaf_Rhizoctonia_Leaf_Rhizoctonia_386,MISSING_LABEL,,No label file
Leaf_Rhizoctonia_Leaf_Rhizoctonia_387,MISSING_LABEL,,No label file
Leaf_Rhizoctonia_Leaf_Rhizoctonia_388,MISSING_LABEL,,No label file
Leaf_Rhizoctonia_Leaf_Rhizoctonia_389,MISSING_LABEL,,No label file
Leaf_Rhizoctonia_Leaf_Rhizoctonia_39,MISSING_LABEL,,No label file
Leaf_Rhizoctonia_Leaf_Rhizoctonia_390,MISSING_LABEL,,No label file
Leaf_Rhizoctonia_Leaf_Rhizoctonia_391,MISSING_LABEL,,No label file
Leaf_Rhizoctonia_Leaf_Rhizoctonia_392,MISSING_LABEL,,No label file
Leaf_Rhizoctonia_Leaf_Rhizoctonia_393,MISSING_LABEL,,No label file
Leaf_Rhizoctonia_Leaf_Rhizoctonia_394,MISSING_LABEL,,No label file
Leaf_Rhizoctonia_Leaf_Rhizoctonia_395,MISSING_LABEL,,No label file
Leaf_Rhizoctonia_Leaf_Rhizoctonia_396,MISSING_LABEL,,No label file
Leaf_Rhizoctonia_Leaf_Rhizoctonia_397,MISSING_LABEL,,No label file
Leaf_Rhizoctonia_Leaf_Rhizoctonia_398,MISSING_LABEL,,No label file
Leaf_Rhizoctonia_Leaf_Rhizoctonia_4,MISSING_LABEL,,No label file
Leaf_Rhizoctonia_Leaf_Rhizoctonia_40,MISSING_LABEL,,No label file
Leaf_Rhizoctonia_Leaf_Rhizoctonia_41,MISSING_LABEL,,No label file
Leaf_Rhizoctonia_Leaf_Rhizoctonia_42,MISSING_LABEL,,No label file
Leaf_Rhizoctonia_Leaf_Rhizoctonia_43,MISSING_LABEL,,No label file
Leaf_Rhizoctonia_Leaf_Rhizoctonia_44,MISSING_LABEL,,No label file
Leaf_Rhizoctonia_Leaf_Rhizoctonia_45,MISSING_LABEL,,No label file
Leaf_Rhizoctonia_Leaf_Rhizoctonia_46,MISSING_LABEL,,No label file
Leaf_Rhizoctonia_Leaf_Rhizoctonia_47,MISSING_LABEL,,No label file
Leaf_Rhizoctonia_Leaf_Rhizoctonia_48,MISSING_LABEL,,No label file
Leaf_Rhizoctonia_Leaf_Rhizoctonia_49,MISSING_LABEL,,No label file
Leaf_Rhizoctonia_Leaf_Rhizoctonia_5,MISSING_LABEL,,No label file
Leaf_Rhizoctonia_Leaf_Rhizoctonia_50,MISSING_LABEL,,No label file
Leaf_Rhizoctonia_Leaf_Rhizoctonia_51,MISSING_LABEL,,No label file
Leaf_Rhizoctonia_Leaf_Rhizoctonia_52,MISSING_LABEL,,No label file
Leaf_Rhizoctonia_Leaf_Rhizoctonia_53,MISSING_LABEL,,No label file
Leaf_Rhizoctonia_Leaf_Rhizoctonia_54,MISSING_LABEL,,No label file
Leaf_Rhizoctonia_Leaf_Rhizoctonia_55,MISSING_LABEL,,No label file
Leaf_Rhizoctonia_Leaf_Rhizoctonia_56,MISSING_LABEL,,No label file
Leaf_Rhizoctonia_Leaf_Rhizoctonia_57,MISSING_LABEL,,No label file
Leaf_Rhizoctonia_Leaf_Rhizoctonia_58,MISSING_LABEL,,No label file
Leaf_Rhizoctonia_Leaf_Rhizoctonia_59,MISSING_LABEL,,No label file
Leaf_Rhizoctonia_Leaf_Rhizoctonia_6,MISSING_LABEL,,No label file
Leaf_Rhizoctonia_Leaf_Rhizoctonia_60,MISSING_LABEL,,No label file
Leaf_Rhizoctonia_Leaf_Rhizoctonia_61,MISSING_LABEL,,No label file
Leaf_Rhizoctonia_Leaf_Rhizoctonia_62,MISSING_LABEL,,No label file
Leaf_Rhizoctonia_Leaf_Rhizoctonia_63,MISSING_LABEL,,No label file
Leaf_Rhizoctonia_Leaf_Rhizoctonia_64,MISSING_LABEL,,No label file
Leaf_Rhizoctonia_Leaf_Rhizoctonia_65,MISSING_LABEL,,No label file
Leaf_Rhizoctonia_Leaf_Rhizoctonia_66,MISSING_LABEL,,No label file
Leaf_Rhizoctonia_Leaf_Rhizoctonia_67,MISSING_LABEL,,No label file
Leaf_Rhizoctonia_Leaf_Rhizoctonia_68,MISSING_LABEL,,No label file
Leaf_Rhizoctonia_Leaf_Rhizoctonia_69,MISSING_LABEL,,No label file
Leaf_Rhizoctonia_Leaf_Rhizoctonia_7,VALID,,
Leaf_Rhizoctonia_Leaf_Rhizoctonia_70,MISSING_LABEL,,No label file
Leaf_Rhizoctonia_Leaf_Rhizoctonia_71,VALID,,
Leaf_Rhizoctonia_Leaf_Rhizoctonia_72,MISSING_LABEL,,No label file
Leaf_Rhizoctonia_Leaf_Rhizoctonia_73,MISSING_LABEL,,No label file
Leaf_Rhizoctonia_Leaf_Rhizoctonia_74,MISSING_LABEL,,No label file
Leaf_Rhizoctonia_Leaf_Rhizoctonia_75,MISSING_LABEL,,No label file
Leaf_Rhizoctonia_Leaf_Rhizoctonia_76,MISSING_LABEL,,No label file
Leaf_Rhizoctonia_Leaf_Rhizoctonia_77,MISSING_LABEL,,No label file
Leaf_Rhizoctonia_Leaf_Rhizoctonia_78,MISSING_LABEL,,No label file
Leaf_Rhizoctonia_Leaf_Rhizoctonia_79,MISSING_LABEL,,No label file
Leaf_Rhizoctonia_Leaf_Rhizoctonia_8,MISSING_LABEL,,No label file
Leaf_Rhizoctonia_Leaf_Rhizoctonia_80,MISSING_LABEL,,No label file
Leaf_Rhizoctonia_Leaf_Rhizoctonia_81,MISSING_LABEL,,No label file
Leaf_Rhizoctonia_Leaf_Rhizoctonia_82,MISSING_LABEL,,No label file
Leaf_Rhizoctonia_Leaf_Rhizoctonia_83,MISSING_LABEL,,No label file
Leaf_Rhizoctonia_Leaf_Rhizoctonia_84,MISSING_LABEL,,No label file
Leaf_Rhizoctonia_Leaf_Rhizoctonia_85,MISSING_LABEL,,No label file
Leaf_Rhizoctonia_Leaf_Rhizoctonia_86,MISSING_LABEL,,No label file
Leaf_Rhizoctonia_Leaf_Rhizoctonia_87,MISSING_LABEL,,No label file
Leaf_Rhizoctonia_Leaf_Rhizoctonia_88,MISSING_LABEL,,No label file
Leaf_Rhizoctonia_Leaf_Rhizoctonia_89,MISSING_LABEL,,No label file
Leaf_Rhizoctonia_Leaf_Rhizoctonia_9,VALID,,
Leaf_Rhizoctonia_Leaf_Rhizoctonia_90,MISSING_LABEL,,No label file
Leaf_Rhizoctonia_Leaf_Rhizoctonia_91,MISSING_LABEL,,No label file
Leaf_Rhizoctonia_Leaf_Rhizoctonia_92,MISSING_LABEL,,No label file
Leaf_Rhizoctonia_Leaf_Rhizoctonia_93,MISSING_LABEL,,No label file
Leaf_Rhizoctonia_Leaf_Rhizoctonia_94,MISSING_LABEL,,No label file
Leaf_Rhizoctonia_Leaf_Rhizoctonia_95,VALID,,
Leaf_Rhizoctonia_Leaf_Rhizoctonia_96,VALID,,
Leaf_Rhizoctonia_Leaf_Rhizoctonia_97,MISSING_LABEL,,No label file
Leaf_Rhizoctonia_Leaf_Rhizoctonia_98,MISSING_LABEL,,No label file
Leaf_Rhizoctonia_Leaf_Rhizoctonia_99,MISSING_LABEL,,No label file
